Complaint: Complaint Number,Workload Category,Investigation Classification,Complaint: AI Review Complete,Complaint: Product Summary,Assigned To,Assigned to Group,Complaint: Customer Letter Required by Customer?,Complaint: Customer Letter Attached?,Complaint: Customer Letter Sent Date,Complaint: Additional Info Requested by Regulator,Complaint: Do Not Contact,Complaint: Rationale for Not Contacting,Complaint: Date Received by Intake Team,Complaint: Report Source,Complaint: Report Source (Other),Complaint: Date of Awareness,Complaint: Aging from Date of Awareness,Complaint: Initiation Date,Complaint: Communication Channel,Complaint: Date of Event,Complaint: Date of Event Unknown,Complaint: Language,Complaint: Country of Occurrence,Complaint: Source System Name,Complaint: Primary Source System Name,Complaint: Primary Source System Reference Number,Complaint: Source System Reference Number,Complaint: Model Number from Source,Complaint: Item Code from Source,Regional Complaint Handling Center,Complaint: Repair Center,Complaint: US MDR Type of Reportable Event,Event Description,Complaint: Event Description Local Language,Complaint: Additional Information,Complaint: Reporter First Name,Complaint: Reporter Last Name,Complaint: Reporter Middle Name,Complaint: Reporter Phone,Complaint: Reporter Fax Number,Complaint: Reporter Email,Complaint: Reporter is Healthcare Professional?,Complaint: Reporter Occupation,Complaint: Reporter Street Address Line 1,Complaint: Reporter Street Address Line 2,Complaint: Reporter City,Complaint: Reporter City from Source,Complaint: Reporter Zip Code,Complaint: Reporter Zip Code Extension,Complaint: Reporter Postal Code,Complaint: Reporter State/Province/Region,Complaint: Reporter Country,Complaint: zInitial Reporter,Complaint: Initial reporter also sent report to FDA,Complaint: Reporter Country Code,Complaint: Customer Name,Complaint: Customer Address,Complaint: Due Diligence Contact First Name,Complaint: Due Diligence Contact Middle Name,Complaint: Due Diligence Contact Phone,Complaint: Due Diligence Contact Email,Complaint: Due Diligence Contact Last Name,Complaint: Best time to Contact D.D. Contact?,Complaint: Due Diligence Contact Title,Complaint: Due Diligence Contact Occupation,Complaint: D.D. Contact is Health Professional?,Complaint: Device Operator,Complaint: Operator of Device - Other,Complaint: Procedure Date,Complaint: Procedure Name,Complaint: Procedure Outcome,Complaint: Procedure Type,Complaint: Patient Outcome,Complaint: When during Procedure did event occur?,Complaint: Event Occurred At,Product,Complaint: Item Code,Complaint: Product Family,Product Model Number,Complaint: Model Number,Complaint: Reporting Site Country,Complaint: Product Coding Group,Complaint: Reporting Site Address,Complaint: UDI,Manufacturing Date,Complaint: Manufacture Date,Complaint: Reporting Site,Complaint: Site of Manufacture,Complaint: Legal Manufacturer,Complaint: Implant Date,Expiration Date,Complaint: Expiration Date,Complaint: Explant Date,Complaint: Software Version,Complaint: Install Date,Product Lot / Serial Number,Complaint: zProduct Lot / Serial Number,Complaint: Product Lot/Serial Number Unknown,Complaint: Product Lot / Serial Number,Complaint: Asset Flag,Complaint: Usage of Device,Complaint: Qty Affected,Complaint: Were other devices involved in event?,Complaint: Is this a recycled single-use device?,Complaint: Was device serviced by third party?,Complaint: Device Type,Complaint: RSS Family,Complaint: Device available for evaluation?,Complaint: Date Return Requested,Product Return Expected,Product Returned Date,Complaint: Storage Location,Complaint: Product Return Status,Complaint: Tracking Number,Complaint: Was there a Death?,Complaint: Was the procedure prolonged...,Complaint: Any (suspected) patient infection?,Complaint: Culture Test Positive,Complaint: Escalated as Inq. by Source System User,Complaint: Business,Complaint: Related Inquiry,Complaint: Original Complaint,QMS Record Type,Complaint: QMS Record Type,Complaint: Source Complaint,Complaint: Parent Complaint,Investigation Summary,Complaint: AI Codes,Complaint: AR Codes,Complaint: Has Health Effect Codes,Product Analysis,Complaint: Assigned To,Regional Investigation Center,Labeling Review,DHR Review,Risk Review,Complaint / CAPA History Review,Escalation Determination,Complaint: Investigation Summary,Investigation Summary Local Language,Investigation: Investigation Number,Complaint: Complaint Codes - Patient,Complaint: Complaint Codes - Investigation,Complaint: Complaint Codes - Device,Complaint: Complaint Codes
CN-980912,,Pathway 2,1,"Surg, En: VC-10 |  VC-10 (VC10 PUMP, 115V)",Rajagopal Murugesan,,No,No,,0,0,,,Health Professional; User Facility,,7/21/2026,,7/21/2026,Email,7/17/2026,0,English,United States,OCA-SAP-SFDC,OCA-SAP-SFDC,OCA-SAP-SFDC Ref 20260721-3343581,20260721-3343581,VC-10,VC-10,Americas,,Not Reportable,"21 JUL 2026 09:57 ? CARL SIEGEL (TAC): The Reporter Contact/DEAN OBERT, BIOMED called in to report the following phenomenon: On 7/17/2026 during inspection for use (before a patient was in the room), it was discovered that VC-10 | NK23633611 rear caster is not moving well anymore. Dean stated that when he inspected the caster he discovered plastic chunks are falling out of the inside of the caster. I asked Dean, but he was unsure if it was the left or rear caster that is broken. - Was there a death was asked, but not known by the Reporter Contact. - Any patient infection (suspected) was asked, but not known by the Reporter Contact. - Resulted in a positive culture test was asked, but not known by the Reporter Contact. The Reporter Contact listed himself as the follow-up contact for this complaint.","21 JUL 2026 09:57  ? CARL SIEGEL (TAC): :
 The Reporter Contact/DEAN OBERT, BIOMED called in to report the following phenomenon : 
On 17 JULY 2026 during Inspection for use (before a patient was in the room), it was discovered that VC-10 | NK23633611 REAR CASTOR IS MOVING WELL ANYMORE.
Dean stated when he inspected the castor he discovered plastic chunks are falling out of the inside of the castor. 
I asked Dean, but he was unsure if it was the left or rear castor that is broken.
- Was there a Death was asked, but not known by The Reporter Contact. 
- Any patient infection (suspected) was asked, but not known by The Reporter Contact. 
- Resulted in a positive culture test was asked, but not known by The Reporter Contact. 
The Reporter Contact listed himself as the follow-up contact for this complaint.",,DEAN,OBERT,,+1 417-298-4150,,dean.obert@citizensmemorial.com,Y,Biomedical Engineer,1555 N OAKLAND AVE,,BOLIVAR,,65613,3012,,MO,United States,,,USA,CITIZENS MEM L HOSPITAL,1555 N OAKLAND AVE BOLIVAR Missouri 65613-3012 United States,DEAN,,+1 417-298-4150,dean.obert@citizensmemorial.com,OBERT,,,Biomedical Engineer,Y,Health Professional,,,NA,NA,NA,None,NA,During set up / Inspection for use (during set up in room / before patient in room),"<a href=""/a0o68000003Z3mk"" target=""_blank"">VC-10</a>",VC-10,"Surg, En",VC-10,VC-10,USA,OCPA004,"9600 Louisiana Avenue North, Brooklyn Park, <a href=""/a1S68000005mGDd"" target=""_blank"">Minnesota</a>, 55445",8.21925E+11,,,"<a href=""/a4668000000Aidx"" target=""_blank"">Gyrus ACMI, Inc.</a>","NISSHA MEDICAL TECHNOLOGIES (OHIO), INC.","Gyrus ACMI, Inc.",,,,,,,NK23633611,,0,NK23633611,0,Reuse,1,No,No,No,Re-Use,OSTA Capital and Accessories,No,,No,,,,,Asked but unknown,NA,Asked but unknown,Asked but unknown,0,,INQ-1121403,,,,,,"The product was not returned to Olympus for inspection; however, technical assistance center (TAC) provided remote troubleshooting and rear caster is not moving well anymore. Dean stated that when he inspected the caster he discovered plastic chunks are falling out of the inside of the caster. I asked Dean, but he was unsure if it was the left or rear caster that is broken.

Troubleshooting was able to resolve the reported allegation.

The investigation will be performed based on the available information.

This complaint is not associated with a packaging issue, an incorrect labeling issue, a breach of sterile barrier packaging issue or traced to prior repair activities. Therefore, DHR review is not required.

No indication of potential user error or complaint against the IFU/label has been received. Therefore, labeling review for this complaint is not required.

Historical complaints for rear caster is not moving well anymore, caster he discovered plastic chunks are falling out of the inside of the caster, left or rear caster is broken have been previously reported and investigated. This indicates that no unanticipated risks, new failure modes, or additional harms have been identified.

A complaint history review of the last 12 months of complaints [11 Aug 2025 to 10 Aug 2026] was performed for rear caster is not moving well anymore, caster he discovered plastic chunks are falling out of the inside of the caster, left or rear caster is broken and no trends were identified.

A CAPA History Review was performed for rear caster is not moving well anymore, caster he discovered plastic chunks are falling out of the inside of the caster, left or rear caster is broken and no related CAPAs were found.

The complaint was confirmed. the device has rear caster is not moving well anymore, caster he discovered plastic chunks are falling out of the inside of the caster, left or rear caster is broken. The most probable cause of the complaint is D02 - Cause Traced to Component Failure, Expected or random component failure without any design or manufacturing issue.

No further escalation is required.",A0401 | G04022 | C0706 | D02;A05 | G04022 | C0706 | D02;A0501 | G04037 | C0601 | D02;,A0401 | G04022;A05 | G04022;A0501 | G04037;,1,"The product was not returned to Olympus for inspection; however, technical assistance center (TAC) provided remote troubleshooting and rear caster is not moving well anymore. Dean stated that when he inspected the caster he discovered plastic chunks are falling out of the inside of the caster. I asked Dean, but he was unsure if it was the left or rear caster that is broken. 

Troubleshooting was able to resolve the reported allegation.

The investigation will be performed based on the available information.",Aarthi J,San Jose,"No indication of potential user error or complaint against the IFU/label has been received. Therefore, labeling review for this complaint is not required.","This complaint is not associated with a packaging issue, an incorrect labeling issue, a breach of sterile barrier packaging issue or traced to prior repair activities. Therefore, DHR review is not required.","Historical complaints for rear caster is not moving well anymore, caster he discovered plastic chunks are falling out of the inside of the caster, left or rear caster is broken have been previously reported and investigated. This indicates that no unanticipated risks, new failure modes, or additional harms have been identified.","A complaint history review of the last 12 months of complaints [11 Aug 2025 to 10 Aug 2026] was performed for rear caster is not moving well anymore, caster he discovered plastic chunks are falling out of the inside of the caster, left or rear caster is broken and no trends were identified.

A CAPA History Review was performed for rear caster is not moving well anymore, caster he discovered plastic chunks are falling out of the inside of the caster, left or rear caster is broken and no related CAPAs were found.","The investigation did not identify any nonconformances or issues related to this complaint that require further action; therefore, no escalation is necessary.","The product was not returned to Olympus for inspection; however, technical assistance center (TAC) provided remote troubleshooting and rear caster is not moving well anymore. Dean stated that when he inspected the caster he discovered plastic chunks are falling out of the inside of the caster. I asked Dean, but he was unsure if it was the left or rear caster that is broken.

Troubleshooting was able to resolve the reported allegation.

The investigation will be performed based on the available information.

This complaint is not associated with a packaging issue, an incorrect labeling issue, a breach of sterile barrier packaging issue or traced to prior repair activities. Therefore, DHR review is not required.

No indication of potential user error or complaint against the IFU/label has been received. Therefore, labeling review for this complaint is not required.

Historical complaints for rear caster is not moving well anymore, caster he discovered plastic chunks are falling out of the inside of the caster, left or rear caster is broken have been previously reported and investigated. This indicates that no unanticipated risks, new failure modes, or additional harms have been identified.

A complaint history review of the last 12 months of complaints [11 Aug 2025 to 10 Aug 2026] was performed for rear caster is not moving well anymore, caster he discovered plastic chunks are falling out of the inside of the caster, left or rear caster is broken and no trends were identified.

A CAPA History Review was performed for rear caster is not moving well anymore, caster he discovered plastic chunks are falling out of the inside of the caster, left or rear caster is broken and no related CAPAs were found.

The complaint was confirmed. the device has rear caster is not moving well anymore, caster he discovered plastic chunks are falling out of the inside of the caster, left or rear caster is broken. The most probable cause of the complaint is D02 - Cause Traced to Component Failure, Expected or random component failure without any design or manufacturing issue.

No further escalation is required.",,INV-939963,"E2403 - No Clinical Signs, Symptoms or Conditions;F2601 - Problem identified before clinical use/exposure;",;B11 - Historical Data Analysis;B15 - Analysis of Information Provided by User/Third Party;B17 - Device Not Returned;,A0401 - Break;G04022 - Caster;A05 - Mechanical Problem;A0501 - Detachment of Device or Device Component;G04037 - Cover;,"A0401 - Break;G04022 - Caster;A05 - Mechanical Problem;A0501 - Detachment of Device or Device Component;G04037 - Cover;C0706 - Stress Problem Identified;D02 - Cause Traced to Component Failure;C0601 - Degradation Problem Identified;E2403 - No Clinical Signs, Symptoms or Conditions;F2601 - Problem identified before clinical use/exposure;B11 - Historical Data Analysis;B15 - Analysis of Information Provided by User/Third Party;B17 - Device Not Returned;"
CN-980966,,Pathway 2,1,CDS: OER-Pro |  N3058140 (ENDOSCOPE REPROCESSOR),Mohiddin Shaik,,No,No,,0,0,,,Health Professional; User Facility,,7/21/2026,,7/21/2026,,7/20/2026,0,English,United States,OCA-SAP-SFDC,OCA-SAP-SFDC,OCA-SAP-SFDC Ref 20260721-3343692,20260721-3343692,OER-PRO,N3058140,Americas,,Not Reportable,"21 JUL 2026 James O'Neill (TAC): 
Biomed  William Swisher called to report OER-Pro  2633114    has Errors    E16  and E72  and is requesting Dispatch for Repair
I offered To troubleshoot the issue   and he stated they  are short on staff   So he is requesting  an Quote for dispatch
William Not in  front of unit To provide Cycle Count
---------------------------
22 JUL 2026 James O'Neill (TAC): 
PO  114500079235 Received  --  attached to Case --  Work order Updated

22 JUL 2026 -Mario Lara- FSE: Ordered parts and will reach out for scheduling when parts are in hand.

27 JUL 2026 -Mario Lara- FSE: Investigation found the disinfectant pump was not operational, I replaced the disinfectant pump. I Performed repair per OER-Pro Technical Guide. I verified repair procedure by completing one cycle with no issues.  I successfully completed and attached OER-Pro Service and Repair Checklist. Electrical Safety Test was completed and is attached to this case.  Service record was provided to customer.","21 JUL 2026 James O'Neill (TAC): 
Biomed  William Swisher called to report OER-Pro  2633114    has Errors    E16  and E72  and is requesting Dispatch for Repair
I offered To troubleshoot the issue   and he stated they  are short on staff   So he is requesting  an Quote for dispatch
William Not in  front of unit To provide Cycle Count
---------------------------
22 JUL 2026 James O'Neill (TAC): 
PO  114500079235 Received  --  attached to Case --  Work order Updated

22 JUL 2026 -Mario Lara- FSE: Ordered parts and will reach out for scheduling when parts are in hand.

27 JUL 2026 -Mario Lara- FSE: Investigation found the disinfectant pump was not operational, I replaced the disinfectant pump. I Performed repair per OER-Pro Technical Guide. I verified repair procedure by completing one cycle with no issues.  I successfully completed and attached OER-Pro Service and Repair Checklist. Electrical Safety Test was completed and is attached to this case.  Service record was provided to customer.","21 JUL 2026 James O'Neill (TAC): 
Ship to address Verified as actual Location of equipment 
Verified   William swisher Email and phone number
Quote created and emailed  to customer   
Waiting for PO

22 JUL 2026 Melissa Tabala (FS) Dispatched FSE Mario Lara

27 JUL 2026 -Mario Lara- FSE: I cannot close case until I can cancel the one part that didn't show up with the rest.

28 JUL 2026 Brad Decker (SQ), Reopened case for Mario Lara: I need a part removed from RMA RLOI-0006 RU857400 so it is correct because the part was never sent out and I did the RMA before I caught that. There was no other drop down on concierge desk so I used this one.

28 JUL 2026 Mario Lara FSE: Made corrections to RMA and closed., Updated Software Version: 3.06, Updated Patch Number: N/A, Updated Operating System: N/A",William,Swisher,,260-435-7414,(219) 497-8643,w.swisher@lhn.net,Y,Biomedical Engineer,7950 W JEFFERSON BLVD,,FORT WAYNE,,46804,4140,,IN,United States,,No,USA,IOM HEALTH SYSTEM L P,7950 W JEFFERSON BLVD FORT WAYNE Indiana 46804-4140 United States,William,,260-435-7414,w.swisher@lhn.net,Swisher,,,Biomedical Engineer,Y,Health Professional,,,NA,NA,NA,None,NA,Reprocessing,"<a href=""/a0o68000003YzcG"" target=""_blank"">OER-Pro</a>",N3058140,CDS,OER-Pro,OER-Pro,JPN,RPSR011,"3-1-1 Niiderakita, AIZUWAKAMATSU-SHI, Fukushima, <a href=""/"" target=""_blank""> </a>",4.95317E+12,,,"<a href=""/a4668000000AidX"" target=""_blank"">AIZU OLYMPUS CO., LTD.</a>",Aizu,Olympus Medical Systems Corp.,,,,,,,2633114,,0,2633114,0,Unknown,1,No,No,No,Re-Use,Reprocessor,Yes,,No,,,,,No,NA,No,No,0,,INQ-1121458,,,,,,"The product was not returned to Olympus for inspection; however, a field service engineer (FSE) was dispatched to customer site and Errors E16 and E72.

This complaint is not associated with a packaging issue, an incorrect labeling issue, a breach of sterile barrier packaging issue or traced to prior repair activities. Therefore, DHR review is not required.

No indication of potential user error or complaint against the IFU/label has been received. Therefore, labeling review for this complaint is not required.

Historical complaints for
1. Errors E16 and E72 have been previously reported and investigated. This indicates that no unanticipated risks, new failure modes, or additional harms have been identified.

A complaint history review of the last 12 months of complaints 6 AUG 2025 TO 5 AUG 2026 was performed for
1. Errors E16 and E72 and no trends were identified.

A CAPA History Review was performed for
1. Errors E16 and E72 and no related CAPAs were found.

The complaint was confirmed; the device has Errors E16 and E72. The most probable cause of the complaint is D02 - Cause Traced to Component Failure Expected or random component failure without any design or manufacturing issue.

No further escalation is required.",A1403 | G04105 | C0601 | D02;A1408 | G04110 | C0601 | D02;,A1403 | G04105;,1,"The product was not returned to Olympus for inspection; however, a field service engineer (FSE) was dispatched to customer site and Errors E16 and E72.

The complaint [was] confirmed.

The investigation will be performed based on the available information.",Vipin Mekala,Bartlett,"No indication of potential user error or complaint against the IFU/label has been received. Therefore, labeling review for this complaint is not required.","This complaint is not associated with a packaging issue, an incorrect labeling issue, a breach of sterile barrier packaging issue or traced to prior repair activities. Therefore, DHR review is not required.","Historical complaints for
1. Errors E16 and E72 have been previously reported and investigated. This indicates that no unanticipated risks, new failure modes, or additional harms have been identified.","A complaint history review of the last 12 months of complaints 6 AUG 2025 TO 5 AUG 2026 was performed for
1. Errors E16 and E72 and no trends were identified.

A CAPA History Review was performed for
1. Errors E16 and E72 and no related CAPAs were found.","The investigation did not identify any nonconformances or issues related to this complaint that require further action; therefore, no escalation is necessary.","The product was not returned to Olympus for inspection; however, a field service engineer (FSE) was dispatched to customer site and Errors E16 and E72.

This complaint is not associated with a packaging issue, an incorrect labeling issue, a breach of sterile barrier packaging issue or traced to prior repair activities. Therefore, DHR review is not required.

No indication of potential user error or complaint against the IFU/label has been received. Therefore, labeling review for this complaint is not required.

Historical complaints for
1. Errors E16 and E72 have been previously reported and investigated. This indicates that no unanticipated risks, new failure modes, or additional harms have been identified.

A complaint history review of the last 12 months of complaints 6 AUG 2025 TO 5 AUG 2026 was performed for
1. Errors E16 and E72 and no trends were identified.

A CAPA History Review was performed for
1. Errors E16 and E72 and no related CAPAs were found.

The complaint was confirmed; the device has Errors E16 and E72. The most probable cause of the complaint is D02 - Cause Traced to Component Failure Expected or random component failure without any design or manufacturing issue.

No further escalation is required.",,INV-942529,F27 - Problem identified during non-clinical procedure.;E2401 - Insufficient Information;,;D02 - Cause Traced to Component Failure;B11 - Historical Data Analysis;B01 - Testing of Actual/Suspected Device;B17 - Device Not Returned;,A1403 - Filling Problem;G04105 - Pump;A1408 - No Flow;G04110 - Reservoir;,A1403 - Filling Problem;G04105 - Pump;C0601 - Degradation Problem Identified;D02 - Cause Traced to Component Failure;A1408 - No Flow;G04110 - Reservoir;F27 - Problem identified during non-clinical procedure.;E2401 - Insufficient Information;B11 - Historical Data Analysis;B01 - Testing of Actual/Suspected Device;B17 - Device Not Returned;
CN-981251,,Pathway 2,1,Generators: EMP-H65S |  EMP-H65S (EMPOWER H65W HOLMIUM LASEER SYSTEM),Madhavan Manne,,No,No,,0,0,,,Health Professional; User Facility,,7/21/2026,,7/21/2026,,7/17/2026,0,English,United States,OCA-SAP-SFDC,OCA-SAP-SFDC,OCA-SAP-SFDC Ref 20260721-3344390,20260721-3344390,EMP-H65S,R5000716,Americas,,Not Reportable,"21 JUL 2026 - PHUONG V. NGUYEN (TAC)
Rey Chan, 702-285-8072,  Administrator/Supervisor, called to report the following phenomenon.  EMP-H65S.  The user reported to Rey that the Screen is fuzzy.
The serial number here is the one in the installed based. He will double-check the serial number and call back.","21 JUL 2026 - PHUONG V. NGUYEN (TAC)
Rey Chan, 702-285-8072,  Administrator/Supervisor, called to report the following phenomenon.  EMP-H65S.  The user reported to Rey that the Screen is fuzzy.
The serial number here is the one in the installed based. He will double-check the serial number and call back.","Software Version: null, Patch Number: null, Operating System: null, Firmware Version: null",Rey,Chan,,+1 702-285-8072,,rey.chan@agilitihealth.com,Y,Biomedical Engineer,7061 W ARBY AVE,,LAS VEGAS,,89113,,,NV,United States,,No,USA,AGILITI HEALTH INC,7061 W ARBY AVE LAS VEGAS Nevada 89113 United States,Rey,,+1 702-285-8072,rey.chan@agilitihealth.com,Chan,,,Biomedical Engineer,Y,Health Professional,,,NA,NA,NA,No Serious Injury/No Adverse Patient Effects,NA,During set up / Inspection for use (during set up in room / before patient in room),"<a href=""/a0o68000003YzJk"" target=""_blank"">EMP-H65S</a>",EMP-H65S,Generators,EMP-H65S,EMP-H65S,ITA,No Reference,"VIA ACQUEDOTTO 109, SAMARATE, VARESE, <a href=""/"" target=""_blank""> </a>",8.05917E+12,,,"<a href=""/a46aa00000027OP"" target=""_blank"">QUANTA SYSTEM SPA</a>",SOLBIATE OLONA,QUANTA SYSTEM SPA,,,,,,,LHT1502-0719,,0,LHT1502-0719,0,Unknown,1,No,No,No,Re-Use,Miscellaneous,No,,No,,,,,No,No,No,No,0,,INQ-1121718,,,,,,"The complaint was reported because the Screen is fuzzy.

The product was not returned to Olympus for inspection; however, technical assistance center (TAC) provided remote troubleshooting and the user reported to Rey that the Screen is fuzzy.
The investigation will be performed based on the available information.

This complaint is not associated with a packaging issue, an incorrect labeling issue, a breach of sterile barrier packaging issue or traced to prior repair activities. Therefore, DHR review is not required.

No indication of potential user error or complaint against the IFU/label has been received. Therefore, labeling review for this complaint is not required.

A risk review was performed, and no unanticipated failures or harms were identified.

A historical review of the last 12 months of complaints was performed and no trends were identified. 

A CAPA History Review was performed and no related CAPAs were found.

This is a TAC complaint; Troubleshooting was not able to resolve the reported allegation. The most probable cause of the complaint is D15 - Cause not Established: The investigation findings do not lead to a clear conclusion about the cause of the reported adverse event.

No further escalation is required.",A090208 | G0201402 | C19 | D15;,A090208 | G0201402;,1,"The product was not returned to Olympus for inspection; however, technical assistance center (TAC) provided remote troubleshooting and the user reported to Rey that the Screen is fuzzy.

Troubleshooting was not able to resolve the reported allegation.

The investigation will be performed based on the available information.",Viharika Palakurthi,San Jose,"No indication of potential user error or complaint against the IFU/label has been received. Therefore, labeling review for this complaint is not required.","This complaint is not associated with a packaging issue, an incorrect labeling issue, a breach of sterile barrier packaging issue or traced to prior repair activities. Therefore, DHR review is not required.","A risk review was performed for [1. Screen is fuzzy. (A090208 - Poor Quality Image)] based on historical data of the last 12 months [07/31/2025 - 07/30/2026] and no unanticipated risks, new failures, and/or new harms were identified.","A complaint history review of the last 12 months of complaints [07/31/2025 - 07/30/2026] was performed for [1. Screen is fuzzy. (A090208 - Poor Quality Image)] and no trends were identified. 

A CAPA History Review was performed for [1. Screen is fuzzy. (A090208 - Poor Quality Image)] and no related CAPAs were found.","The investigation did not identify any nonconformances or issues related to this complaint that require further action; therefore, no escalation is necessary.","The complaint was reported because the Screen is fuzzy.

The product was not returned to Olympus for inspection; however, technical assistance center (TAC) provided remote troubleshooting and the user reported to Rey that the Screen is fuzzy.
The investigation will be performed based on the available information.

This complaint is not associated with a packaging issue, an incorrect labeling issue, a breach of sterile barrier packaging issue or traced to prior repair activities. Therefore, DHR review is not required.

No indication of potential user error or complaint against the IFU/label has been received. Therefore, labeling review for this complaint is not required.

A risk review was performed, and no unanticipated failures or harms were identified.

A historical review of the last 12 months of complaints was performed and no trends were identified. 

A CAPA History Review was performed and no related CAPAs were found.

This is a TAC complaint; Troubleshooting was not able to resolve the reported allegation. The most probable cause of the complaint is D15 - Cause not Established: The investigation findings do not lead to a clear conclusion about the cause of the reported adverse event.

No further escalation is required.",,INV-940337,"E2403 - No Clinical Signs, Symptoms or Conditions;F2601 - Problem identified before clinical use/exposure;",;D15 - Cause Not Established;B11 - Historical Data Analysis;B15 - Analysis of Information Provided by User/Third Party;B17 - Device Not Returned;,A090208 - Poor Quality Image;G0201402 - Screen;,"A090208 - Poor Quality Image;G0201402 - Screen;C19 - No Device Problem Found;D15 - Cause Not Established;E2403 - No Clinical Signs, Symptoms or Conditions;F2601 - Problem identified before clinical use/exposure;B11 - Historical Data Analysis;B15 - Analysis of Information Provided by User/Third Party;B17 - Device Not Returned;"
CN-981419,,Pathway 2,1,CDS: OER-MINI |  N3831240 (ENDOSCOPE REPROCESSOR),Ameer Shaik,,No,No,,0,0,,,Health Professional; User Facility,,7/21/2026,,7/21/2026,Email,7/21/2026,0,English,United States,OCA-SAP-SFDC,OCA-SAP-SFDC,OCA-SAP-SFDC Ref 20260721-3344964,20260721-3344964,OER-MINI,N3831240,Americas,,Not Reportable,"21 JUL 2026 16:00  ? CARL SIEGEL (TAC): The Reporter Contact/GENE CAIN, DIRECTOR OF BIOMED called in to report the following phenomenon : 
On 21 JULY 2026 while running a reprocessing cycle, it was discovered OER-MINI | 2900073 WATER IS POURING SOMEWHERE OUT OF THIS UNIT.
Gene was not in front of the unit to tell me if any error codes are populating. 
I emailed the Reporter Contact this Case # for tracking purposes and the OER-Mini Instruction Manual.pdf 
The Reporter Contact was not in front of the problematic equipment during our call.
I  advised Gene to have the staff check for leaks coming from the water supply hose running into the unit, check to see if maybe the lid is overflowing, and I also suggested closing the water supply to only 1/8 open to see if he can detect the where the leak is coming from while running another test cycle. 
I advised Gene to also find out if any error codes are populating. 
The Reporter Contact stated someone will get in front of the equipment, try my suggestions, then contact our Technical Support Team back with the end result and/or for further assistance.
* Waiting for Customer to Contact

21 JUL 2026 Ralph Zito TAC ? 
Medical Assistant Morgan Austin 318-214-5810 calls to verify that fluid is leaking steadily from the interior of OER-MINI | 2900073. The fluid leak is dripping down the Back Panel. The quantity of fluid was large. They closed the Incoming Water Shut Off Valve and the leak did not continue. The Water Supply Hoses and Drain Hose are not leaking. OER-MINI | 2900073 displayed Error Codes E11 and E15. 
The Facility requests FSE Visit.

23 JUL 2026 10:38  ? CARL SIEGEL (TAC): 
The Reporter Contact/GENE CAIN, DIRECTOR OF BIOMED called back in reporting the following information. 
Wrench icon (PM indicator) is displaying.
Gene stated Error codes E11 and E15 are populating.
* ERROR E11 - There is too much disinfectant solution in the disinfectant solution tank.
* ERROR E15 - Fluid level sensor malfunctions

The leak of liquid is located at the bottom on the rear panel of the OER-Mini.
From what Gene is describing it sounds like the leak could be coming from the drain hose connector. 
Using the OER-Mini IFU and the TECHNICAL GUIDE ENDOSCOPE REPROCESSOR OER-Mini, I provided Gene with a replacement item # GJ853400 (Drain hose) and replacement item # GC416500 (Water supply hose 1).
I advised Gene if he discovers the issue is with the drain hose, a replacement drain hose can be ordered through our Customer Care Dept. 
I advised Gene if he discovers the issue is with Water supply hose 1, replacement water supply  hose 1 can be ordered through our Customer Care Dept. 
Gene stated he visited on-site 21 JUL 2026. Gene explained he ran 4 complete cycles, and 5 complete rinse cycles and had no issues with the unit leaking. Gen also stated he could not recreate the 2 errors that were originally reported.
Gene was not in front of the unit to confirm which port the leak is coming from or to troubleshoot further. 
Gene is going to check back with the staff to see if any of the errors or issues have repopulated since he visited on-site on 21 July 2026. 
* Awaiting Gene's response.","21 JUL 2026 16:00  ? CARL SIEGEL (TAC): The Reporter Contact/GENE CAIN, DIRECTOR OF BIOMED called in to report the following phenomenon : 
On 21 JULY 2026 while running a reprocessing cycle, it was discovered OER-MINI | 2900073 WATER IS POURING SOMEWHERE OUT OF THIS UNIT.
Gene was not in front of the unit to tell me if any error codes are populating. 
I emailed the Reporter Contact this Case # for tracking purposes and the OER-Mini Instruction Manual.pdf 
The Reporter Contact was not in front of the problematic equipment during our call.
I  advised Gene to have the staff check for leaks coming from the water supply hose running into the unit, check to see if maybe the lid is overflowing, and I also suggested closing the water supply to only 1/8 open to see if he can detect the where the leak is coming from while running another test cycle. 
I advised Gene to also find out if any error codes are populating. 
The Reporter Contact stated someone will get in front of the equipment, try my suggestions, then contact our Technical Support Team back with the end result and/or for further assistance.
* Waiting for Customer to Contact

21 JUL 2026 Ralph Zito TAC ? 
Medical Assistant Morgan Austin 318-214-5810 calls to verify that fluid is leaking steadily from the interior of OER-MINI | 2900073. The fluid leak is dripping down the Back Panel. The quantity of fluid was large. They closed the Incoming Water Shut Off Valve and the leak did not continue. The Water Supply Hoses and Drain Hose are not leaking. OER-MINI | 2900073 displayed Error Codes E11 and E15. 
The Facility requests FSE Visit.

23 JUL 2026 10:38  ? CARL SIEGEL (TAC): 
The Reporter Contact/GENE CAIN, DIRECTOR OF BIOMED called back in reporting the following information. 
Wrench icon (PM indicator) is displaying.
Gene stated Error codes E11 and E15 are populating.
* ERROR E11 - There is too much disinfectant solution in the disinfectant solution tank.
* ERROR E15 - Fluid level sensor malfunctions

The leak of liquid is located at the bottom on the rear panel of the OER-Mini.
From what Gene is describing it sounds like the leak could be coming from the drain hose connector. 
Using the OER-Mini IFU and the TECHNICAL GUIDE ENDOSCOPE REPROCESSOR OER-Mini, I provided Gene with a replacement item # GJ853400 (Drain hose) and replacement item # GC416500 (Water supply hose 1).
I advised Gene if he discovers the issue is with the drain hose, a replacement drain hose can be ordered through our Customer Care Dept. 
I advised Gene if he discovers the issue is with Water supply hose 1, replacement water supply  hose 1 can be ordered through our Customer Care Dept. 
Gene stated he visited on-site 21 JUL 2026. Gene explained he ran 4 complete cycles, and 5 complete rinse cycles and had no issues with the unit leaking. Gen also stated he could not recreate the 2 errors that were originally reported.
Gene was not in front of the unit to confirm which port the leak is coming from or to troubleshoot further. 
Gene is going to check back with the staff to see if any of the errors or issues have repopulated since he visited on-site on 21 July 2026. 
* Awaiting Gene's response.","21 JUL 2026 16:23  ? CARL SIEGEL (TAC): Reporter Contact was not in front of the unit to provide the OER Cycle Count.

21 JUL 2026 Ralph Zito TAC ? 
Service Contact Gene Cain requests OER-MINI | 2900073 Repair 
I verified Service Contact Phone and Email Address.

Last Ship Date 11 OCT 2019. Install Date Unknown.
Customer can?t supply the Total Cycle Count and Software Version.

Full Service Contract applies.

*No ?recommended? parts at this time. Teardown needed. 

Verified Ship-To: 
647 BIENVILLE CIRCLE
NATCHITOCHES LA 71457 Attn: Gene Cain

21 JUL 2026 - Magdelyn Guerrero (FS) Assigned TAC to update Service Type to Repair and create a new Work Order.

21 JUL 2026 Ralph Zito TAC ? 
Updated Service Type to Repair and created a new Work Order.

21 JUL 2026 Lewis Holiday (FS): Dispatched FSE Jonathan Ransbottom

23 JUL 2026 10:58  ? CARL SIEGEL (TAC): Reporter Contact was not in front of the unit to provide the OER Cycle Count.
Cross Reference Case # 20260723-3348586 - OER-MINI | 2900073 PM # 5 REQUEST, Software Version: null, Patch Number: null, Operating System: null, Firmware Version: null",GENE,CAIN,,+1(318)332-8725,,gene.cain@intelashealth.com,Y,Biomedical Engineer,501 KEYSER AVE,,NATCHITOCHES,,71457,6036,,LA,United States,,No,USA,NATCHITOCHES PARISH HOSPITAL,501 KEYSER AVE NATCHITOCHES Louisiana 71457-6036 United States,GENE,,+1(318)332-8725,gene.cain@intelashealth.com,CAIN,,,Biomedical Engineer,Y,Health Professional,,,NA,NA,NA,None,NA,Reprocessing,"<a href=""/a0o68000003YzcE"" target=""_blank"">OER-MINI</a>",N3831240,CDS,OER-MINI,OER-MINI,JPN,RPSR010,"3-1-1 Niiderakita, AIZUWAKAMATSU-SHI, Fukushima, <a href=""/"" target=""_blank""> </a>",4.95317E+12,,,"<a href=""/a4668000000AidX"" target=""_blank"">AIZU OLYMPUS CO., LTD.</a>",Aizu,Olympus Medical Systems Corp.,,,,,,,2900073,,0,2900073,0,Reuse,1,No,No,No,Re-Use,Reprocessor,No,,No,,,,,No,NA,No,No,0,,INQ-1122249,,,,,,"The product was not returned to Olympus for inspection; however, technical assistance center (TAC) provided remote troubleshooting and [leak could be coming from the drain hose connector, lid is overflowing, displayed Error Codes E11 and E15, issue is with Water supply hose 1].

Troubleshooting was not able to resolve the reported allegation.

The investigation will be performed based on the available information.

This complaint is not associated with a packaging issue, an incorrect labeling issue, a breach of sterile barrier packaging issue or traced to prior repair activities. Therefore, DHR review is not required.

No indication of potential user error or complaint against the IFU/label has been received. Therefore, labeling review for this complaint is not required.

Historical complaints for [leak could be coming from the drain hose connector, lid is overflowing, displayed Error Codes E11 and E15, issue is with Water supply hose 1] have been previously reported and investigated. This indicates that no unanticipated risks, new failure modes, or additional harms have been identified.

A complaint history review of the last 12 months of complaints [11-August-2025 to 10-August-2026] was performed for [leak could be coming from the drain hose connector, lid is overflowing, displayed Error Codes E11 and E15, issue is with Water supply hose 1] and no trends were identified.

A CAPA History Review was performed for [leak could be coming from the drain hose connector, lid is overflowing, displayed Error Codes E11 and E15, issue is with Water supply hose 1] and no related CAPAs were found

The complaint was not confirmed; The device was not returned. The most probable cause of the complaint is D15 - Cause Not Established The investigation findings do not lead to a clear conclusion about the cause of the reported adverse event.

No further escalation is required.",A050402 | G04034 | C19 | D15;A140302 | G04037 | C19 | D15;A0405 | G03012 | C19 | D15;A0405 | G04069 | C19 | D15;,A050402 |;,1,"The product was not returned to Olympus for inspection; however, technical assistance center (TAC) provided remote troubleshooting and [leak could be coming from the drain hose connector, lid is overflowing, displayed Error Codes E11 and E15, issue is with Water supply hose 1].

Troubleshooting was not able to resolve the reported allegation.

The investigation will be performed based on the available information.",Sushmitha Ganji,San Jose,"No indication of potential user error or complaint against the IFU/label has been received. Therefore, labeling review for this complaint is not required.","This complaint is not associated with a packaging issue, an incorrect labeling issue, a breach of sterile barrier packaging issue or traced to prior repair activities. Therefore, DHR review is not required.","Historical complaints for [leak could be coming from the drain hose connector, lid is overflowing, displayed Error Codes E11 and E15, issue is with Water supply hose 1] have been previously reported and investigated. This indicates that no unanticipated risks, new failure modes, or additional harms have been identified.","A complaint history review of the last 12 months of complaints [11-August-2025 to 10-August-2026] was performed for [leak could be coming from the drain hose connector, lid is overflowing, displayed Error Codes E11 and E15, issue is with Water supply hose 1] and no trends were identified.

A CAPA History Review was performed for [leak could be coming from the drain hose connector, lid is overflowing, displayed Error Codes E11 and E15, issue is with Water supply hose 1] and no related CAPAs were found","The investigation did not identify any nonconformances or issues related to this complaint that require further action; therefore, no escalation is necessary.","The product was not returned to Olympus for inspection; however, technical assistance center (TAC) provided remote troubleshooting and [leak could be coming from the drain hose connector, lid is overflowing, displayed Error Codes E11 and E15, issue is with Water supply hose 1].

Troubleshooting was not able to resolve the reported allegation.

The investigation will be performed based on the available information.

This complaint is not associated with a packaging issue, an incorrect labeling issue, a breach of sterile barrier packaging issue or traced to prior repair activities. Therefore, DHR review is not required.

No indication of potential user error or complaint against the IFU/label has been received. Therefore, labeling review for this complaint is not required.

Historical complaints for [leak could be coming from the drain hose connector, lid is overflowing, displayed Error Codes E11 and E15, issue is with Water supply hose 1] have been previously reported and investigated. This indicates that no unanticipated risks, new failure modes, or additional harms have been identified.

A complaint history review of the last 12 months of complaints [11-August-2025 to 10-August-2026] was performed for [leak could be coming from the drain hose connector, lid is overflowing, displayed Error Codes E11 and E15, issue is with Water supply hose 1] and no trends were identified.

A CAPA History Review was performed for [leak could be coming from the drain hose connector, lid is overflowing, displayed Error Codes E11 and E15, issue is with Water supply hose 1] and no related CAPAs were found

The complaint was not confirmed; The device was not returned. The most probable cause of the complaint is D15 - Cause Not Established The investigation findings do not lead to a clear conclusion about the cause of the reported adverse event.

No further escalation is required.",,INV-940508,"E2403 - No Clinical Signs, Symptoms or Conditions;F27 - Problem identified during non-clinical procedure.;",;D15 - Cause Not Established;B15 - Analysis of Information Provided by User/Third Party;B11 - Historical Data Analysis;B17 - Device Not Returned;,A050402 - Gas/Air Leak;G04034 - Connector/Coupler;A140302 - Overfill;G04037 - Cover;A0405 - Degraded;G03012 - Sensor;G04069 - Hose;,"A050402 - Gas/Air Leak;G04034 - Connector/Coupler;C19 - No Device Problem Found;D15 - Cause Not Established;A140302 - Overfill;G04037 - Cover;A0405 - Degraded;G03012 - Sensor;G04069 - Hose;E2403 - No Clinical Signs, Symptoms or Conditions;F27 - Problem identified during non-clinical procedure.;B15 - Analysis of Information Provided by User/Third Party;B11 - Historical Data Analysis;B17 - Device Not Returned;"
CN-981425,,Pathway 2,1,CDS: OER-Pro |  N3058140 (ENDOSCOPE REPROCESSOR),Shivamani Ravirala,,No,No,,0,0,,,Health Professional; User Facility,,7/21/2026,,7/21/2026,,7/21/2026,0,English,United States,OCA-SAP-SFDC,OCA-SAP-SFDC,OCA-SAP-SFDC Ref 20260721-3345001,20260721-3345001,OER-PRO,N3058140,Americas,,Not Reportable,"21 JUL 2026 - PHUONG V. NGUYEN (TAC)
Jeff Lindberg, 208-283-7803,  Biomedical Engineer, called to report the following phenomenon.  There is an E51 ""Internal Leak"" error on this OER-Pro. No filters or disinfectant was changed today. There is no water underneath the internal filter housing area. I advised the customer that we would need to dispatch a Field Service Engineer (FSE) to repair this unit. The customer is requesting a quote first.
Information provided to the customer as per the OER-Pro's technical guide.
====
27 JUL 2026- Steven Hunt FSE- Discovered leak coming from switching valve assembly and channel block.  Both replaced, and verified no more leaks.
Completed repair and verified according to the OER-Pro Technical Guide and OER-Pro Service and Repair Checklist, FST-FM-020-001-03 V09. 
Software attributes have been verified and confirmed.","21 JUL 2026 - PHUONG V. NGUYEN (TAC)
Jeff Lindberg, 208-283-7803,  Biomedical Engineer, called to report the following phenomenon.  There is an E51 ""Internal Leak"" error on this OER-Pro. No filters or disinfectant was changed today. There is no water underneath the internal filter housing area. I advised the customer that we would need to dispatch a Field Service Engineer (FSE) to repair this unit. The customer is requesting a quote first.
Information provided to the customer as per the OER-Pro's technical guide.
====
27 JUL 2026- Steven Hunt FSE- Discovered leak coming from switching valve assembly and channel block.  Both replaced, and verified no more leaks.
Completed repair and verified according to the OER-Pro Technical Guide and OER-Pro Service and Repair Checklist, FST-FM-020-001-03 V09. 
Software attributes have been verified and confirmed.","21 JUL 2026 - PHUONG V. NGUYEN (TAC)
Ship-to address verified.
Asset Location verififed.
Service Contact: Jeff Lindberg.
PO will be coming from the facility.

Sent quote to the reporter's contact on file and copied the FSE. Case will be open until the PO is received or the quote expires. Place SF case in Pending Customer Response status. Brought quote status to Presented.
====

21 JUL 2026 - PHUONG V. NGUYEN (TAC)
Customer Jeff Lindberg emailed back PO # 2403106-SERV. Attached.
Updated work order with PO number. Brought quote status to Accepted Status. Escalated case to Field Support.
Please reference the recommended parts and dispatch an FSE to perform the service.

21 JUL 2026 Melissa Tabala (FS) Dispatched FSE Steven Hunt

 22 JUL 2026 Jesus Deleon (TAC): The customer called to get an update about the case. I informed him that the case is with the FS team and will be assigned to an FSE who then has 48 hours to reach out to them.

27 JUL 2026 Melissa Tabala (FS) Emailed FSE to approve or deny service appointment

12 AUG 2026 Lauren Sumereau (SQ): Reopening Case due to Sprint Program auditing activity corrections, Software Version: 3.06, Patch Number: N/A, Operating System: N/A, Firmware Version: null",Jeff,Lindberg,,208-283-7803,,lindbeje@slhs.org,Y,Biomedical Engineer,190 E BANNOCK ST,,BOISE,,83712,6241,,ID,United States,,No,USA,ST LUKES REGIONAL MEDICAL,190 E BANNOCK ST BOISE Idaho 83712-6241 United States,Jeff,,208-283-7803,lindbeje@slhs.org,Lindberg,,,Biomedical Engineer,Y,Biomedical Engineer,,,NA,NA,NA,No Serious Injury/No Adverse Patient Effects,NA,During set up / Inspection for use (during set up in room / before patient in room),"<a href=""/a0o68000003YzcG"" target=""_blank"">OER-Pro</a>",N3058140,CDS,OER-Pro,OER-Pro,JPN,RPSR011,"3-1-1 Niiderakita, AIZUWAKAMATSU-SHI, Fukushima, <a href=""/"" target=""_blank""> </a>",4.95317E+12,,,"<a href=""/a4668000000AidX"" target=""_blank"">AIZU OLYMPUS CO., LTD.</a>",Aizu,Olympus Medical Systems Corp.,,,,,,,2632826,,0,2632826,0,Unknown,0,No,No,No,Re-Use,Reprocessor,No,,No,,,,,No,No,No,No,0,,INQ-1122255,,,,,,"The product was not returned to Olympus for inspection; however, a field service engineer (FSE) was dispatched to customer site and
1. leak coming from switching valve assembly and channel block

The complaint was confirmed.

This complaint is not associated with a packaging issue, an incorrect labeling issue, a breach of sterile barrier packaging issue or traced to prior repair activities. Therefore, DHR review is not required.

No indication of potential user error or complaint against the IFU/label has been received. Therefore, labeling review for this complaint is not required.

Historical complaints for
1. leak coming from switching valve assembly and channel block have been previously reported and investigated. This indicates that no unanticipated risks, new failure modes, or additional harms have been identified.

A complaint history review of the last 12 months of complaints 4 AUG 2025 TO 3 AUG 2026 was performed for 
1. leak coming from switching valve assembly and channel block and no trends were identified. 

A CAPA History Review was performed for
1. leak coming from switching valve assembly and channel block and no related CAPAs were found.  

The complaint was confirmed, the device has leak coming from switching valve assembly. The most probable cause of the complaint is D02 - Cause Traced to Component Failure
Expected or random component failure without any design or manufacturing issue.

No further escalation is required.",A050402 | G04135 | C0601 | D02;A1408 | G04134 | C0601 | D02;,A050402 |;,1,"The product was not returned to Olympus for inspection; however, a field service engineer (FSE) was dispatched to customer site and
1. leak coming from switching valve assembly and channel block

The complaint was confirmed.

The investigation will be performed based on the available information.",Naveen Lokini,San Jose,"No indication of potential user error or complaint against the IFU/label has been received. Therefore, labeling review for this complaint is not required.","This complaint is not associated with a packaging issue, an incorrect labeling issue, a breach of sterile barrier packaging issue or traced to prior repair activities. Therefore, DHR review is not required.","Historical complaints for
1. leak coming from switching valve assembly and channel block have been previously reported and investigated. This indicates that no unanticipated risks, new failure modes, or additional harms have been identified.","A complaint history review of the last 12 months of complaints 4 AUG 2025 TO 3 AUG 2026 was performed for 
1. leak coming from switching valve assembly and channel block and no trends were identified. 

A CAPA History Review was performed for
1. leak coming from switching valve assembly and channel block and no related CAPAs were found.","The investigation did not identify any nonconformances or issues related to this complaint that require further action; therefore, no escalation is necessary.","The product was not returned to Olympus for inspection; however, a field service engineer (FSE) was dispatched to customer site and
1. leak coming from switching valve assembly and channel block

The complaint was confirmed.

This complaint is not associated with a packaging issue, an incorrect labeling issue, a breach of sterile barrier packaging issue or traced to prior repair activities. Therefore, DHR review is not required.

No indication of potential user error or complaint against the IFU/label has been received. Therefore, labeling review for this complaint is not required.

Historical complaints for
1. leak coming from switching valve assembly and channel block have been previously reported and investigated. This indicates that no unanticipated risks, new failure modes, or additional harms have been identified.

A complaint history review of the last 12 months of complaints 4 AUG 2025 TO 3 AUG 2026 was performed for 
1. leak coming from switching valve assembly and channel block and no trends were identified. 

A CAPA History Review was performed for
1. leak coming from switching valve assembly and channel block and no related CAPAs were found.  

The complaint was confirmed, the device has leak coming from switching valve assembly. The most probable cause of the complaint is D02 - Cause Traced to Component Failure
Expected or random component failure without any design or manufacturing issue.

No further escalation is required.",,INV-942661,"E2403 - No Clinical Signs, Symptoms or Conditions;F2601 - Problem identified before clinical use/exposure;",;D02 - Cause Traced to Component Failure;B01 - Testing of Actual/Suspected Device;B11 - Historical Data Analysis;B17 - Device Not Returned;,A050402 - Gas/Air Leak;G04135 - Valve(s);A1408 - No Flow;G04134 - Tube;,"A050402 - Gas/Air Leak;G04135 - Valve(s);C0601 - Degradation Problem Identified;D02 - Cause Traced to Component Failure;A1408 - No Flow;G04134 - Tube;E2403 - No Clinical Signs, Symptoms or Conditions;F2601 - Problem identified before clinical use/exposure;B01 - Testing of Actual/Suspected Device;B11 - Historical Data Analysis;B17 - Device Not Returned;"
CN-981460,,Pathway 2,1,CDS: OER-ELITE |  N5789340 (ENDOSCOPE REPROCESSOR),Kolkarsuraj Ruhith,,No,No,,0,0,,,Health Professional; User Facility,,7/21/2026,,7/21/2026,,7/21/2026,0,English,United States,OCA-SAP-SFDC,OCA-SAP-SFDC,OCA-SAP-SFDC Ref 20260721-3345097,20260721-3345097,OER-ELITE,N5789340,Americas,,Not Reportable,"21Jul2026 Jeff Niekum (Team Lead FSE) found during Preventive Maintenance service on case 20260623-3297859 a broken purple connector.

21Jul2026 Jeff Niekum (Team Lead FSE) met with biomed Omar Fernandez. I replaced the purple connector. I observed a completed cycle with no errors and no leaks. I performed the ALT leak test function. Repair is complete. Equipment repaired and verified according to the OER-Elite Technical Guide instructions. I left the machine in working order and returned the machine back to the customer for normal operation.I did not complete the electrical safety test since no covers were removed. I completed the repair checklist and attached it to the FSR. A copy of the service ticket was printed and emailed to the customer.

21Jul2026 Jeff Niekum (Team Lead FSE) Travel is on PM case 20260623-3297859. I worked on the service quote and sent it to Omar Fernandez for a PO.

28Jul2026 Jeff Niekum (Team Lead FSE) updated the work order with the PO information and completed the documentation.","21Jul2026 Jeff Niekum (Team Lead FSE) found during Preventive Maintenance service on case 20260623-3297859 a broken purple connector.

21Jul2026 Jeff Niekum (Team Lead FSE) met with biomed Omar Fernandez. I replaced the purple connector. I observed a completed cycle with no errors and no leaks. I performed the ALT leak test function. Repair is complete. Equipment repaired and verified according to the OER-Elite Technical Guide instructions. I left the machine in working order and returned the machine back to the customer for normal operation.I did not complete the electrical safety test since no covers were removed. I completed the repair checklist and attached it to the FSR. A copy of the service ticket was printed and emailed to the customer.

21Jul2026 Jeff Niekum (Team Lead FSE) Travel is on PM case 20260623-3297859. I worked on the service quote and sent it to Omar Fernandez for a PO.

28Jul2026 Jeff Niekum (Team Lead FSE) updated the work order with the PO information and completed the documentation.","21Jul2026 Jeff Niekum (Team Lead FSE) Bulk Chemical Container used, Product number OT9492US, Lot number H122P7M053, Expires on 10/15/2026, Software Version: 1.10, Patch Number: N/A, Operating System: N/A, Firmware Version: null",Omar,Fernandez,,+1(727)269-6321,,omar.fernandez@baycare.org,Y,Biomedical Engineer,300 PINELLAS STREET,,CLEARWATER,,33756,,,FL,United States,,No,USA,MORTON PLANT HOSPITAL ASSOC INC,300 PINELLAS ST CLEARWATER Florida 33756 United States,Omar,,+1(727)269-6321,omar.fernandez@baycare.org,Fernandez,,,Biomedical Engineer,Y,Health Professional,,,NA,NA,NA,None,NA,Reprocessing,"<a href=""/a0o68000003Z2vs"" target=""_blank"">OER-ELITE</a>",N5789340,CDS,OER-ELITE,OER-ELITE,JPN,RPSR013,"3-1-1 Niiderakita, AIZUWAKAMATSU-SHI, Fukushima, <a href=""/"" target=""_blank""> </a>",4.95317E+12,,,"<a href=""/a4668000000AidX"" target=""_blank"">AIZU OLYMPUS CO., LTD.</a>",Aizu,Olympus Medical Systems Corp.,,,,,,,2402342,,0,2402342,0,Unknown,1,No,No,No,Re-Use,Reprocessor,No,,No,,,,,No,NA,No,No,0,,INQ-1122302,,,,,,"The complaint was reported because field service engineer (FSE) was dispatched to customer site and performed 3rd year PM and identified Both LT connectors are broken.

The product was not returned to Olympus service team. The product analysis identified the below findings.
1.purple connectors are broken

A Device History Review was not required.

A labeling review for this complaint is not required.

A risk review was performed for
1.purple connectors are broken based on historical data of the last 12 months 8/4/2025- 8/3/2026 and no unanticipated risks, new failures, and/or new harms were identified.

A Risk Review was not performed for A26 - (Insufficient Device Problem Information) due to no user allegation.

A complaint history review of the last 12 months of complaints 8/4/2025- 8/3/2026 was performed for
1purple connectors are broken and no trends were identified.

A CAPA History Review was performed for
1.purple connectors are broken and no related CAPAs were found.

A Complaint and CAPA History Review was not performed for A26 - (Insufficient Device Problem Information)

This is preventive maintenance complaint with no reported allegation. The inspection identified the above findings. The most probable cause of the complaint is D02 - Cause Traced to Component Failure: Expected or random component failure without any design or manufacturing issue.

No further escalation is required.",A26 |  | C0601 | D02;A0401 | G04034 | C0601 | D02;,A26 |;,1,"The product was not returned to Olympus for inspection; however, a field service engineer (FSE) was dispatched to customer site and performed PM and identified broken purple connector

This is preventive maintenance complaint with no reported allegation.

The investigation will be performed based on the available information.",VivekGovardhan C,San Jose,"No indication of potential user error or complaint against the IFU/label has been received. Therefore, labeling review for this complaint is not required.","This complaint is not associated with a packaging issue, an incorrect labeling issue, a breach of sterile barrier packaging issue or traced to prior repair activities. Therefore, DHR review is not required.","A risk review was performed for
1.purple connectors are broken based on historical data of the last 12 months 8/4/2025- 8/3/2026 and no unanticipated risks, new failures, and/or new harms were identified.

A Risk Review was not performed for A26 - (Insufficient Device Problem Information) due to no user allegation.","A complaint history review of the last 12 months of complaints 8/4/2025- 8/3/2026 was performed for
1purple connectors are broken and no trends were identified.

A CAPA History Review was performed for
1.purple connectors are broken and no related CAPAs were found.

A Complaint and CAPA History Review was not performed for A26 - (Insufficient Device Problem Information)","The investigation did not identify any nonconformances or issues related to this complaint that require further action; therefore, no escalation is necessary.","The complaint was reported because field service engineer (FSE) was dispatched to customer site and performed 3rd year PM and identified Both LT connectors are broken.

The product was not returned to Olympus service team. The product analysis identified the below findings.
1.purple connectors are broken

A Device History Review was not required.

A labeling review for this complaint is not required.

A risk review was performed for
1.purple connectors are broken based on historical data of the last 12 months 8/4/2025- 8/3/2026 and no unanticipated risks, new failures, and/or new harms were identified.

A Risk Review was not performed for A26 - (Insufficient Device Problem Information) due to no user allegation.

A complaint history review of the last 12 months of complaints 8/4/2025- 8/3/2026 was performed for
1purple connectors are broken and no trends were identified.

A CAPA History Review was performed for
1.purple connectors are broken and no related CAPAs were found.

A Complaint and CAPA History Review was not performed for A26 - (Insufficient Device Problem Information)

This is preventive maintenance complaint with no reported allegation. The inspection identified the above findings. The most probable cause of the complaint is D02 - Cause Traced to Component Failure: Expected or random component failure without any design or manufacturing issue.

No further escalation is required.",,INV-942419,"E2403 - No Clinical Signs, Symptoms or Conditions;F27 - Problem identified during non-clinical procedure.;",;D02 - Cause Traced to Component Failure;B01 - Testing of Actual/Suspected Device;B17 - Device Not Returned;B11 - Historical Data Analysis;,A26 - Insufficient Device Problem Information;;A0401 - Break;G04034 - Connector/Coupler;,"A26 - Insufficient Device Problem Information;;C0601 - Degradation Problem Identified;D02 - Cause Traced to Component Failure;A0401 - Break;G04034 - Connector/Coupler;E2403 - No Clinical Signs, Symptoms or Conditions;F27 - Problem identified during non-clinical procedure.;B01 - Testing of Actual/Suspected Device;B17 - Device Not Returned;B11 - Historical Data Analysis;"
CN-981479,,Pathway 2,1,"Rigid Scope: A22002A |  A22002A (Telescope, 30∞, 4 mm)",Nisaar Syed,,No,No,,0,0,,,Health Professional; User Facility,,7/21/2026,,7/21/2026,,7/21/2026,0,English,United States,OCA-DATASWEEP,OCA-DATASWEEP,26089036,26089036,A22002A,A22002A,Americas,"B11,Service Approval,NSC SP - Rigid",Not Reportable,Blurry and there is a spot on the lens. CLARIFICATION REQUESTED; NO ADDITIONAL DETAIL AVAILABLE AT TIME OF INTAKE,Blurry and there is a spot on the lens. CLARIFICATION REQUESTED; NO ADDITIONAL DETAIL AVAILABLE AT TIME OF INTAKE,,DARLENE,PICKENS,,+1 (815)971-4021,,dpickens@mhemail.org,Y,Administrator/Supervisor,8201 E RIVERSIDE BLVD,ATTN PO-00183475,ROCKFORD,,61114,3681,,IL,United States,,,USA,JAVON BEA HOSPITAL,"8201 E RIVERSIDE BLVD, ATTN PO-00183475, ROCKFORD, Illinois, 61114, United States",DARLENE,,+1 (815)971-4021,dpickens@mhemail.org,PICKENS,,,Administrator/Supervisor,Y,Health Professional,,,NA,NA,NA,None,NA,During set up / Inspection for use (during set up in room / before patient in room),"<a href=""/a0o68000003Z29a"" target=""_blank"">A22002A</a>",A22002A,Rigid Scope,A22002A,A22002A,DEU,RGSC002,"Kuehnstrasse 61, Hamburg, Hamburg, <a href=""/"" target=""_blank""> </a>",4.04276E+12,,,"<a href=""/a46aa00000004oP"" target=""_blank"">Olympus Winter & Ibe GmbH</a>",Olympus Winter & Ibe GmbH,Olympus Winter & Ibe GmbH,,,,,,,617997,,0,617997,0,Unknown,1,,No,NI,Re-Use,Rigid Scope,Yes,,Yes,8/7/2026,,,,No,NA,No,No,1,,INQ-1122356,,,,,,"The complaint was reported because the Blurry and there is a spot on the lens.

The product was returned and inspected. The product analysis confirmed that
1. OUTER TUBE -Bent outer tube
2. OBJECT.WINDOW  Fiber breakage -Scratches on distak frame
3. OPTICAL FIBER S Confirmed UR blurry image, (RGSC_Optical Image Issues_PTI1) Casued by cracked on optical lens 

One or more failure mode(s) identified has been previously investigated through the Product Technical Investigation (PTI) process and therefore does not require any further investigation. See coding table for the PTI reference number associated with these failure modes.

This complaint is not associated with a packaging issue, an incorrect labeling issue, a breach of sterile barrier packaging issue or traced to prior repair activities. Therefore, [DHR] review is not required.

A labeling review for this complaint is not required.

A risk review was not performed and no unanticipated failures or harms were identified.

A historical review of the last 12 months of complaints was performed and no trends were identified.

A CAPA History Review was performed and no related CAPAs were found.

The complaint was confirmed, the device has Confirmed UR blurry image , Caused by cracked on optical lens. The most probable cause of the complaint is D02 - Cause Traced to Component Failure, Expected or random component failure without any design or manufacturing issue.

No further escalation is required.",A090208 | G05009 | C0601 | D02;A0404 | G05006 | C0601 | D02;A040609 | G04134 | C0601 | D02;A0407 | G05006 | C0601 | D02;A0401 | G04053 | C0601 | D02;A0415 | G04027 | C0601 | D02;,A090208 |;A0407 | G05006;,1,"The investigation will be conducted using the information provided by the customer and the inspection findings from the Repair Center (see attached Inspection Results Report).
As part of the evaluation, the device underwent a visual inspection and functional testing to determine its condition.

The following failures were identified:
1. OUTER TUBE -Bent outer tube
2. OBJECT.WINDOW  Fiber breakage -Scratches on distak frame
3. OPTICAL FIBER S Confirmed UR blurry image, (RGSC_Optical Image Issues_PTI1) Casued by cracked on optical lens 

Based on the product analysis, the complaint is confirmed since the device has evidence of Confirmed UR blurry image , Caused by cracked on optical lens which is consistent with the reported event.",Malayvanh Tan,San Jose,"No indication of potential user error or complaint against the IFU/label has been received. Therefore, labeling review for this complaint is not required. One or more failure mode(s) identified has been previously investigated through the Product Technical Investigation (PTI) process and therefore does not require any further investigation.  See coding table for the PTI reference number associated with these failure modes.","This complaint is not associated with a packaging issue, an incorrect labeling issue, a breach of sterile barrier packaging issue or traced to prior repair activities. Therefore, [DHR] review is not required.","Risk review was not completed failure modes associated with PTI, as established in GWI-00045.

Historical complaints for 
1. OUTER TUBE -Bent outer tube
2. OBJECT.WINDOW  Fiber breakage -Scratches on distal frame
3. OPTICAL FIBER S Casued by cracked on optical lenses
4. there is a spot on the lens
optical lens have been previously reported and investigated. This indicates that no unanticipated risks, new failure modes, or additional harms have been identified. One or more failure mode(s) identified has been previously investigated through the Product Technical Investigation (PTI) process and therefore does not require any further investigation.  See coding table for the PTI reference number associated with these failure modes.","A complaint history review of the last 12 months of complaints 8/12/2025 to 8/11/2026 was performed for
1. OUTER TUBE -Bent outer tube
2. OBJECT.WINDOW  Fiber breakage -Scratches on distal frame
3. OPTICAL FIBER S Casued by cracked on optical lenses
4. there is a spot on the lens and no trends were identified.

A CAPA History Review was performed for
1. OUTER TUBE -Bent outer tube
2. OBJECT.WINDOW  Fiber breakage -Scratches on distal frame
3. OPTICAL FIBER S Casued by cracked on optical lenses
4. there is a spot on the lens and no related CAPAs were found. One or more failure mode(s) identified has been previously investigated through the Product Technical Investigation (PTI) process and therefore does not require any further investigation.  See coding table for the PTI reference number associated with these failure modes.","The investigation did not identify any nonconformances or issues related to this complaint that require further action; therefore, no escalation is necessary. One or more failure mode(s) identified has been previously investigated through the Product Technical Investigation (PTI) process and therefore does not require any further investigation.  See coding table for the PTI reference number associated with these failure modes.","The complaint was reported because the Blurry and there is a spot on the lens.

The product was returned and inspected. The product analysis confirmed that
1. OUTER TUBE -Bent outer tube
2. OBJECT.WINDOW  Fiber breakage -Scratches on distak frame
3. OPTICAL FIBER S Confirmed UR blurry image, (RGSC_Optical Image Issues_PTI1) Casued by cracked on optical lens 

One or more failure mode(s) identified has been previously investigated through the Product Technical Investigation (PTI) process and therefore does not require any further investigation. See coding table for the PTI reference number associated with these failure modes.

This complaint is not associated with a packaging issue, an incorrect labeling issue, a breach of sterile barrier packaging issue or traced to prior repair activities. Therefore, [DHR] review is not required.

A labeling review for this complaint is not required.

A risk review was not performed and no unanticipated failures or harms were identified.

A historical review of the last 12 months of complaints was performed and no trends were identified.

A CAPA History Review was performed and no related CAPAs were found.

The complaint was confirmed, the device has Confirmed UR blurry image , Caused by cracked on optical lens. The most probable cause of the complaint is D02 - Cause Traced to Component Failure, Expected or random component failure without any design or manufacturing issue.

No further escalation is required.",,INV-940569,"E2403 - No Clinical Signs, Symptoms or Conditions;F2601 - Problem identified before clinical use/exposure;",;D02 - Cause Traced to Component Failure;B01 - Testing of Actual/Suspected Device;B11 - Historical Data Analysis;,A090208 - Poor Quality Image;A0407 - Material Discolored;G05006 - Lenses;G05009 - Optical Fiber;A0404 - Crack;A040609 - Material Twisted/Bent;G04134 - Tube;A0401 - Break;G04053 - Fiber;A0415 - Scratched Material;G04027 - Chassis/Frame;,"A090208 - Poor Quality Image;A0407 - Material Discolored;G05006 - Lenses;G05009 - Optical Fiber;C0601 - Degradation Problem Identified;D02 - Cause Traced to Component Failure;A0404 - Crack;A040609 - Material Twisted/Bent;G04134 - Tube;A0401 - Break;G04053 - Fiber;A0415 - Scratched Material;G04027 - Chassis/Frame;E2403 - No Clinical Signs, Symptoms or Conditions;F2601 - Problem identified before clinical use/exposure;B01 - Testing of Actual/Suspected Device;B11 - Historical Data Analysis;"
CN-982941,,Pathway 2,1,CDS: OER-ELITE |  N5789340 (ENDOSCOPE REPROCESSOR),Yashwanthreddy Patlolla,,No,No,,0,0,,,Health Professional; User Facility,,7/22/2026,,7/22/2026,Email,7/21/2026,0,English,United States,OCA-SAP-SFDC,OCA-SAP-SFDC,OCA-SAP-SFDC Ref 20260722-3345787,20260722-3345787,OER-ELITE,N5789340,Americas,,Not Reportable,"OER-Elite: E021-1 insufficient air purge pressure
22 JUL 2026 Gustavo Molina (TAC): John called to report an E021 error. He had performed the 2 year PM yesterday and the OER was working fine after the PM for a bit and then at the end of day they got the error. I had him try running a replace air filter cycle and even change the air filter again. The error returns every time an air purge is ran.
Going to get a second opinion but I will send the biomed the part numbers for the pressure sensor and relief valve.","OER-Elite: E021-1 insufficient air purge pressure
22 JUL 2026 Gustavo Molina (TAC): John called to report an E021 error. He had performed the 2 year PM yesterday and the OER was working fine after the PM for a bit and then at the end of day they got the error. I had him try running a replace air filter cycle and even change the air filter again. The error returns every time an air purge is ran.
Going to get a second opinion but I will send the biomed the part numbers for the pressure sensor and relief valve.","Software Version: null, Patch Number: null, Operating System: null, Firmware Version: null",JOHN,CRAIG,,+1 (878)-600-7641,,john.craig@trimedx.com,Y,Biomedical Engineer,9100 BABCOCK BLVD,,PITTSBURGH,,15237,5815,,PA,United States,,No,USA,UPMC PASSAVANT HOSPITAL,9100 BABCOCK BLVD PITTSBURGH Pennsylvania 15237-5815 United States,JOHN,,+1 (878)-600-7641,john.craig@trimedx.com,CRAIG,,,Biomedical Engineer,Y,Health Professional,,,NA,NA,NA,None,NA,Reprocessing,"<a href=""/a0o68000003Z2vs"" target=""_blank"">OER-ELITE</a>",N5789340,CDS,OER-ELITE,OER-ELITE,JPN,RPSR013,"3-1-1 Niiderakita, AIZUWAKAMATSU-SHI, Fukushima, <a href=""/"" target=""_blank""> </a>",4.95317E+12,,,"<a href=""/a4668000000AidX"" target=""_blank"">AIZU OLYMPUS CO., LTD.</a>",Aizu,Olympus Medical Systems Corp.,,,,,,,2402423,,0,2402423,0,Reuse,1,No,No,No,Re-Use,Reprocessor,No,,No,,,,,No,NA,No,No,0,,INQ-1123458,,,,,,"The complaint was reported because E021 insufficient air purge pressure.


The product was not returned to Olympus for inspection; however, technical assistance center (TAC) provided remote troubleshooting and
1. E021 insufficient air purge pressure for the pressure sensor and relief valve.

This complaint is not associated with a packaging issue, an incorrect labeling issue, a breach of sterile barrier packaging issue or traced to prior repair activities. Therefore, DHR review is not required.

No indication of potential user error or complaint against the IFU/label has been received. Therefore, labeling review for this complaint is not required.

A risk review was performed, and no unanticipated failures or harms were identified.

A complaint historical review of the last 12 months of complaints was performed and no trends were identified.

A CAPA History Review was performed and no related CAPAs were found.

The complaint was not confirmed; the device has not returned to Olympus. The most probable cause of the complaint is D15 - Cause Not Established, the investigation findings do not lead to a clear conclusion about the cause of the reported adverse event.



No further escalation is required.",A141101 | G0301204 | C19 | D15;A141101 | G04135 | C19 | D15;,A141101 | G0301204;A141101 | G04135;,1,"The complaint is for the issue of ?E021 insufficient air purge pressure"".

The product was not returned to Olympus for inspection; however, technical assistance center (TAC) provided remote troubleshooting and
1. E021 insufficient air purge pressure for the pressure sensor and relief valve.

Troubleshooting was not able to resolve the reported allegation.

The investigation will be performed based on the available information.",AlexNarayanan Balakrishnan,San Jose,"No indication of potential user error or complaint against the IFU/label has been received. Therefore, labeling review for this complaint is not required.","This complaint is not associated with a packaging issue, an incorrect labeling issue, a breach of sterile barrier packaging issue or traced to prior repair activities. Therefore, DHR review is not required.","A risk review was performed for below listed failures,
1. E021 insufficient air purge pressure for the pressure sensor and relief valve. based on historical data of the last 12 months 7/31/2025 to 7/30/2026 and no unanticipated risks, new failures, and/or new harms were identified.","A complaint history review of the last 12 months of complaints 7/31/2025 to 7/30/2026 was performed for below listed failures,
1. E021 insufficient air purge pressure for the pressure sensor and relief valve. and no trends were identified.

A CAPA History Review was performed for below listed failures,
1. E021 insufficient air purge pressure for the pressure sensor and relief valve. and no related CAPAs were found.","The investigation did not identify any nonconformances or issues related to this complaint that require further action; therefore, no escalation is necessary.","The complaint was reported because E021 insufficient air purge pressure.


The product was not returned to Olympus for inspection; however, technical assistance center (TAC) provided remote troubleshooting and
1. E021 insufficient air purge pressure for the pressure sensor and relief valve.

This complaint is not associated with a packaging issue, an incorrect labeling issue, a breach of sterile barrier packaging issue or traced to prior repair activities. Therefore, DHR review is not required.

No indication of potential user error or complaint against the IFU/label has been received. Therefore, labeling review for this complaint is not required.

A risk review was performed, and no unanticipated failures or harms were identified.

A complaint historical review of the last 12 months of complaints was performed and no trends were identified.

A CAPA History Review was performed and no related CAPAs were found.

The complaint was not confirmed; the device has not returned to Olympus. The most probable cause of the complaint is D15 - Cause Not Established, the investigation findings do not lead to a clear conclusion about the cause of the reported adverse event.



No further escalation is required.",,INV-944486,"E2403 - No Clinical Signs, Symptoms or Conditions;F27 - Problem identified during non-clinical procedure.;",;D15 - Cause Not Established;B11 - Historical Data Analysis;B15 - Analysis of Information Provided by User/Third Party;B17 - Device Not Returned;,A141101 - Decrease in Pressure;G0301204 - Pressure Sensor;G04135 - Valve(s);,"A141101 - Decrease in Pressure;G0301204 - Pressure Sensor;G04135 - Valve(s);C19 - No Device Problem Found;D15 - Cause Not Established;E2403 - No Clinical Signs, Symptoms or Conditions;F27 - Problem identified during non-clinical procedure.;B11 - Historical Data Analysis;B15 - Analysis of Information Provided by User/Third Party;B17 - Device Not Returned;"
CN-982982,,Pathway 2,1,Surgical scope: CYF-VH |  MLA-CYF-VH (CYSTO-NEPHRO VIDEOSCOPE),DeepthiManasa Bhamidipati,,No,No,,0,0,,,Health Professional; User Facility,,7/22/2026,,7/22/2026,,7/20/2026,0,English,Canada,OCI-DATASWEEP,OCI-DATASWEEP,26089188,26089188,CYF-VH,,Americas,"C01,Estimation,Richmond Hill SP - Flexible",Not Reportable,Customer advised in the intake form: ‚ÄúFailed leak test at connector. Scope has been cleaned and sterilized prior to beinf sent for repair. ‚Äù. No follow-up was performed with the customer. Due diligence contact is available for further correspondence. Customer advised during no fault found follow-up: ‚Äúno further UR details provided by the client‚Äù.,Customer advised in the intake form: ‚ÄúFailed leak test at connector. Scope has been cleaned and sterilized prior to beinf sent for repair. ‚Äù. No follow-up was performed with the customer. Due diligence contact is available for further correspondence. Customer advised during no fault found follow-up: ‚Äúno further UR details provided by the client‚Äù.,,Glen,Field,,7097777033,,glen.field@nlhealthservices.ca,Y,Administrator/Supervisor,300 PRINCE PHILLIP DRIVE,,ST. JOHN'S,,,,A1B 3V6,,Canada,,No,CAN,GENERAL HOSP HEALTH SCIENCES CENTRE,"300 PRINCE PHILLIP DRIVE, ST. JOHN'S, A1B 3V6, Canada",Glen,,7097777033,glen.field@nlhealthservices.ca,Field,,,Administrator/Supervisor,Y,Health Professional,,,NA,NA,NA,None,,Reprocessing,"<a href=""/a0oaa000000Byti"" target=""_blank"">CYF-VH</a>",MLA-CYF-VH,Surgical scope,CYF-VH,CYF-VH,,SUSC003,"<a href=""/"" target=""_blank""> </a>",,,,"<a href=""/"" target=""_blank""> </a>",Multiple,Olympus Medical Systems Corp.,,,,,,,7032365,,0,7032365,0,Unknown,0,,,,Re-Use,Surgical scope,Yes,,Yes,7/29/2026,,,3.82727E+11,No,NA,No,No,1,,INQ-1123754,,,,,,The product was returned for investigation. The investigation results are summarized in the Product Analysis Summary. This complaint investigation is supported with prior investigations performed through the Product Technical Investigation (PTI) process.;,A050402 | G04034 | C19 | D14;A0404 | G0405201 | C0601 | D02;,A050402 | G04034;,1,"The investigation will be conducted using the information provided by the customer and the inspection findings from the Repair Center (see attached Inspection Results Report). 
As part of the evaluation, the device underwent a visual inspection and functional testing to determine its condition.

The following failures were identified: 
-A-RUBBER GLUE Bending Rubber glue is cracked

Based on the product analysis, the complaint is not confirmed since the device did not show evidence of the reported event leak at connector.",Erica Taylor,Bartlett,,,,,,The product was returned for investigation. The investigation results are summarized in the Product Analysis Summary. This complaint investigation is supported with prior investigations performed through the Product Technical Investigation (PTI) process.;,,INV-942070,"E2403 - No Clinical Signs, Symptoms or Conditions;F27 - Problem identified during non-clinical procedure.;",;D02 - Cause Traced to Component Failure;B01 - Testing of Actual/Suspected Device;,A050402 - Gas/Air Leak;G04034 - Connector/Coupler;A0404 - Crack;G0405201 - Adhesive;,"A050402 - Gas/Air Leak;G04034 - Connector/Coupler;C19 - No Device Problem Found;D14 - No Problem Detected;A0404 - Crack;G0405201 - Adhesive;C0601 - Degradation Problem Identified;D02 - Cause Traced to Component Failure;E2403 - No Clinical Signs, Symptoms or Conditions;F27 - Problem identified during non-clinical procedure.;B01 - Testing of Actual/Suspected Device;"
CN-983029,,Pathway 2,1,CDS: OER-ELITE |  N5789340 (ENDOSCOPE REPROCESSOR),Yashwanthreddy Patlolla,,No,No,,0,0,,,Health Professional; User Facility,,7/22/2026,,7/22/2026,,7/21/2026,0,English,United States,OCA-SAP-SFDC,OCA-SAP-SFDC,OCA-SAP-SFDC Ref 20260722-3346193,20260722-3346193,OER-ELITE,N5789340,Americas,,Not Reportable,"22 JUL 2026 10:27  ? CARL SIEGEL (TAC):
The Reporter Contact/Danijela Dereta, Service Tech Cart Coordinator
732-776-4588
973-417-6797
danijela.dereta@hmhn.org called in to report the following phenomenon : 
On 21 JULY 2021 during Inspection for use (before a patient was in the room), it was discovered that OER-ELITE | 2402562 CRACK IN THE RIGHT CENTER OF THE PLASTIC LID / LID REPLACEMENT NEEDED.
When I asked Danijela, she stated she was unsure how the crack in the lid happened 
We confirmed no error codes or issues are populating. 
The Reporter Contact listed as the follow-up contact for this complaint.
I emailed the Reporter Contact this Case # for tracking purposes.","22 JUL 2026 10:27  ? CARL SIEGEL (TAC):
The Reporter Contact/Danijela Dereta, Service Tech Cart Coordinator
732-776-4588
973-417-6797
danijela.dereta@hmhn.org called in to report the following phenomenon : 
On 21 JULY 2021 during Inspection for use (before a patient was in the room), it was discovered that OER-ELITE | 2402562 CRACK IN THE RIGHT CENTER OF THE PLASTIC LID / LID REPLACEMENT NEEDED.
When I asked Danijela, she stated she was unsure how the crack in the lid happened 
We confirmed no error codes or issues are populating. 
The Reporter Contact listed as the follow-up contact for this complaint.
I emailed the Reporter Contact this Case # for tracking purposes.","22 JUL 2026 10:29  ? CARL SIEGEL (TAC): 
- Reporter Contact confirmed this unit is operating properly with no issues occurring  
- Reporter Contact was not in front of the unit to provide the Unit Software version and OER Cycle Count.
- Verified On-site Biomed is not Olympus Trained
- Entitlement Confirmed due to an Full Service Contract being assigned and active for this unit
I also advised Danijela that an on-site Field Service Engineer (FSE) visit to replace a cracked lid may be a billable service. Explained that the FSE will make the final determination on-site.
- Verified Reporter Contact name, Contact #, and email address
- Verified this account Ship-To Address (Account # is active) and Unit location address are the same
- Verified Bill-To # is 20045474/HMH HOSPITALS CORPORATION
- Verified Payer # is 3000985/HMH HOSPITALS CORPORATION
- Verified ATTN Danijela Dereta or Jackie Mendez - ENDO
- Assigned to FS Dispatch

22 JUL 2026 - Magdelyn Guerrero (FS) Dispatched FSE Mena Wahba, Software Version: 1.10, Patch Number: N/A, Operating System: N/A, Firmware Version: null",Danijela,Dereta,,973-417-6797,,danijela.dereta@hmhn.org,N,Non-Healthcare Professional,1945 STATE ROUTE 33,,NEPTUNE,,7753,,,NJ,United States,,No,USA,HMH HOSPITALS CORPORATION,1945 STATE ROUTE 33 NEPTUNE New Jersey 07753 United States,Danijela,,973-417-6797,danijela.dereta@hmhn.org,Dereta,,,Non-Healthcare Professional,N,No Information,,,No Information,No Information,No Information,No Information Available,No Information,During set up / Inspection for use (during set up in room / before patient in room),"<a href=""/a0o68000003Z2vs"" target=""_blank"">OER-ELITE</a>",N5789340,CDS,OER-ELITE,OER-ELITE,JPN,RPSR013,"3-1-1 Niiderakita, AIZUWAKAMATSU-SHI, Fukushima, <a href=""/"" target=""_blank""> </a>",4.95317E+12,,,"<a href=""/a4668000000AidX"" target=""_blank"">AIZU OLYMPUS CO., LTD.</a>",Aizu,Olympus Medical Systems Corp.,,,,,,,2402562,,0,2402562,0,Unknown,1,No,No,No,Re-Use,Reprocessor,No,,No,,,,,No,NA,No,No,0,,INQ-1123800,,,,,,"The complaint was reported because Crack in the right center of the plastic lid. 

The product was not returned to Olympus for inspection; however, technical assistance center (TAC) provided remote troubleshooting and
1. Crack in the right center of the plastic lid

This complaint is not associated with a packaging issue, an incorrect labeling issue, a breach of sterile barrier packaging issue or traced to prior repair activities. Therefore, DHR review is not required.

No indication of potential user error or complaint against the IFU/label has been received. Therefore, labeling review for this complaint is not required.

A risk review was performed, and no unanticipated failures or harms were identified.

A Complaint historical review of the last 12 months of complaints was performed and no trends were identified.

A CAPA History Review was performed and no related CAPAs were found.

The complaint was not confirmed; the device has not returned to Olympus and Troubleshooting was also not able to resolve the reported allegation. The most probable cause of the complaint is D15 - Cause Not Established; the investigation findings do not lead to a clear conclusion about the cause of the reported adverse event.

No further escalation is required.",A0404 | G04037 | C19 | D15;,A0404 | G04037;,1,"The product was not returned to Olympus for inspection; however, technical assistance center (TAC) provided remote troubleshooting and
1. Crack in the right center of the plastic lid

Troubleshooting was not able to resolve the reported allegation.

The investigation will be performed based on the available information.",Yashwanthreddy Patlolla,San Jose,"No indication of potential user error or complaint against the IFU/label has been received. Therefore, labeling review for this complaint is not required.","This complaint is not associated with a packaging issue, an incorrect labeling issue, a breach of sterile barrier packaging issue or traced to prior repair activities. Therefore, DHR review is not required.","A risk review was performed for failure, Crack in the right center of the plastic lid based on historical data of the last 12 months 8/4/2025 to 8/3/2026 and no unanticipated risks, new failures, and/or new harms were identified.","A complaint history review of the last 12 months of complaints 8/4/2025 to 8/3/2026 was performed for failure, Crack in the right center of the plastic lid and no trends were identified. 

A CAPA History Review was performed for failure, Crack in the right center of the plastic lid and no related CAPAs were found.","The investigation did not identify any nonconformances or issues related to this complaint that require further action; therefore, no escalation is necessary.","The complaint was reported because Crack in the right center of the plastic lid. 

The product was not returned to Olympus for inspection; however, technical assistance center (TAC) provided remote troubleshooting and
1. Crack in the right center of the plastic lid

This complaint is not associated with a packaging issue, an incorrect labeling issue, a breach of sterile barrier packaging issue or traced to prior repair activities. Therefore, DHR review is not required.

No indication of potential user error or complaint against the IFU/label has been received. Therefore, labeling review for this complaint is not required.

A risk review was performed, and no unanticipated failures or harms were identified.

A Complaint historical review of the last 12 months of complaints was performed and no trends were identified.

A CAPA History Review was performed and no related CAPAs were found.

The complaint was not confirmed; the device has not returned to Olympus and Troubleshooting was also not able to resolve the reported allegation. The most probable cause of the complaint is D15 - Cause Not Established; the investigation findings do not lead to a clear conclusion about the cause of the reported adverse event.

No further escalation is required.",,INV-944775,"E2403 - No Clinical Signs, Symptoms or Conditions;F2601 - Problem identified before clinical use/exposure;",;D15 - Cause Not Established;B11 - Historical Data Analysis;B15 - Analysis of Information Provided by User/Third Party;B17 - Device Not Returned;,A0404 - Crack;G04037 - Cover;,"A0404 - Crack;G04037 - Cover;C19 - No Device Problem Found;D15 - Cause Not Established;E2403 - No Clinical Signs, Symptoms or Conditions;F2601 - Problem identified before clinical use/exposure;B11 - Historical Data Analysis;B15 - Analysis of Information Provided by User/Third Party;B17 - Device Not Returned;"
CN-983190,,Pathway 2,1,Flex Video Scope: CYF-VH |  N6006040 (CYSTO-NEPHRO VIDEOSCOPE),Mohiddin Shaik,,No,No,,0,0,,,Health Professional; User Facility,,7/22/2026,,7/22/2026,,7/21/2026,0,French,Canada,OCI-DATASWEEP,OCI-DATASWEEP,26089268,26089268,CYF-VH,,Americas,"C01,Service Approval,Richmond Hill SP - Flexible",Not Reportable,Customer advised in the intake form: DOES NOT PASS THE LEAK TEST - LEAK BETWEEN THE HANDLE AND THE FIRST LINE OF THE INSERTION TUBE. No follow-up was performed with the customer. Due diligence contact is available for further correspondence.,Customer advised in the intake form: ‚ÄúNE PASSE PAS LE TEST D'ETANCHEITE - FUITE ENTRE LA POIGNEE ET 1ERE LIGNE DU TUBE D'INSERTION // FAILS LEAK TEST - LEAK BETWEEN HANDLE AND FIRST LINE OF INSERTION TUBE ‚Äù. No follow-up was performed with the customer. Due diligence contact is available for further correspondence.,UPDATE: Added Item Code / Material Number N6006040. MYJ 23JUL2026,JOS√âE,VALIQUETTE,,+1 111 4504322777,,gbmcentre.exploitation.cissslau@ssss.gouv.qc.ca,Y,Biomedical Engineer,290 RUE MONTIGNY,,"SAINT-JEROME, Quebec",,,,J7Z 5T3,,Canada,,No,CAN,HOPITAL HOTEL-DIEU DE SAINT-JEROME,"290 RUE MONTIGNY, ACCT #8536631, SAINT-JEROME, Quebec, J7Z 5T3, Canada",JOS√âE,,+1 111 4504322777,gbmcentre.exploitation.cissslau@ssss.gouv.qc.ca,VALIQUETTE,,,Biomedical Engineer,Y,Health Professional,,,No Information,No Information,No Information,No Information Available,Asked but Unknown,Asked but unknown,"<a href=""/a0o68000003Z2un"" target=""_blank"">CYF-VH</a>",N6006040,Flex Video Scope,CYF-VH,CYF-VH,JPN,SUSC003,"3-1 Okamiyama, Odakura,  Nishigo-Mura,, Nishishirakawa-Gun, Fukushima, <a href=""/"" target=""_blank""> </a>",4.95317E+12,,,"<a href=""/a4668000000AidZ"" target=""_blank"">SHIRAKAWA OLYMPUS CO., LTD.</a>",Shirakawa,Olympus Medical Systems Corp.,,,,,,,7920522,,0,7920522,0,Unknown,1,No,No,No,Re-Use,Surgical scope,Yes,,Yes,7/23/2026,,,3.35893E+11,Asked but unknown,Asked but unknown,Asked but unknown,Asked but unknown,1,,INQ-1123938,,,,,,The product was returned for investigation. The investigation results are summarized in the Product Analysis Summary. This complaint investigation is supported with prior investigations performed through the Product Technical Investigation (PTI) process.;,A050402 | G04134 | C0706 | D02;A040609 | G04134 | C0706 | D02;A0415 | G04134 | C0702 | D02;A07 | G04134 | C0601 | D02;A050402 | G04125 | C0601 | D02;,A050402 |;,1,"The investigation will be conducted using the information provided by the customer and the inspection findings from the Repair Center (see attached Inspection Results Report). 
As part of the evaluation, the device underwent a visual inspection and functional testing to determine its condition.

The following failures were identified: 
-LEAK TEST: Insertion Tube leaking. Leaking under IT boot protector [SUSC_Leakage Issue_PTI1]
-INSERTION TUBE: Insertion Tube is rippled. Insertion Tube has scratch marks ( may leak ). [SUSC_Instrument / suction channelbnormality_PTI7]
-IT INSULATION: Insertion Tube failed insulation test [SUSC_Insulation Failure_PTI6]
-LG TUBE: Light Guide tube is rippled/wrinkled [SUSC_Functionality Issues_PTI2]
-Video Cable: Cable Tube is rippled/wrinkled [SUSC_Functionality Issues_PTI2]

Based on the product analysis, the complaint is confirmed since the device has evidence of leak from tube due to scratch, which is consistent with the reported event.",Roberto Siles,Bartlett,Not required for Product Technical Investigation (PTI) complaints.,Not required for Product Technical Investigation (PTI) complaints.,Not required for Product Technical Investigation (PTI) complaints.,Not required for Product Technical Investigation (PTI) complaints.,Not required for Product Technical Investigation (PTI) complaints.,The product was returned for investigation. The investigation results are summarized in the Product Analysis Summary. This complaint investigation is supported with prior investigations performed through the Product Technical Investigation (PTI) process.;,,INV-942253,"E2403 - No Clinical Signs, Symptoms or Conditions;F26 - No Health Consequences or Impact;",;B01 - Testing of Actual/Suspected Device;,A050402 - Gas/Air Leak;G04134 - Tube;A040609 - Material Twisted/Bent;A0415 - Scratched Material;A07 - Electrical /Electronic Property Problem;G04125 - Strain Relief;,"A050402 - Gas/Air Leak;G04134 - Tube;C0706 - Stress Problem Identified;D02 - Cause Traced to Component Failure;A040609 - Material Twisted/Bent;A0415 - Scratched Material;C0702 - Friction Problem Identified;A07 - Electrical /Electronic Property Problem;C0601 - Degradation Problem Identified;G04125 - Strain Relief;E2403 - No Clinical Signs, Symptoms or Conditions;F26 - No Health Consequences or Impact;B01 - Testing of Actual/Suspected Device;"
CN-983343,,Pathway 2,1,"Rigid Scope: WAIR500A |  WAIR500A (Telescope ""IR"", 5.4 mm, 0∞)",Kolkarsuraj Ruhith,,No,No,,0,1,,,Health Professional; User Facility,,7/22/2026,,7/22/2026,Email,7/20/2026,0,English,United States,OCA-DATASWEEP,OCA-DATASWEEP,68282523,68282523,WAIR500A,,Americas,"B11,,NSC SP - Rigid",Not Reportable,Water in the lens,Water in the lens,,Sergio,Garcia,,+1(505)550-3391,,sgarcia24@phs.org,Y,Biomedical Engineer,2400 UNSER BLVD SE,Sergio Garcia - Sterile Proces,RIO RANCHO,,87124,4740,,NM,United States,,No,USA,PRESBYTERIAN HEALTHCARE SERVICES,"2400 UNSER BLVD SE, Sergio Garcia - Sterile Processing, RIO RANCHO, New Mexico, 87124-4740, United States",Sergio,,+1(505)550-3391,sgarcia24@phs.org,Garcia,,,Biomedical Engineer,Y,Health Professional,,,No Information,No Information,No Information,None,No Information,Reprocessing,"<a href=""/a0o68000003Z2vc"" target=""_blank"">WAIR500A</a>",WAIR500A,Rigid Scope,WAIR500A,WAIR500A,DEU,RGSC004,"Kuehnstrasse 61, Hamburg, Hamburg, <a href=""/"" target=""_blank""> </a>",4.04276E+12,,,"<a href=""/a46aa00000004oP"" target=""_blank"">Olympus Winter & Ibe GmbH</a>",Olympus Winter & Ibe GmbH,Olympus Winter & Ibe GmbH,,,,,,,800731,,0,800731,0,Reuse,1,No,No,No,Re-Use,Rigid Scope,Yes,,Yes,8/4/2026,,,,No,No,No,No,1,,INQ-1124085,,,,,,"The complaint was reported because Water in the lens
The product was returned and inspected. The product analysis confirmed that
-  scratches on E/P funnel 
- Scratches on distal frame
- found cracked lens in optical system
- Water in the lens

One or more failure mode(s) identified has been previously investigated through the Product Technical Investigation (PTI) process and therefore does not require any further investigation. See coding table for the PTI reference number associated with these failure modes.

This complaint is not associated with a packaging issue, an incorrect labeling issue, a breach of sterile barrier packaging issue or traced to prior repair activities. Therefore, [SHR] review is not required.

No indication of potential user error or complaint against the IFU/label has been received. Therefore, labeling review for this complaint is not required.

Historical complaints have been previously reported and investigated. This indicates that no unanticipated risks, new failure modes, or additional harms have been identified.

A historical review of the last 12 months of complaints was performed and no trends were identified.

A CAPA History Review was performed and no related CAPAs were found.

The complaint [was not confirmed]. The device has no evidence to confirms the complaint. The most probable cause of the complaint is D14 - No Problem Detected
Either it was not confirmed that there was a problem with the device, or it was confirmed that there was no problem with the device.

No further escalation is required.",A190501 | G05006 | C19 | D14;A0415 | G04085 | C0601 | D02;A0415 | G04027 | C0601 | D02;A0404 | G05006 | C0601 | D02;A040609 | G04134 | C0601 | D02;A040602 | G04134 | C0601 | D02;,A190501 | G05006;,1,"The investigation will be conducted using the information provided by the customer and the inspection findings from the Repair Center (see attached Inspection Results Report).
As part of the evaluation, the device underwent a visual inspection and functional testing to determine its condition.

The following failures were identified:
-  scratches on E/P funnel 
- Scratches on distal frame
- found cracked lens in optical system
- Water in the lens

Based on the product analysis, the complaint is confirmed since the device has evidence of Water in the lens, which is consistent with the reported event.",DeepthiManasa Bhamidipati,San Jose,"No indication of potential user error or complaint against the IFU/label has been received. Therefore, labeling review for this complaint is not required.","This complaint is not associated with a packaging issue, an incorrect labeling issue, a breach of sterile barrier packaging issue or traced to prior repair activities. Therefore, [SHR] review is not required.","Historical complaints for following failures have been previously reported and investigated. This indicates that no unanticipated risks, new failure modes, or additional harms have been identified.
-  scratches on E/P funnel 
- Scratches on distal frame
- found cracked lens in optical system
- Water in the lens","A complaint history review of the last 12 months of complaints [08/11/2025 to 08/10/2026] was performed for [describe the reported event and device malfunctions identified during product analysis] and no trends were identified.
-  scratches on E/P funnel 
- Scratches on distal frame
- found cracked lens in optical system
- Water in the lens

A CAPA History Review was performed for following failures and no related CAPAs were found.
-  scratches on E/P funnel 
- Scratches on distal frame
- found cracked lens in optical system
- Water in the lens","The investigation did not identify any nonconformances or issues related to this complaint that require further action; therefore, no escalation is necessary.","The complaint was reported because Water in the lens
The product was returned and inspected. The product analysis confirmed that
-  scratches on E/P funnel 
- Scratches on distal frame
- found cracked lens in optical system
- Water in the lens

One or more failure mode(s) identified has been previously investigated through the Product Technical Investigation (PTI) process and therefore does not require any further investigation. See coding table for the PTI reference number associated with these failure modes.

This complaint is not associated with a packaging issue, an incorrect labeling issue, a breach of sterile barrier packaging issue or traced to prior repair activities. Therefore, [SHR] review is not required.

No indication of potential user error or complaint against the IFU/label has been received. Therefore, labeling review for this complaint is not required.

Historical complaints have been previously reported and investigated. This indicates that no unanticipated risks, new failure modes, or additional harms have been identified.

A historical review of the last 12 months of complaints was performed and no trends were identified.

A CAPA History Review was performed and no related CAPAs were found.

The complaint [was not confirmed]. The device has no evidence to confirms the complaint. The most probable cause of the complaint is D14 - No Problem Detected
Either it was not confirmed that there was a problem with the device, or it was confirmed that there was no problem with the device.

No further escalation is required.",,INV-942404,"E2403 - No Clinical Signs, Symptoms or Conditions;F27 - Problem identified during non-clinical procedure.;",;D02 - Cause Traced to Component Failure;B01 - Testing of Actual/Suspected Device;B11 - Historical Data Analysis;,A190501 - Moisture Damage;G05006 - Lenses;A0415 - Scratched Material;G04085 - Manifold;G04027 - Chassis/Frame;A0404 - Crack;A040609 - Material Twisted/Bent;G04134 - Tube;A040602 - Dent in Material;,"A190501 - Moisture Damage;G05006 - Lenses;C19 - No Device Problem Found;D14 - No Problem Detected;A0415 - Scratched Material;G04085 - Manifold;C0601 - Degradation Problem Identified;D02 - Cause Traced to Component Failure;G04027 - Chassis/Frame;A0404 - Crack;A040609 - Material Twisted/Bent;G04134 - Tube;A040602 - Dent in Material;E2403 - No Clinical Signs, Symptoms or Conditions;F27 - Problem identified during non-clinical procedure.;B01 - Testing of Actual/Suspected Device;B11 - Historical Data Analysis;"
CN-983369,,Pathway 2,1,CDS: OER-Pro |  N3058140 (ENDOSCOPE REPROCESSOR),Mohiddin Shaik,,No,No,,0,0,,,Health Professional; User Facility,,7/22/2026,,7/22/2026,,7/22/2026,0,English,United States,OCA-SAP-SFDC,OCA-SAP-SFDC,OCA-SAP-SFDC Ref 20260722-3346873,20260722-3346873,OER-PRO,N3058140,Americas,,Not Reportable,"22 JUL 2026 Ralph Zito TAC ? 
*Endoscopy Technician Matthew Moreno reports OER-PRO | 2934613 displayed Error Code E05 during an automated cycle. No Connector Tubes were being used, but Connector jig (GN312400) was installed on the Tub Connector Ports. They pressed the Stop Button to quell the Code and called Olympus TAC for advice. 
*Using the OER-PRO Technical Guide and OER-PRO Operation Manual as my LM Reference Documents, I guided Matthew Moreno through troubleshooting. He observed that the Tub Fluid Level Sensor and Tub Float Sensor had intact Covers. He removed the covers, cleaned those Sensors with Iso-Alcohol and replaced the Covers. He observed that the Tub Float Sensor had free play and that when it was raised, it triggered the E05 Error Code to display again. He pressed the Stop Button to quell the Code He examined the Drain Port Mesh Filter Cover and Circulation Port Mesh Filter Cover and observed that they were clean and the ports unobstructed. He replaced them. He observed that the Drain Hose was not obstructed and draped correctly. OER-PRO | 2934613 shares a drain with another OER Unit, but that Unit was not in service at the time. No other OER units have displayed this Error Code. 
*I advised Matthew Moreno to call for another automated cycle. He will call TAC if there are further Error Codes.

22 JUL 2026 Kevin Phan (TAC Software): 
Matthew called back to advise that the error returned roughly 6 minutes into an automated reprocessing cycle. He refused further troubleshooting and is requesting dispatch to have the device repaired. Total cycle count and software version confirmed.

22 JUL 2026 - Brenda Cabatingan FSE - Reviewed event description, recommended parts. Ordered repair parts.

24JUL2026 ? Dima Bilal ? TAC
Matthew Moreno called in requesting an update on when the Field Service Engineer (FSE) would be onsite to repair the unit. The customer was advised that the case is currently assigned to the Field Service Engineer. The current service window is scheduled between July 22 and July 29. The FSE has ordered the required parts and is expected to contact the customer to coordinate the onsite service schedule.

At the customer's request, the Field Service Engineer's phone number and email address were provided.

Customer was informed of the current service status. No further TAC action is required at this time.

24 JUL 2026 - Brenda Cabatingan FSE - Performed thorough troubleshooting, checked the Error log, E05 occurs multiple times in different phase of the cycle, mostly during the cleaning cycle ( beginning of the cycle) and towards the end of the cycle ( second part of the Rinse process). Performed Rinse cycle, it completed without any error. I ran a full test cycle, it completed without any error. Unable to duplicate the reported E05 error. Upon reviewing further, the errors E05 Process 100B, 1012, 1016 , these process pointing to an intermittent issue with the 3 Port valve. 
Replaced 3 Port valve. Ran a full test cycle, it completed successfully, without any error. Performed Water line disinfection.
Equipment serviced and verified according to OER-PRO Technical Guide instructions. 
Service and Repair Checklist is attached to this case.
Equipment passed the electrical safety test with results attached.

27 JUL 2026 - Brenda Cabatingan FSE - Part#RL567300 is currently on back order. Unable to close the WO# due to current status (Processing). No longer need the part, FSE will request cancellation on this product.
28 JUL 2026 - Brenda Cabatingan FSE - Created Unconsumed parts return order, packed parts for shipping.","22 JUL 2026 Ralph Zito TAC ? 
*Endoscopy Technician Matthew Moreno reports OER-PRO | 2934613 displayed Error Code E05 during an automated cycle. No Connector Tubes were being used, but Connector jig (GN312400) was installed on the Tub Connector Ports. They pressed the Stop Button to quell the Code and called Olympus TAC for advice. 
*Using the OER-PRO Technical Guide and OER-PRO Operation Manual as my LM Reference Documents, I guided Matthew Moreno through troubleshooting. He observed that the Tub Fluid Level Sensor and Tub Float Sensor had intact Covers. He removed the covers, cleaned those Sensors with Iso-Alcohol and replaced the Covers. He observed that the Tub Float Sensor had free play and that when it was raised, it triggered the E05 Error Code to display again. He pressed the Stop Button to quell the Code He examined the Drain Port Mesh Filter Cover and Circulation Port Mesh Filter Cover and observed that they were clean and the ports unobstructed. He replaced them. He observed that the Drain Hose was not obstructed and draped correctly. OER-PRO | 2934613 shares a drain with another OER Unit, but that Unit was not in service at the time. No other OER units have displayed this Error Code. 
*I advised Matthew Moreno to call for another automated cycle. He will call TAC if there are further Error Codes.

22 JUL 2026 Kevin Phan (TAC Software): 
Matthew called back to advise that the error returned roughly 6 minutes into an automated reprocessing cycle. He refused further troubleshooting and is requesting dispatch to have the device repaired. Total cycle count and software version confirmed.

22 JUL 2026 - Brenda Cabatingan FSE - Reviewed event description, recommended parts. Ordered repair parts.

24JUL2026 ? Dima Bilal ? TAC
Matthew Moreno called in requesting an update on when the Field Service Engineer (FSE) would be onsite to repair the unit. The customer was advised that the case is currently assigned to the Field Service Engineer. The current service window is scheduled between July 22 and July 29. The FSE has ordered the required parts and is expected to contact the customer to coordinate the onsite service schedule.

At the customer's request, the Field Service Engineer's phone number and email address were provided.

Customer was informed of the current service status. No further TAC action is required at this time.

24 JUL 2026 - Brenda Cabatingan FSE - Performed thorough troubleshooting, checked the Error log, E05 occurs multiple times in different phase of the cycle, mostly during the cleaning cycle ( beginning of the cycle) and towards the end of the cycle ( second part of the Rinse process). Performed Rinse cycle, it completed without any error. I ran a full test cycle, it completed without any error. Unable to duplicate the reported E05 error. Upon reviewing further, the errors E05 Process 100B, 1012, 1016 , these process pointing to an intermittent issue with the 3 Port valve. 
Replaced 3 Port valve. Ran a full test cycle, it completed successfully, without any error. Performed Water line disinfection.
Equipment serviced and verified according to OER-PRO Technical Guide instructions. 
Service and Repair Checklist is attached to this case.
Equipment passed the electrical safety test with results attached.

27 JUL 2026 - Brenda Cabatingan FSE - Part#RL567300 is currently on back order. Unable to close the WO# due to current status (Processing). No longer need the part, FSE will request cancellation on this product.
28 JUL 2026 - Brenda Cabatingan FSE - Created Unconsumed parts return order, packed parts for shipping.","22 JUL 2026 Kevin Phan (TAC Software): 
Please see recommended parts list and dispatch FSE to service this unit
Entitlement confirmed - Full-service contract
Service contact confirmed - Matthew Moreno
Ship-to address confirmed. ATTN: Julie Thomas
Asset location same as ship-to address
=====
22 JUL 2026 - Magdelyn Guerrero (FS) Dispatched FSE Quyen Pham.

24 JUL 2026 - Brenda Cabatingan. FSE - Actual travel time was adjusted due to heavy traffic., Software Version: 3.06, Patch Number: N/A, Operating System: N/A, Firmware Version: 3.06",Matthew,Moreno,,661-649-1821,,matthewm661@yahoo.com,N,Non-Healthcare Professional,4260 TRUXTUN AVE,,BAKERSFIELD,,93309,682,,CA,United States,,No,USA,TRUXTUN SURGERY CENTER,4260 TRUXTUN AVE BAKERSFIELD California 93309-0682 United States,Matthew,,661-649-1821,matthewm661@yahoo.com,Moreno,,,Non-Healthcare Professional,N,Health Professional,,,NA,NA,NA,None,NA,Reprocessing,"<a href=""/a0o68000003YzcG"" target=""_blank"">OER-Pro</a>",N3058140,CDS,OER-Pro,OER-Pro,JPN,RPSR011,"3-1-1 Niiderakita, AIZUWAKAMATSU-SHI, Fukushima, <a href=""/"" target=""_blank""> </a>",4.95317E+12,,,"<a href=""/a4668000000AidX"" target=""_blank"">AIZU OLYMPUS CO., LTD.</a>",Aizu,Olympus Medical Systems Corp.,,,,,,,2934613,,0,2934613,0,Unknown,0,No,No,No,Re-Use,Reprocessor,No,,No,,,,,No,NA,No,No,0,,INQ-1124118,,,,,,"The product was not returned to Olympus for inspection; however, a field service engineer (FSE) was dispatched to customer site and E05 Error Code

The product was not returned to Olympus service team. The product analysis identified E05 Error Code.

A Device History Review was not required.

No indication of potential user error or complaint against the IFU/label has been received. Therefore, labeling review for this complaint is not required.

A risk review was performed and no unanticipated failures or harms were identified.

A historical review of the last 12 months of complaints was performed and no trends were identified.

A CAPA History Review was performed and no related CAPAs were found.

The complaint was confirmed; The most probable cause of the complaint is D02 - Cause Traced to Component Failure, Expected or random component failure without any design or manufacturing issue.

No further escalation is required.",A140302 | G04110 | C0601 | D02;,A140302 | G04110;,1,"The product was not returned to Olympus for inspection; however, a field service engineer (FSE) was dispatched to customer site and E05 Error Code.

The complaint [was] confirmed.

The investigation will be performed based on the available information.",Mohiddin Shaik,San Jose,"No indication of potential user error or complaint against the IFU/label has been received. Therefore, labeling review for this complaint is not required.","This complaint is not associated with a packaging issue, an incorrect labeling issue, a breach of sterile barrier packaging issue or traced to prior repair activities. Therefore, [DHR] review is not required.","Historical complaints for [E05 Error Code] have been previously reported and investigated. This indicates that no unanticipated risks, new failure modes, or additional harms have been identified.","A complaint history review of the last 12 months of complaints 7/31/2025- 7/30/2026 was performed for E05 Error Code and no trends were identified.

A CAPA History Review was performed for E05 Error Code and no related CAPAs were found.","The investigation did not identify any nonconformances or issues related to this complaint that require further action; therefore, no escalation is necessary.","The product was not returned to Olympus for inspection; however, a field service engineer (FSE) was dispatched to customer site and E05 Error Code

The product was not returned to Olympus service team. The product analysis identified E05 Error Code.

A Device History Review was not required.

No indication of potential user error or complaint against the IFU/label has been received. Therefore, labeling review for this complaint is not required.

A risk review was performed and no unanticipated failures or harms were identified.

A historical review of the last 12 months of complaints was performed and no trends were identified.

A CAPA History Review was performed and no related CAPAs were found.

The complaint was confirmed; The most probable cause of the complaint is D02 - Cause Traced to Component Failure, Expected or random component failure without any design or manufacturing issue.

No further escalation is required.",,INV-942441,"E2403 - No Clinical Signs, Symptoms or Conditions;F27 - Problem identified during non-clinical procedure.;",;D02 - Cause Traced to Component Failure;B11 - Historical Data Analysis;B01 - Testing of Actual/Suspected Device;B17 - Device Not Returned;,A140302 - Overfill;G04110 - Reservoir;,"A140302 - Overfill;G04110 - Reservoir;C0601 - Degradation Problem Identified;D02 - Cause Traced to Component Failure;E2403 - No Clinical Signs, Symptoms or Conditions;F27 - Problem identified during non-clinical procedure.;B11 - Historical Data Analysis;B01 - Testing of Actual/Suspected Device;B17 - Device Not Returned;"
CN-983541,,Pathway 2,1,Generators: UES-40 |  N1063430 (ELECTROSURGICAL UNIT),Deepa M,,No,No,,0,0,,,Health Professional; User Facility,,7/22/2026,,7/22/2026,,7/22/2026,0,English,United States,OCA-SAP-SFDC,OCA-SAP-SFDC,OCA-SAP-SFDC Ref 20260722-3347411,20260722-3347411,UES-40,N1063430,Americas,,Not Reportable,"22-JUL-2026-DougWhitaker-TAC
Nathan Perry, Biomed, is reporting that his UES-40 out put testing in monopolar mode, is testing 90-100 watts, when the maintenance reference is calling for 300 wats. 
When asked , he did state that there was no issue with reading when the bipolar mode was tested.
No issue is being reported for the testing of the device, but he is uncertain as to if monopolar mode has or is being used for procedure purpose, hence no issue being reported.
He was informed that if there is to be an issue with the device and the use of monopolar mode, there is no service avaiable offered any longer for the device.
Device no longer serviceable.
follow up to be provided as to modes used.

25-27-JUL-2026-DougWhitaker-TAC-No response/update from Nathan.
Should no response be made by 07/28/2026, case can be evaluated for proper escalation, possible closure.

28-JUL-2026-DougWhitaker-TAC-754a-No response/update/follow up provide from Nathan.
No further assistance has been requested.
Case can be closed.","22-JUL-2026-DougWhitaker-TAC
Nathan Perry, Biomed, is reporting that his UES-40 out put testing in monopolar mode, is testing 90-100 watts, when the maintenance reference is calling for 300 wats. 
When asked , he did state that there was no issue with reading when the bipolar mode was tested.
No issue is being reported for the testing of the device, but he is uncertain as to if monopolar mode has or is being used for procedure purpose, hence no issue being reported.
He was informed that if there is to be an issue with the device and the use of monopolar mode, there is no service avaiable offered any longer for the device.
Device no longer serviceable.
follow up to be provided as to modes used.

25-27-JUL-2026-DougWhitaker-TAC-No response/update from Nathan.
Should no response be made by 07/28/2026, case can be evaluated for proper escalation, possible closure.

28-JUL-2026-DougWhitaker-TAC-754a-No response/update/follow up provide from Nathan.
No further assistance has been requested.
Case can be closed.","22-JUL-2026-DougWhitaker-TAC
Nathan Perry
Biomed,
Phone: 9183447053
The ""Service Report provided to Customer"" box checked to close the case. No Field Service Report was sent to customer.

23-JUL-2026-DougWhitaker-TAC-910a-No update from Nathan.

24-JUL-2026-DougWhitaker-TAC-No update from Nathan.

29-JUL-2026-DougWhitaker-TAC-Closing the case., Software Version: null, Patch Number: null, Operating System: null, Firmware Version: null",Nathan,Perry,,+1(918) 599-5420,(918) 599-1095,nperry@ofumc.net,Y,Biomedical Engineer,744 W 9TH ST,,TULSA,,74127,9020,,OK,United States,,No,USA,OKLAHOMA STATE UNIV MEDICAL CENTER,744 W 9TH ST TULSA Oklahoma 74127-9020 United States,Nathan,,+1(918)599-5420,nperry@ofumc.net,Perry,,,Biomedical Engineer,Y,Health Professional,,,NA,NA,NA,None,NA,Service / Maintenance (not in a clinical setting),"<a href=""/a0o68000003Z2Su"" target=""_blank"">UES-40</a>",N1063430,Generators,UES-40,UES-40,JPN,CVCL014,"3-1 Okamiyama, Odakura,  Nishigo-Mura,, Nishishirakawa-Gun, Fukushima, <a href=""/"" target=""_blank""> </a>",4.95317E+12,,,"<a href=""/a4668000000AidZ"" target=""_blank"">SHIRAKAWA OLYMPUS CO., LTD.</a>",Shirakawa,Olympus Medical Systems Corp.,,,,,,,7813763,,0,7813763,0,Unknown,1,No,No,NI,Re-Use,CV and CLV,No,,No,,,,,No,NA,No,No,0,,INQ-1124616,,,,,,"The product was not returned to Olympus for inspection; however, technical assistance center (TAC) provided remote troubleshooting and 22-JUL-2026-DougWhitaker-TAC Nathan Perry, Biomed, is reporting that his UES-40 out put testing in monopolar mode, is testing 90-100 watts, when the maintenance reference is calling for 300 wats. When asked , he did state that there was no issue with reading when the bipolar mode was tested.No issue is being reported for the testing of the device, but he is uncertain as to if monopolar mode has or is being used for procedure purpose, hence no issue being reported. He was informed that if there is to be an issue with the device and the use of monopolar mode, there is no service avaiable offered any longer for the device. Device no longer serviceable. follow up to be provided as to modes used. 25-27-JUL-2026-DougWhitaker-TAC-No response/update from Nathan. Should no response be made by 07/28/2026, case can be evaluated for proper escalation, possible closure. 28-JUL-2026-DougWhitaker-TAC-754a-No response/update/follow up provide from Nathan. No further assistance has been requested. Case can be closed.

Troubleshooting [was not] able to resolve the reported allegation.

The investigation will be performed based on the available information.

This complaint is not associated with a packaging issue, an incorrect labeling issue, a breach of sterile barrier packaging issue or traced to prior repair activities. Therefore, [DHR] review is not required.

No indication of potential user error or complaint against the IFU/label has been received. Therefore, labeling review for this complaint is not required.

Historical complaints for [ UES-40 out put testing in monopolar mode, is testing 90-100 watts, when the maintenance reference is calling for 300 wats. ] have been previously reported and investigated. This indicates that no unanticipated risks, new failure modes, or additional harms have been identified

A complaint history review of the last 12 months of complaints [01 Aug 2025 to 31 July 2026] was performed for [UES-40 out put testing in monopolar mode, is testing 90-100 watts, when the maintenance reference is calling for 300 wats. ] and no trends were identified.

A CAPA History Review was performed for [UES-40 out put testing in monopolar mode, is testing 90-100 watts, when the maintenance reference is calling for 300 wats. ] and no related CAPAs were found.

The complaint [was confirmed], the device has the UES?40 monopolar mode output measured approximately 90-100 W compared to the maintenance reference value of 300 W, while bipolar mode tested normally. Therefore, the reported low monopolar output condition was confirmed. The most probable cause of the complaint is D02 - Cause Traced to Component Failure Expected or random component failure without any design or manufacturing issue..

No further escalation is required.",A0904 |  | C02 | D02;,A0904 |;,1,"The product was not returned to Olympus for inspection; however, technical assistance center (TAC) provided remote troubleshooting and 22-JUL-2026-DougWhitaker-TAC Nathan Perry, Biomed, is reporting that his UES-40 out put testing in monopolar mode, is testing 90-100 watts, when the maintenance reference is calling for 300 wats. When asked , he did state that there was no issue with reading when the bipolar mode was tested.No issue is being reported for the testing of the device, but he is uncertain as to if monopolar mode has or is being used for procedure purpose, hence no issue being reported. He was informed that if there is to be an issue with the device and the use of monopolar mode, there is no service avaiable offered any longer for the device. Device no longer serviceable. follow up to be provided as to modes used. 25-27-JUL-2026-DougWhitaker-TAC-No response/update from Nathan. Should no response be made by 07/28/2026, case can be evaluated for proper escalation, possible closure. 28-JUL-2026-DougWhitaker-TAC-754a-No response/update/follow up provide from Nathan. No further assistance has been requested. Case can be closed.

Troubleshooting [was not] able to resolve the reported allegation.

The investigation will be performed based on the available information.",Deepa M,San Jose,"No indication of potential user error or complaint against the IFU/label has been received. Therefore, labeling review for this complaint is not required","This complaint is not associated with a packaging issue, an incorrect labeling issue, a breach of sterile barrier packaging issue or traced to prior repair activities. Therefore, [DHR] review is not required.","Historical complaints for [ UES-40 out put testing in monopolar mode, is testing 90-100 watts, when the maintenance reference is calling for 300 wats. ] have been previously reported and investigated. This indicates that no unanticipated risks, new failure modes, or additional harms have been identified","A complaint history review of the last 12 months of complaints [01 Aug 2025 to 31 July 2026] was performed for [UES-40 out put testing in monopolar mode, is testing 90-100 watts, when the maintenance reference is calling for 300 wats. ] and no trends were identified.

A CAPA History Review was performed for [UES-40 out put testing in monopolar mode, is testing 90-100 watts, when the maintenance reference is calling for 300 wats. ] and no related CAPAs were found.","The investigation did not identify any nonconformances or issues related to this complaint that require further action; therefore, no escalation is necessary","The product was not returned to Olympus for inspection; however, technical assistance center (TAC) provided remote troubleshooting and 22-JUL-2026-DougWhitaker-TAC Nathan Perry, Biomed, is reporting that his UES-40 out put testing in monopolar mode, is testing 90-100 watts, when the maintenance reference is calling for 300 wats. When asked , he did state that there was no issue with reading when the bipolar mode was tested.No issue is being reported for the testing of the device, but he is uncertain as to if monopolar mode has or is being used for procedure purpose, hence no issue being reported. He was informed that if there is to be an issue with the device and the use of monopolar mode, there is no service avaiable offered any longer for the device. Device no longer serviceable. follow up to be provided as to modes used. 25-27-JUL-2026-DougWhitaker-TAC-No response/update from Nathan. Should no response be made by 07/28/2026, case can be evaluated for proper escalation, possible closure. 28-JUL-2026-DougWhitaker-TAC-754a-No response/update/follow up provide from Nathan. No further assistance has been requested. Case can be closed.

Troubleshooting [was not] able to resolve the reported allegation.

The investigation will be performed based on the available information.

This complaint is not associated with a packaging issue, an incorrect labeling issue, a breach of sterile barrier packaging issue or traced to prior repair activities. Therefore, [DHR] review is not required.

No indication of potential user error or complaint against the IFU/label has been received. Therefore, labeling review for this complaint is not required.

Historical complaints for [ UES-40 out put testing in monopolar mode, is testing 90-100 watts, when the maintenance reference is calling for 300 wats. ] have been previously reported and investigated. This indicates that no unanticipated risks, new failure modes, or additional harms have been identified

A complaint history review of the last 12 months of complaints [01 Aug 2025 to 31 July 2026] was performed for [UES-40 out put testing in monopolar mode, is testing 90-100 watts, when the maintenance reference is calling for 300 wats. ] and no trends were identified.

A CAPA History Review was performed for [UES-40 out put testing in monopolar mode, is testing 90-100 watts, when the maintenance reference is calling for 300 wats. ] and no related CAPAs were found.

The complaint [was confirmed], the device has the UES?40 monopolar mode output measured approximately 90-100 W compared to the maintenance reference value of 300 W, while bipolar mode tested normally. Therefore, the reported low monopolar output condition was confirmed. The most probable cause of the complaint is D02 - Cause Traced to Component Failure Expected or random component failure without any design or manufacturing issue..

No further escalation is required.",,INV-942612,"E2403 - No Clinical Signs, Symptoms or Conditions;F27 - Problem identified during non-clinical procedure.;",;D02 - Cause Traced to Component Failure;B11 - Historical Data Analysis;B17 - Device Not Returned;B15 - Analysis of Information Provided by User/Third Party;,A0904 - Energy Output Problem;;,"A0904 - Energy Output Problem;;C02 - Electrical Problem Identified;D02 - Cause Traced to Component Failure;E2403 - No Clinical Signs, Symptoms or Conditions;F27 - Problem identified during non-clinical procedure.;B11 - Historical Data Analysis;B17 - Device Not Returned;B15 - Analysis of Information Provided by User/Third Party;"
CN-983561,,Pathway 2,1,CDS: OER-ELITE |  N5789340 (ENDOSCOPE REPROCESSOR),Abhishek Malviya,,No,No,,0,0,,,Health Professional; User Facility,,7/22/2026,,7/22/2026,,7/22/2026,0,English,United States,OCA-SAP-SFDC,OCA-SAP-SFDC,OCA-SAP-SFDC Ref 20260722-3347485,20260722-3347485,OER-ELITE,N5789340,Americas,,Not Reportable,"22 JUL 2026 Sarah Barettino (TAC) 
OER-ELITE | 2201332 - E023 The air flush pressure and fluid feeding pressure are too high
Kitrell, endo tech calling in because OER is displaying E023. Prior to calling had changed air filter from previous error and power cycled unit. Error is persistent for multiple reprocessing attempts. No customer remedial actions available in OER-Elite technical guide. Dispatch requested. WO off to dispatch.

23 JUL 2026 - Paul White (FSE) Received case at 8:30am MST. Onsite tested the OER-Elite to confirm issue. Issue found to be E021 not E023. Confirmed the compressor was working and that there were no leaks in the unit. Lights on the CPU board not lighting up on the starting or stopping of the different pumps. Opened second Parts Request and ordered the CPU board and SSR to insure the completion of the repair.


28 JUL 2026 Ed McCawley (FSE): FSE arrived on site and a the FSE replaced the compressor that was ordered.  The FSE removed the old one and replaced it with the new compressor and ensured all of the connections and hose that were removed were put back in place and in good condition.  The FSE opened the maintenance tool an confirmed that the Compressor was working.  The FSE  ran program X and inspected the unit for any possible leaks and about 10 minutes in the machine alarmed an E023 error code.  The FSE used the maintenance tool to run the pressure sensor adjustment and when the pressure was checked it was at 1023.  The FSE adjusted the pressure in the range of 695 to 750  and ran the machine again. Program X was ran and the machine alarmed about 5 minutes in e021-3.  The FSE confirmed all of the tubing was firmly seated and there werent any air leaks.  The FSE ran an air purge and again the machine alarmed  e021-3  the FSE at that point got a new airfilter to confirm that there was not a problem with the existing filter.  The Air purge was ran again and the machine failed again.  The FSE went into the maintenance program again and tested the recovery valve and there was a noticeable audible click.  The FSE then tested the bypass valve to see if there was also an audible click and there was only a faint click which should be louder.  The FSE ordered the Bypass Valve and informed the customer of the findings and will come back the next day to replace the bypass valve.

30 JUL 2026 ? Ed McCawley (FSE) ? FSE arrived on customer site and replaced the bad bypass valve with a new one.  The FSE Then performed program X to confirm the unit was working properly.  The ubit passed the Program X test program and the Customer was made aware of the repair that was done and that they could use the unit for Patient care.  Completed test cycle successfully with no errors.  Performed repair per OER-Elite Technical Guide.  Equipment passed the electrical safety test with results attached.

31 JUL 2026 ? Ed McCawley (FSE) ? Labor time for today is for case closure and review for FSM","22 JUL 2026 Sarah Barettino (TAC) 
OER-ELITE | 2201332 - E023 The air flush pressure and fluid feeding pressure are too high
Kitrell, endo tech calling in because OER is displaying E023. Prior to calling had changed air filter from previous error and power cycled unit. Error is persistent for multiple reprocessing attempts. No customer remedial actions available in OER-Elite technical guide. Dispatch requested. WO off to dispatch.

23 JUL 2026 - Paul White (FSE) Received case at 8:30am MST. Onsite tested the OER-Elite to confirm issue. Issue found to be E021 not E023. Confirmed the compressor was working and that there were no leaks in the unit. Lights on the CPU board not lighting up on the starting or stopping of the different pumps. Opened second Parts Request and ordered the CPU board and SSR to insure the completion of the repair.


28 JUL 2026 Ed McCawley (FSE): FSE arrived on site and a the FSE replaced the compressor that was ordered.  The FSE removed the old one and replaced it with the new compressor and ensured all of the connections and hose that were removed were put back in place and in good condition.  The FSE opened the maintenance tool an confirmed that the Compressor was working.  The FSE  ran program X and inspected the unit for any possible leaks and about 10 minutes in the machine alarmed an E023 error code.  The FSE used the maintenance tool to run the pressure sensor adjustment and when the pressure was checked it was at 1023.  The FSE adjusted the pressure in the range of 695 to 750  and ran the machine again. Program X was ran and the machine alarmed about 5 minutes in e021-3.  The FSE confirmed all of the tubing was firmly seated and there werent any air leaks.  The FSE ran an air purge and again the machine alarmed  e021-3  the FSE at that point got a new airfilter to confirm that there was not a problem with the existing filter.  The Air purge was ran again and the machine failed again.  The FSE went into the maintenance program again and tested the recovery valve and there was a noticeable audible click.  The FSE then tested the bypass valve to see if there was also an audible click and there was only a faint click which should be louder.  The FSE ordered the Bypass Valve and informed the customer of the findings and will come back the next day to replace the bypass valve.

30 JUL 2026 ? Ed McCawley (FSE) ? FSE arrived on customer site and replaced the bad bypass valve with a new one.  The FSE Then performed program X to confirm the unit was working properly.  The ubit passed the Program X test program and the Customer was made aware of the repair that was done and that they could use the unit for Patient care.  Completed test cycle successfully with no errors.  Performed repair per OER-Elite Technical Guide.  Equipment passed the electrical safety test with results attached.

31 JUL 2026 ? Ed McCawley (FSE) ? Labor time for today is for case closure and review for FSM","22 JUL 2026 Sarah Barettino (TAC) 
Unit covered under full-service contract through 10/26/2028. Confirmed ship to for parts and location of unit. WO created off to dispatch.

Ship to for parts and location of unit
Attn: Kitrell Cleveland
NORTH VALLEY SURGERY CENTER
8901 E RAINTREE DR 
SCOTTSDALE AZ 85260-7026
===
22 JUL 2026 Carolina Perez (FS): Dispatched FSE secondary Edwin McCawley

23 JUL 2026 Kevin Phan (TAC Software): 
Andrea Roberts, 317-402-9536/Andrea.roberts@sovereignhealthcare.net, Charge Nurse, called for an update on this request. Reached out to Field Service Support - Carolina Perez for further information.
===
23 JUL 2026 Carolina Perez (FS):  Emailed FSE Edwin McCawley and FSM Bryant Romero-Dispatched FSE Paul White

23 JUL 2026 - Paul White (FSE) Case received and parts ordered.
Error was E021 not E023. New Parts Order created to order the other parts., Software Version: 1.10, Patch Number: N/A, Operating System: N/A, Firmware Version: null",Kitrell,Cleveland,,480-450-0872,,kitrell.cleveland@sovereignhealthcare.net,Y,Nurse,8901 E RAINTREE DR,,SCOTTSDALE,,85260,7026,,AZ,United States,,No,USA,NORTH VALLEY SURGERY CENTER,8901 E RAINTREE DR SCOTTSDALE Arizona 85260-7026 United States,Kitrell,,480-450-0872,kitrell.cleveland@sovereignhealthcare.net,Cleveland,,,Nurse,Y,Health Professional,,,NA,NA,NA,None,NA,Reprocessing,"<a href=""/a0o68000003Z2vs"" target=""_blank"">OER-ELITE</a>",N5789340,CDS,OER-ELITE,OER-ELITE,JPN,RPSR013,"3-1-1 Niiderakita, AIZUWAKAMATSU-SHI, Fukushima, <a href=""/"" target=""_blank""> </a>",4.95317E+12,,,"<a href=""/a4668000000AidX"" target=""_blank"">AIZU OLYMPUS CO., LTD.</a>",Aizu,Olympus Medical Systems Corp.,,,,,,,2201332,,0,2201332,0,Unknown,0,No,No,No,Re-Use,Reprocessor,No,,No,,,,,No,No,No,No,0,,INQ-1124637,,,,,,"""The complaint was reported because [E023 The air flush pressure and fluid feeding pressure are too high]. 
The product was returned and inspected. The product analysis confirmed that E023 The air flush pressure and fluid feeding pressure are too high.
Onsite tested the OER-Elite to confirm issue. Issue found to be E021 not E023.
 no leaks in the unit. Lights on the CPU board not lighting up on the starting or stopping of the different pumps.
replaced with the new compressor.
The FSE replaced the Bypass Valve 


A DHR review was not required. 
A labeling review was not required. 
Historical complaints  for [E023 The air flush pressure and fluid feeding pressure are too high.
Onsite tested the OER-Elite to confirm issue. Issue found to be E021 not E023.
 no leaks in the unit. Lights on the CPU board not lighting up on the starting or stopping of the different pumps.
replaced with the new compressor.
The FSE replaced the Bypass Valve ] have been previously reported and investigated. This indicates that no unanticipated risks, new failure modes, or additional harms have been identified.

A historical review of the last 12 months of complaints was performed and no trends were identified.  
A CAPA History Review was performed and no related CAPAs were found.  

The complaint [was confirmed], The device had a Pressure Problem. The most probable cause of the complaint is [D02 - Cause Traced to Component Failure
Expected or random component failure without any design or manufacturing issue.]. 
No further escalation is required.""",A141102 | G04036 | C1504 | D02;A150105 | G0201401 | C02 | D02;A0405 | G04135 | C0601 | D02;A0405 | G04036 | C0601 | D02;,A141102 |;,1,"""The complaint is for the issue of ?[E023 The air flush pressure and fluid feeding pressure are too high"".
The product was not returned and therefore could not be examined. However, the FSE was dispatched to the site and the inspection identified:
E023 The air flush pressure and fluid feeding pressure are too high.
Onsite tested the OER-Elite to confirm issue. Issue found to be E021 not E023.
 no leaks in the unit. Lights on the CPU board not lighting up on the starting or stopping of the different pumps.
replaced with the new compressor.
The FSE replaced the Bypass Valve 

The complaint was confirmed. The device had a Pressure Problem.

The investigation will be performed based on the available information.",Bryant Arias,San Jose,"No indication of potential user error or complaint against the IFU/label has been received. Therefore, labeling review for this complaint is not required.","This complaint is not associated with a packaging issue, an incorrect labeling issue, a breach of sterile barrier packaging issue or traced to prior repair activities. Therefore, [DHR] review is not required.","""Historical complaints  for [E023 The air flush pressure and fluid feeding pressure are too high.
Onsite tested the OER-Elite to confirm issue. Issue found to be E021 not E023.
 no leaks in the unit. Lights on the CPU board not lighting up on the starting or stopping of the different pumps.
replaced with the new compressor.
The FSE replaced the Bypass Valve ] have been previously reported and investigated. This indicates that no unanticipated risks, new failure modes, or additional harms have been identified.","""A complaint history review of the last 12 months of complaints 11 AUG 2025 to 10 AUG 2026 was performed for [E023 The air flush pressure and fluid feeding pressure are too high.
Onsite tested the OER-Elite to confirm issue. Issue found to be E021 not E023.
 no leaks in the unit. Lights on the CPU board not lighting up on the starting or stopping of the different pumps.
replaced with the new compressor.
The FSE replaced the Bypass Valve ] and no trends were identified. 



""A CAPA History Review was performed for [E023 The air flush pressure and fluid feeding pressure are too high.
Onsite tested the OER-Elite to confirm issue. Issue found to be E021 not E023.
 no leaks in the unit. Lights on the CPU board not lighting up on the starting or stopping of the different pumps.
replaced with the new compressor.
The FSE replaced the Bypass Valve ]   and no related CAPAs were found.","The investigation did not identify any nonconformances or issues related to this complaint that require further action; therefore, no escalation is necessary.","""The complaint was reported because [E023 The air flush pressure and fluid feeding pressure are too high]. 
The product was returned and inspected. The product analysis confirmed that E023 The air flush pressure and fluid feeding pressure are too high.
Onsite tested the OER-Elite to confirm issue. Issue found to be E021 not E023.
 no leaks in the unit. Lights on the CPU board not lighting up on the starting or stopping of the different pumps.
replaced with the new compressor.
The FSE replaced the Bypass Valve 


A DHR review was not required. 
A labeling review was not required. 
Historical complaints  for [E023 The air flush pressure and fluid feeding pressure are too high.
Onsite tested the OER-Elite to confirm issue. Issue found to be E021 not E023.
 no leaks in the unit. Lights on the CPU board not lighting up on the starting or stopping of the different pumps.
replaced with the new compressor.
The FSE replaced the Bypass Valve ] have been previously reported and investigated. This indicates that no unanticipated risks, new failure modes, or additional harms have been identified.

A historical review of the last 12 months of complaints was performed and no trends were identified.  
A CAPA History Review was performed and no related CAPAs were found.  

The complaint [was confirmed], The device had a Pressure Problem. The most probable cause of the complaint is [D02 - Cause Traced to Component Failure
Expected or random component failure without any design or manufacturing issue.]. 
No further escalation is required.""",,INV-942633,"F27 - Problem identified during non-clinical procedure.;E2403 - No Clinical Signs, Symptoms or Conditions;",;B01 - Testing of Actual/Suspected Device;B11 - Historical Data Analysis;B17 - Device Not Returned;B15 - Analysis of Information Provided by User/Third Party;,A141102 - Increase in Pressure;G04036 - Compressor;A150105 - Key or Button Unresponsive/not Working;G0201401 - Indicator;A0405 - Degraded;G04135 - Valve(s);,"A141102 - Increase in Pressure;G04036 - Compressor;C1504 - Environmental Pressure Problem Identified;D02 - Cause Traced to Component Failure;A150105 - Key or Button Unresponsive/not Working;G0201401 - Indicator;C02 - Electrical Problem Identified;A0405 - Degraded;G04135 - Valve(s);C0601 - Degradation Problem Identified;F27 - Problem identified during non-clinical procedure.;E2403 - No Clinical Signs, Symptoms or Conditions;B01 - Testing of Actual/Suspected Device;B11 - Historical Data Analysis;B17 - Device Not Returned;B15 - Analysis of Information Provided by User/Third Party;"
CN-983577,,Pathway 2,1,"Rigid Scope: A22001A |  A22001A (Telescope, 12∞, 4 mm)",Tania Monge,,No,No,,0,0,,,Health Professional; User Facility,,7/22/2026,,7/22/2026,,,1,English,United States,OCA-DATASWEEP,OCA-DATASWEEP,26089633,26089633,A22001A,A22001A,Americas,"B11,Incoming,NSC SP - Rigid",Not Reportable,Pin Broke off,Pin Broke off; clarification requested no additional information at the time of intake.,,ROMAN,DRESSEN,,4024868415,,rdreesen@lincolnsurgery.com,N,NA,1710 S 70TH ST,,LINCOLN,,68506,1682,,NE,United States,,,USA,LINCOLN SURGERY CENTER LLC,"1710 S 70TH ST, LINCOLN, Nebraska, 68506-1682, United States",ROMAN,,4024868415,rdrerdreesen@lincolnsurgery.com,DRESSEN,,,NA,N,No Information,,,No Information,No Information,No Information,No Information Available,,During set up / Inspection for use (during set up in room / before patient in room),"<a href=""/a0o68000003Z237"" target=""_blank"">A22001A</a>",A22001A,Rigid Scope,A22001A,A22001A,DEU,RGSC002,"Kuehnstrasse 61, Hamburg, Hamburg, <a href=""/"" target=""_blank""> </a>",4.04276E+12,,,"<a href=""/a46aa00000004oP"" target=""_blank"">Olympus Winter & Ibe GmbH</a>",Olympus Winter & Ibe GmbH,Olympus Winter & Ibe GmbH,,,,,,,623871A,,0,623871A,0,Reuse,1,,No,,Re-Use,Rigid Scope,,,Yes,8/11/2026,,,8.75548E+11,No,,No,No,1,,INQ-1124663,,,,,,"The complaint was reported because ""Pin Broke off/ Light Post or alignment/locking pin,"".

The product was returned and inspected. The product analysis confirmed physical damage. In addition, found proximal bent on outer tube, fiber breakage, dent on distal frame and cracked lens in optical system

A Device History Review was not completed.

A labeling review was not conducted

A risk review was performed, and no unanticipated failures or harms were identified.

A historical review of the last 12 months of complaints was performed and no trends were identified.

A CAPA History Review was performed and no related CAPAs were found.

The complaint was confirmed; direction pin broke off. The most probable cause of the complaint is D02 - Cause Traced to Component Failure, which is expected or random component failure without any design or manufacturing issue.

No further escalation is required.",A0401 | G05009 | C0706 | D02;A0401 | G0405209 | C0706 | D02;A040602 | G04027 | C0706 | D02;A040609 | G04134 | C0706 | D02;A0404 | G05006 | C0706 | D02;,A0401 | G0405209;,1,"The investigation will be conducted using the information provided by the customer and the inspection findings from the Repair Center (see attached Inspection Results Report).
As part of the evaluation, the device underwent a visual inspection and functional testing to determine its condition.

The following failures were identified:
- Pin Broke off/ Light Post or alignment/locking pin, direction pin broke off,
- proximal bent on outer tube,
- fiber breakage, 
- dent on distal frame 
- cracked lens in optical system


Based on the product analysis, the complaint is confirmed since the device has evidence of direction pin broke off, which is consistent with the reported event.",Tricia Thompson,Bartlett,"No indication of potential user error or complaint against the IFU/label has been received. Therefore, labeling review for this complaint is not required.","This complaint is not associated with a packaging issue, an incorrect labeling issue, a breach of sterile barrier packaging issue or traced to prior repair activities. Therefore, DHR review is not required.","Historical complaints for Pin Broke off/ Light Post or alignment/locking pin and fiber breakage (A0401 - Break) proximal bent on outer tube (A040609 - Material Twisted/Bent), dent on distal frame (A040602 - Dent in Material) and cracked lens in optical system (A0404 - Crack) have been previously reported and investigated. This indicates that no unanticipated risks, new failure modes, or additional harms have been identified.","Complaint History Review
A complaint history review of the last 12 months of complaints 18-AUG-2025 to 17-AUG-2026 was performed for findings below and no trends were identified.
Pin Broke off/ Light Post or alignment/locking pin and fiber breakage (A0401 - Break) 
(As reported) The complaint Rate within the last 1 to 30 days is 4 which does not exceed the UCL of 15.7
(As analyzed) The complaint Rate within the last 1 to 30 days is 4 which does not exceed the UCL of 26.9

proximal bent on outer tube (A040609 - Material Twisted/Bent)
The complaint Rate within the last 1 to 30 days is 9 which does not exceed the UCL of 47

dent on distal frame (A040602 - Dent in Material) 
The complaint Rate within the last 1 to 30 days is 2 which does not exceed the UCL of 23.6

cracked lens in optical system (A0404 - Crack)
The complaint Rate within the last 1 to 30 days is 5 which does not exceed the UCL of 10.9


CAPA History Review
A CAPA History Review was performed for Pin Broke off/ Light Post or alignment/locking pin and fiber breakage (A0401 - Break) proximal bent on outer tube (A040609 - Material Twisted/Bent), dent on distal frame (A040602 - Dent in Material) and cracked lens in optical system (A0404 - Crack) and no related CAPAs were found.","The investigation did not identify any nonconformances or issues related to this complaint that require further action; therefore, no escalation is necessary.","The complaint was reported because ""Pin Broke off/ Light Post or alignment/locking pin,"".

The product was returned and inspected. The product analysis confirmed physical damage. In addition, found proximal bent on outer tube, fiber breakage, dent on distal frame and cracked lens in optical system

A Device History Review was not completed.

A labeling review was not conducted

A risk review was performed, and no unanticipated failures or harms were identified.

A historical review of the last 12 months of complaints was performed and no trends were identified.

A CAPA History Review was performed and no related CAPAs were found.

The complaint was confirmed; direction pin broke off. The most probable cause of the complaint is D02 - Cause Traced to Component Failure, which is expected or random component failure without any design or manufacturing issue.

No further escalation is required.",,INV-942646,"E2403 - No Clinical Signs, Symptoms or Conditions;F26 - No Health Consequences or Impact;",;D02 - Cause Traced to Component Failure;B01 - Testing of Actual/Suspected Device;B11 - Historical Data Analysis;,A0401 - Break;G0405209 - Pin;G05009 - Optical Fiber;A040602 - Dent in Material;G04027 - Chassis/Frame;A040609 - Material Twisted/Bent;G04134 - Tube;A0404 - Crack;G05006 - Lenses;,"A0401 - Break;G0405209 - Pin;G05009 - Optical Fiber;C0706 - Stress Problem Identified;D02 - Cause Traced to Component Failure;A040602 - Dent in Material;G04027 - Chassis/Frame;A040609 - Material Twisted/Bent;G04134 - Tube;A0404 - Crack;G05006 - Lenses;E2403 - No Clinical Signs, Symptoms or Conditions;F26 - No Health Consequences or Impact;B01 - Testing of Actual/Suspected Device;B11 - Historical Data Analysis;"
CN-983598,,Pathway 2,1,"Flexible Scope: WA96300A |  WA96300A (Sinuscope, 2.7 x 187 mm, 0∞, HD, Standard, autoclavable)",Yashwanthreddy Patlolla,,No,No,,0,0,,,Health Professional; User Facility,,7/22/2026,,7/22/2026,,,1,English,United States,OCA-DATASWEEP,OCA-DATASWEEP,26089653,26089653,WA96300A,WA96300A,Americas,"B11,Service Approval,NSC SP - Rigid",Not Reportable,"reported that it is blurry CLARIFICATION REQUESTED, NO ADDITIONAL DETAIL AVAILABLE AT TIME OF INTAKE","reported that it is blurry CLARIFICATION REQUESTED, NO ADDITIONAL DETAIL AVAILABLE AT TIME OF INTAKE",,Alex,Melnik,,4256904738,,alex_melnik@valleymed.org,Y,Biomedical Engineer,400 S 43RD ST,,RENTON,,98055,,,WA,United States,,No,USA,PUBLIC HOSPITAL DISTRICT NO 1 OF,"400 S 43RD ST, RENTON, Washington, 98055, United States",Alex,,4256904738,alex_melnik@valleymed.org,Melnik,,,Biomedical Engineer,Y,No Information,,,No Information,No Information,No Information,No Information Available,,Asked but unknown,"<a href=""/a0o68000003Z2jl"" target=""_blank"">WA96300A</a>",WA96300A,Flexible Scope,WA96300A,WA96300A,DEU,No Reference,"ROBERT-BOSCH-STR. 1-3, DENZLINGEN, BADEN-WUERTTEMBERG, <a href=""/"" target=""_blank""> </a>",4.25048E+12,,,"<a href=""/a46aa00000027Ok"" target=""_blank"">SCHOELLY FIBEROPTIC GMBH</a>",SCHOELLY FIBEROPTIC GMBH,SCHOELLY FIBEROPTIC GMBH,,,,,,,1044968,,0,1044968,0,Unknown,0,,,,Re-Use,Miscellaneous,Yes,,Yes,7/30/2026,,,,No,,No,No,1,,INQ-1124722,,,,,,"The complaint was reported because reported that it is blurry.

The product was returned and inspected. The product analysis confirmed and inspection identified:
-OUTER TUBE found Bent on proximal end, Received without protective tube
-OPTICAL FIBER S found Confirmed UR of blurry image, broken optical lenses.

This complaint is not associated with a packaging issue, an incorrect labeling issue, a breach of sterile barrier packaging issue or traced to prior repair activities. Therefore, DHR review is not required.

No indication of potential user error or complaint against the IFU/label has been received. Therefore, labeling review for Pathway 2 complaints is not required.

A risk review was performed, and no unanticipated failures or harms were identified.

A complaint historical review of the last 12 months of complaints was performed and no trends were identified.

A CAPA History Review was performed and no related CAPAs were found.

The complaint was confirmed; the device has found blurry image due to broken optical lens. The most probable cause of the complaint is D02 - Cause Traced to Component Failure, Expected or random component failure without any design or manufacturing issue.


No further escalation is required.",A090208 | G05 | C0601 | D02;A040609 | G04129 | C0706 | D02;A0401 | G05006 | C0706 | D02;A0501 | G04134 | C0601 | D02;,A090208 |;,1,"The investigation will be conducted using the information provided by the customer and the inspection findings from the Repair Center (see attached Inspection Results Report).
As part of the evaluation, the device underwent a visual inspection and functional testing to determine its condition.

The following failures were identified:
-OUTER TUBE found Bent on proximal end, Received without protective tube
-OPTICAL FIBER S found Confirmed UR of blurry image, broken optical lenses.

Based on the product analysis, the complaint is confirmed since the device has evidence of blurry image due to broken optical lens, which is consistent with the reported event.",Yashwanthreddy Patlolla,San Jose,"No indication of potential user error or complaint against the IFU/label has been received. Therefore, labeling review for Pathway 2 complaints is not required.","This complaint is not associated with a packaging issue, an incorrect labeling issue, a breach of sterile barrier packaging issue or traced to prior repair activities. Therefore, DHR review is not required.","A risk review was performed for below listed failures,
-OUTER TUBE found Bent on proximal end, Received without protective tube
-OPTICAL FIBER S found Confirmed UR of blurry image, broken optical lenses. based on historical data of the last 12 months 8/5/2025 to 8/4/2026 and no unanticipated risks, new failures, and/or new harms were identified.","A complaint history review of the last 12 months of complaints 8/5/2025 to 8/4/2026 was performed for below listed failures,
-OUTER TUBE found Bent on proximal end, Received without protective tube
-OPTICAL FIBER S found Confirmed UR of blurry image, broken optical lenses. and no trends were identified.

A CAPA History Review was performed for below listed failures,
-OUTER TUBE found Bent on proximal end, Received without protective tube
-OPTICAL FIBER S found Confirmed UR of blurry image, broken optical lenses. and no related CAPAs were found.","The investigation did not identify any nonconformances or issues related to this complaint that require further action; therefore, no escalation is necessary.","The complaint was reported because reported that it is blurry.

The product was returned and inspected. The product analysis confirmed and inspection identified:
-OUTER TUBE found Bent on proximal end, Received without protective tube
-OPTICAL FIBER S found Confirmed UR of blurry image, broken optical lenses.

This complaint is not associated with a packaging issue, an incorrect labeling issue, a breach of sterile barrier packaging issue or traced to prior repair activities. Therefore, DHR review is not required.

No indication of potential user error or complaint against the IFU/label has been received. Therefore, labeling review for Pathway 2 complaints is not required.

A risk review was performed, and no unanticipated failures or harms were identified.

A complaint historical review of the last 12 months of complaints was performed and no trends were identified.

A CAPA History Review was performed and no related CAPAs were found.

The complaint was confirmed; the device has found blurry image due to broken optical lens. The most probable cause of the complaint is D02 - Cause Traced to Component Failure, Expected or random component failure without any design or manufacturing issue.


No further escalation is required.",,INV-942669,"F26 - No Health Consequences or Impact;E2403 - No Clinical Signs, Symptoms or Conditions;",;B01 - Testing of Actual/Suspected Device;B11 - Historical Data Analysis;,A090208 - Poor Quality Image;G05 - Optical;A040609 - Material Twisted/Bent;G04129 - Tip;A0401 - Break;G05006 - Lenses;A0501 - Detachment of Device or Device Component;G04134 - Tube;,"A090208 - Poor Quality Image;G05 - Optical;C0601 - Degradation Problem Identified;D02 - Cause Traced to Component Failure;A040609 - Material Twisted/Bent;G04129 - Tip;C0706 - Stress Problem Identified;A0401 - Break;G05006 - Lenses;A0501 - Detachment of Device or Device Component;G04134 - Tube;F26 - No Health Consequences or Impact;E2403 - No Clinical Signs, Symptoms or Conditions;B01 - Testing of Actual/Suspected Device;B11 - Historical Data Analysis;"
CN-983619,,Pathway 2,1,CDS: OER-Pro |  N3058140 (ENDOSCOPE REPROCESSOR),Mohiddin Shaik,,No,No,,0,0,,,Health Professional; User Facility,,7/22/2026,,7/22/2026,,7/22/2026,0,English,United States,OCA-SAP-SFDC,OCA-SAP-SFDC,OCA-SAP-SFDC Ref 20260722-3347645,20260722-3347645,OER-PRO,N3058140,Americas,,Not Reportable,"22 JUL 2026 - Paul White (FSE) Client reported the OER-Pro buttons are not working.

31 JUL 2026 - Paul White (FSE) New case created by TAC with contract number attached and work completed in CASE# 20260724-3352166.","22 JUL 2026 - Paul White (FSE) Client reported the OER-Pro buttons are not working.

31 JUL 2026 - Paul White (FSE) New case created by TAC with contract number attached and work completed in CASE# 20260724-3352166.","22 JUL 2026 - Paul White (FSE) Case opened.

31 JUL 2026 - Paul White (FSE) Case ready to be closed., Software Version: 3.06, Patch Number: N/A, Operating System: N/A, Firmware Version: null",ROBERT,BURGESS,,+1 (520) 877-6701,,robert.burgess@northwestmedicalcenter.com,,,6200 N LA CHOLLA BLVD,,TUCSON,,85741,3599,,AZ,United States,,No,USA,NORTHWEST TUCSON SURGERY CENTER,6320 N LA CHOLLA BLVD TUCSON Arizona 85741-3550 United States,ROBERT,,+1 (520) 877-6701,robert.burgess@northwestmedicalcenter.com,BURGESS,,,,,Health Professional,,,NA,NA,NA,None,NA,During set up / Inspection for use (during set up in room / before patient in room),"<a href=""/a0o68000003YzcG"" target=""_blank"">OER-Pro</a>",N3058140,CDS,OER-Pro,OER-Pro,JPN,RPSR011,"3-1-1 Niiderakita, AIZUWAKAMATSU-SHI, Fukushima, <a href=""/"" target=""_blank""> </a>",4.95317E+12,,,"<a href=""/a4668000000AidX"" target=""_blank"">AIZU OLYMPUS CO., LTD.</a>",Aizu,Olympus Medical Systems Corp.,,,,,,,2633438,,0,2633438,0,Unknown,1,No,No,No,Re-Use,Reprocessor,Yes,,No,,,,,No,No,No,No,0,,INQ-1124796,,,,,,"The product was not returned to Olympus for inspection; however, a field service engineer (FSE) was dispatched to customer site and OER-Pro buttons are not working.

The product was not returned to Olympus service team. The product analysis identified buttons are not working.

A Device History Review was not required.

No indication of potential user error or complaint against the IFU/label has been received. Therefore, labeling review for this complaint is not required.

A risk review was performed and no unanticipated failures or harms were identified.

A historical review of the last 12 months of complaints was performed and no trends were identified.

A CAPA History Review was performed and no related CAPAs were found.

The complaint was not confirmed; The most probable cause of the complaint is D15 - Cause not Established The investigation findings do not lead to a clear conclusion about the cause of the reported adverse event.

No further escalation is required.",A150105 |  | C19 | D15;,A150105 |;,1,"The product was not returned to Olympus for inspection; however, a field service engineer (FSE) was dispatched to customer site and OER-Pro buttons are not working.

The complaint [was not] confirmed.

The investigation will be performed based on the available information.",Mohiddin Shaik,San Jose,"No indication of potential user error or complaint against the IFU/label has been received. Therefore, labeling review for this complaint is not required.","This complaint is not associated with a packaging issue, an incorrect labeling issue, a breach of sterile barrier packaging issue or traced to prior repair activities. Therefore, [DHR] review is not required.","Historical complaints for [buttons are not working] have been previously reported and investigated. This indicates that no unanticipated risks, new failure modes, or additional harms have been identified.","A complaint history review of the last 12 months of complaints 7/31/2025- 7/30/2026 was performed for buttons are not working and no trends were identified.

A CAPA History Review was performed for buttons are not working and no related CAPAs were found.","The investigation did not identify any nonconformances or issues related to this complaint that require further action; therefore, no escalation is necessary.","The product was not returned to Olympus for inspection; however, a field service engineer (FSE) was dispatched to customer site and OER-Pro buttons are not working.

The product was not returned to Olympus service team. The product analysis identified buttons are not working.

A Device History Review was not required.

No indication of potential user error or complaint against the IFU/label has been received. Therefore, labeling review for this complaint is not required.

A risk review was performed and no unanticipated failures or harms were identified.

A historical review of the last 12 months of complaints was performed and no trends were identified.

A CAPA History Review was performed and no related CAPAs were found.

The complaint was not confirmed; The most probable cause of the complaint is D15 - Cause not Established The investigation findings do not lead to a clear conclusion about the cause of the reported adverse event.

No further escalation is required.",,INV-942686,"E2403 - No Clinical Signs, Symptoms or Conditions;F2601 - Problem identified before clinical use/exposure;",;D15 - Cause Not Established;B01 - Testing of Actual/Suspected Device;B11 - Historical Data Analysis;B17 - Device Not Returned;,A150105 - Key or Button Unresponsive/not Working;;,"A150105 - Key or Button Unresponsive/not Working;;C19 - No Device Problem Found;D15 - Cause Not Established;E2403 - No Clinical Signs, Symptoms or Conditions;F2601 - Problem identified before clinical use/exposure;B01 - Testing of Actual/Suspected Device;B11 - Historical Data Analysis;B17 - Device Not Returned;"
CN-984960,,Pathway 2,1,CDS: OER-MINI |  N3831240 (ENDOSCOPE REPROCESSOR),Abhishek Malviya,,No,No,,0,0,,,Health Professional; User Facility,,7/23/2026,,7/23/2026,,7/23/2026,0,English,United States,OCA-SAP-SFDC,OCA-SAP-SFDC,OCA-SAP-SFDC Ref 20260723-3348135,20260723-3348135,OER-MINI,N3831240,Americas,,Not Reportable,"23July2026 Jorge Rodriguez (TAC)
OER-Mini: E15 and E02 error messages
Endo tech Alejandra Borbon has an OER-Mini with E02 and E15 error messages. drain hose is not kinked or buckled. the tip of the scope is not dipped in water either. address verified. please dispatch FSE under PO WINIS1 payable by the facility. address has Suite 381

23 JUL 2026 Jim Lynch (FSE) Confirmed with Justin Rhea (Biomed) that this issue has been resolved and that the unit is running normally after the operator cleaned the fluid level sensor.

28 July 2026 David Bless(FSE)  Arrived on-site.  I cleaned the tub level sensor. I  tested the equipment for function and found no problems. Equipment verified according to the OER-Mini Technical Guide.  No further action is needed. Electrical Safety was not performed as the side panels were not removed..","23July2026 Jorge Rodriguez (TAC)
OER-Mini: E15 and E02 error messages
Endo tech Alejandra Borbon has an OER-Mini with E02 and E15 error messages. drain hose is not kinked or buckled. the tip of the scope is not dipped in water either. address verified. please dispatch FSE under PO WINIS1 payable by the facility. address has Suite 381

23 JUL 2026 Jim Lynch (FSE) Confirmed with Justin Rhea (Biomed) that this issue has been resolved and that the unit is running normally after the operator cleaned the fluid level sensor.

28 July 2026 David Bless(FSE)  Arrived on-site.  I cleaned the tub level sensor. I  tested the equipment for function and found no problems. Equipment verified according to the OER-Mini Technical Guide.  No further action is needed. Electrical Safety was not performed as the side panels were not removed..","23 JUL 2026 - Magdelyn Guerrero (FS) Dispatched FSE James Lynch

28 JUL 2026 William Genest (FSM) Updated discounting to match the service being performed., Software Version: null, Patch Number: null, Operating System: null, Firmware Version: null",Alejandra,Borbon,,407-609-9076,,,Y,Other Healthcare Professional,2501 N ORANGE AVE,,ORLANDO,,32804,,,FL,United States,,No,USA,"FLORIDA HOSP MEDICAL GROUP, INC",2501 N ORANGE AVE ORLANDO Florida 32804 United States,Alejandra,,407-609-9076,,Borbon,,,Other Healthcare Professional,Y,No Information,,,NA,NA,NA,None,NA,Reprocessing,"<a href=""/a0o68000003YzcE"" target=""_blank"">OER-MINI</a>",N3831240,CDS,OER-MINI,OER-MINI,JPN,RPSR010,"3-1-1 Niiderakita, AIZUWAKAMATSU-SHI, Fukushima, <a href=""/"" target=""_blank""> </a>",4.95317E+12,,,"<a href=""/a4668000000AidX"" target=""_blank"">AIZU OLYMPUS CO., LTD.</a>",Aizu,Olympus Medical Systems Corp.,,,,,,,2300330,,0,2300330,0,Unknown,0,No,No,No,Re-Use,Reprocessor,No,,No,,,,,No,No Information,No,No,0,,INQ-1125889,,,,,,"The product was not returned to Olympus for inspection; however, a field service engineer (FSE) was dispatched to customer site and the inspection identified:
OER-Mini with E02 and E15 error messages. drain hose is not kinked or buckled. (FSE) Confirmed with Justin Rhea (Biomed) that this issue has been resolved and that the unit is running normally.

The complaint was confirmed. The FSE resolved the issue.

The investigation will be performed based on the available information.

A DHR was not required.
A labeling review was not required.
A risk review [was performed], and [no unanticipated failures or harms were identified, describe findings, or rationale for no review].
A historical review of the last 12 months of complaints was performed and no trends were identified.
A CAPA History Review was performed and no related CAPAs were found.

The complaint [was confirmed], The device had a OER-Mini with E02 and E15 error messages. drain hose is not kinked or buckled. (FSE) Confirmed with Justin Rhea (Biomed) that this issue has been resolved and that the unit is running normally. The most probable cause of the complaint is [D02 - Cause Traced to Component Failure
Expected or random component failure without any design or manufacturing issue.].
No further escalation is required.""",A14 | G04110 | C07 | D02;A0405 | G03012 | C0201 | D02;,A14 | G04110;,1,"The product was not returned to Olympus for inspection; however, a field service engineer (FSE) was dispatched to customer site and the inspection identified:
OER-Mini with E02 and E15 error messages. drain hose is not kinked or buckled. (FSE) Confirmed with Justin Rhea (Biomed) that this issue has been resolved and that the unit is running normally.

The complaint was confirmed. The FSE resolved the issue.

The investigation will be performed based on the available information.",Aaranshi Gupta,San Jose,"No indication of potential user error or complaint against the IFU/label has been received. Therefore, labeling review for this complaint is not required.","This complaint is not associated with a packaging issue, an incorrect labeling issue, a breach of sterile barrier packaging issue or traced to prior repair activities. Therefore, [DHR] review is not required.","""Historical complaints for [OER-Mini with E02 and E15 error messages] have been previously reported and investigated. This indicates that no unanticipated risks, new failure modes, or additional harms have been identified.

Note: Risk Review was performed for the reported events/failure modes identified in the Product Analysis that are not related to a PTI.""","A complaint history review of the last 12 months of complaints [1 AUG 2025 to 31 July 2026] was performed for [OER-Mini with E02 and E15 error messages] and no trends were identified.

Note: Complaint History Review was performed for the reported events/failure modes identified in the Product Analysis that are not related to a PTI.""

""A CAPA History Review was performed for [OER-Mini with E02 and E15 error messages] and no related CAPAs were found.

Note: CAPA History Review was performed for the reported events/failure modes identified in the Product Analysis that are not related to a PTI.""","The investigation did not identify any nonconformances or issues related to this complaint that require further action; therefore, no escalation is necessary.","The product was not returned to Olympus for inspection; however, a field service engineer (FSE) was dispatched to customer site and the inspection identified:
OER-Mini with E02 and E15 error messages. drain hose is not kinked or buckled. (FSE) Confirmed with Justin Rhea (Biomed) that this issue has been resolved and that the unit is running normally.

The complaint was confirmed. The FSE resolved the issue.

The investigation will be performed based on the available information.

A DHR was not required.
A labeling review was not required.
A risk review [was performed], and [no unanticipated failures or harms were identified, describe findings, or rationale for no review].
A historical review of the last 12 months of complaints was performed and no trends were identified.
A CAPA History Review was performed and no related CAPAs were found.

The complaint [was confirmed], The device had a OER-Mini with E02 and E15 error messages. drain hose is not kinked or buckled. (FSE) Confirmed with Justin Rhea (Biomed) that this issue has been resolved and that the unit is running normally. The most probable cause of the complaint is [D02 - Cause Traced to Component Failure
Expected or random component failure without any design or manufacturing issue.].
No further escalation is required.""",,INV-944041,"E2403 - No Clinical Signs, Symptoms or Conditions;F27 - Problem identified during non-clinical procedure.;",;B17 - Device Not Returned;B01 - Testing of Actual/Suspected Device;B11 - Historical Data Analysis;B15 - Analysis of Information Provided by User/Third Party;,A14 - Infusion or Flow Problem;G04110 - Reservoir;A0405 - Degraded;G03012 - Sensor;,"A14 - Infusion or Flow Problem;G04110 - Reservoir;C07 - Mechanical Problem Identified;D02 - Cause Traced to Component Failure;A0405 - Degraded;G03012 - Sensor;C0201 - Electrical/Electronic Component Problem Identified;E2403 - No Clinical Signs, Symptoms or Conditions;F27 - Problem identified during non-clinical procedure.;B17 - Device Not Returned;B01 - Testing of Actual/Suspected Device;B11 - Historical Data Analysis;B15 - Analysis of Information Provided by User/Third Party;"
CN-985012,,Pathway 2,1,CDS: OER-Pro |  N3058140 (ENDOSCOPE REPROCESSOR),Abhishek Malviya,,No,No,,0,0,,,Health Professional; User Facility,,7/23/2026,,7/23/2026,,7/23/2026,0,English,United States,OCA-SAP-SFDC,OCA-SAP-SFDC,OCA-SAP-SFDC Ref 20260723-3348213,20260723-3348213,OER-PRO,N3058140,Americas,,Not Reportable,"23 JUL 2026 ? Jesus Deleon (TAC) ? Customer is requesting an FSE for an OER-PRO | 2934499 displaying an E01; she said that the filters are good. I asked her to run a rinse, and there is no water coming into the unit. The external water filtration system gauge is displaying 60 PSI, but there is no water coming in. I asked if the water faucet was open all the way; she said it is. I tried to continue to troubleshoot with her, but she is requesting an FSE to fix the unit.

Verified the unit location and the reporter's contact information. If any parts need to be shipped, please add attention to Maria Ferchen.

The unit is not under a full-service contract.

She is requesting a quote

PO information:
Bill to
THE HEALTH CARE AUTHORITY OF THE
Payer
THE HEALTH CARE AUTHORITY OF THE

28-JUL 2026 Doug Whitaker (TAC):
Phone: 931-307-1011
Maria Ferchen, facility contact, is calling in to add a cracked lid to REPAIR request.
She is wanting the E01 and the cracked lid to be added to the sane quote. 
Original WO/Quote cancelled and request for a ne one to be generated.
PO will be pending quote.
Quote generation requested via TEAMS for re-assignment to Doug W. for provision of PO/follow up from Maria.
Awaiting response from Maria.

28 JUL 2026 LPFEIL FSE Verified E01 errors per the error log. Replaced 3 port valve. E01 errors continued. Disassembled and cleaned incoming water supply valve and electric valve. Per Maria, wall filters were verified clean. I noticed the water pressure regulator set nut was loose. Per Maria, maintenance had replaced the unit last week. I changed the setting on the regulator which increased the water pressure and eliminated the E01 error. In turn, an E04 error occurred. Not able to clear E04 with adjustments. Placing order for switching valve.

31 JUL 2026 ? Steve Hardy (FSE) ? REPLACED SWITCHING VALVE AND LID. Completed test cycle successfully with no errors.  Performed repair per OER-Pro Technical Guide. Equipment passed the electrical safety test with results attached.","23 JUL 2026 ? Jesus Deleon (TAC) ? Customer is requesting an FSE for an OER-PRO | 2934499 displaying an E01; she said that the filters are good. I asked her to run a rinse, and there is no water coming into the unit. The external water filtration system gauge is displaying 60 PSI, but there is no water coming in. I asked if the water faucet was open all the way; she said it is. I tried to continue to troubleshoot with her, but she is requesting an FSE to fix the unit.

Verified the unit location and the reporter's contact information. If any parts need to be shipped, please add attention to Maria Ferchen.

The unit is not under a full-service contract.

She is requesting a quote

PO information:
Bill to
THE HEALTH CARE AUTHORITY OF THE
Payer
THE HEALTH CARE AUTHORITY OF THE

28-JUL 2026 Doug Whitaker (TAC):
Phone: 931-307-1011
Maria Ferchen, facility contact, is calling in to add a cracked lid to REPAIR request.
She is wanting the E01 and the cracked lid to be added to the sane quote. 
Original WO/Quote cancelled and request for a ne one to be generated.
PO will be pending quote.
Quote generation requested via TEAMS for re-assignment to Doug W. for provision of PO/follow up from Maria.
Awaiting response from Maria.

28 JUL 2026 LPFEIL FSE Verified E01 errors per the error log. Replaced 3 port valve. E01 errors continued. Disassembled and cleaned incoming water supply valve and electric valve. Per Maria, wall filters were verified clean. I noticed the water pressure regulator set nut was loose. Per Maria, maintenance had replaced the unit last week. I changed the setting on the regulator which increased the water pressure and eliminated the E01 error. In turn, an E04 error occurred. Not able to clear E04 with adjustments. Placing order for switching valve.

31 JUL 2026 ? Steve Hardy (FSE) ? REPLACED SWITCHING VALVE AND LID. Completed test cycle successfully with no errors.  Performed repair per OER-Pro Technical Guide. Equipment passed the electrical safety test with results attached.","23 JUL 2026 ? Jesus Deleon (TAC) ? customer refused to continue troubleshooting the error code and asked for an FSE.

27 JUL 2026 Dina Delfranco (FS):  Dispatched FSE Jarron Hardnick -OOO, Reassigned to FSE Jon Rowland

28 JUL 2026 Ralph Zito TAC - 
I emailed FSE Lynn Pfeil:
Hello Lynn,
FS Dispatch assigned Case 20260723-3348213 WO # 00297891 to you on 27 JUL for E01 Error Code.
PO# 1579487 in amount of $2280.60 has been attached to the Case. 
I wanted to notify you that Customer Maria Ferchen called on 28 JUL and also requested that a Cracked Lid on the Unit be repaired as well.
After receiving the call, a TAC Colleague cancelled WO # 00297891 and added WO # 00298821 and WO# 00298822 to reflect the changes.  But a revised Service Quote has not been sent to the Customer.† 

28 JUL 2026 LPFEIL FSE Pending revised quote acceptance from Maria per Doug W. TAC.

31 JUL 2026 ? Steve Hardy (FSE) ? FSR PROVIDED TO CUSTOMER

12 Aug 2026 Brad Decker (SQ): Reopening Case due to Sprint Program auditing activity corrections.

12 AUG 2026 ? Steve Hardy (FSE) ? UPDATED CHEMICAL USAGE ON CHECKLIST
†, Updated Software Version: 3.06, Updated Patch Number: N/A, Updated Operating System: N/A",Maria,Ferchen,,931-307-1011,,maria.ferchen@crestwoodmedcenter.com,Y,Other Healthcare Professional,1 HOSPITAL DR SW,,HUNTSVILLE,,35801,,,AL,United States,,No,USA,THE HEALTH CARE AUTHORITY OF THE,1 HOSPITAL DR SW HUNTSVILLE Alabama 35801 United States,Maria,,931-307-1011,maria.ferchen@crestwoodmedcenter.com,Ferchen,,,Other Healthcare Professional,Y,Health Professional,,,NA,NA,NA,None,NA,Reprocessing,"<a href=""/a0o68000003YzcG"" target=""_blank"">OER-Pro</a>",N3058140,CDS,OER-Pro,OER-Pro,JPN,RPSR011,"3-1-1 Niiderakita, AIZUWAKAMATSU-SHI, Fukushima, <a href=""/"" target=""_blank""> </a>",4.95317E+12,,,"<a href=""/a4668000000AidX"" target=""_blank"">AIZU OLYMPUS CO., LTD.</a>",Aizu,Olympus Medical Systems Corp.,,,,,,,2934499,,0,2934499,0,Unknown,0,Yes,No,No,Re-Use,Reprocessor,No,,No,,,,,No,NA,No,No,0,,INQ-1125949,,,,,,"The complaint was reported because [displaying an E01and there is no water coming into the unit].
The product was returned and inspected. The product analysis confirmed that
add a cracked lid to REPAIR request 
FSE Verified E01 errors per the error log. Replaced 3 port valve. 
noticed the water pressure regulator set nut was loose.
changed the setting on the regulator which increased the water pressure and eliminated the E01 error
REPLACED SWITCHING VALVE AND LID
One or more failure mode(s) identified has been previously investigated through the Product Technical Investigation (PTI) process and therefore does not require any further investigation. See coding table for the PTI reference number associated with these failure modes

A DHR review was not required.
A labeling review was not required.
Historical complaints for 
[add a cracked lid to REPAIR request.
FSE Verified E01 errors per the error log. Replaced 3 port valve. 
noticed the water pressure regulator set nut was loose.
changed the setting on the regulator which increased the water pressure and eliminated the E01 error
REPLACED SWITCHING VALVE AND LID] 
have been previously reported and investigated. This indicates that no unanticipated risks, new failure modes, or additional harms have been identified.

A historical review of the last 12 months of complaints was performed and no trends were identified.
A CAPA History Review was performed and no related CAPAs were found.

The complaint [was confirmed], The device had a Problem SWITCHING VALVE AND LID and setting on the regulator which increased the water pressure and eliminated the E01 error. The most probable cause of the complaint is [D02 - Cause Traced to Component Failure
Expected or random component failure without any design or manufacturing issue.].
No further escalation is required.""",A1403 | G04110 | C07 | D02;A0404 | G04020 | C0601 | D02;A0405 | G04020 | C0601 | D02;A0405 | G04135 | C0601 | D02;A051207 | G0405208 | C0601 | D02;A20 | G04109 | C1603 | D02;,A1403 |;,1,"The complaint is for the issue of ?displaying an E01and there is no water coming into the unit"".
The product was not returned and therefore could not be examined. However, the FSE was dispatched to the site and the inspection identified:
add a cracked lid to REPAIR request 
FSE Verified E01 errors per the error log. Replaced 3 port valve. 
noticed the water pressure regulator set nut was loose.
changed the setting on the regulator which increased the water pressure and eliminated the E01 error
REPLACED SWITCHING VALVE AND LID

The complaint was confirmed. The device had a Problem SWITCHING VALVE AND LID and setting on the regulator which increased the water pressure and eliminated the E01 error

The investigation will be performed based on the available information.",Abhishek Malviya,San Jose,"No indication of potential user error or complaint against the IFU/label has been received. Therefore, labeling review for this complaint is not required.","This complaint is not associated with a packaging issue, an incorrect labeling issue, a breach of sterile barrier packaging issue or traced to prior repair activities. Therefore, [DHR] review is not required.","Historical complaints for [add a cracked lid to REPAIR request 
FSE Verified E01 errors per the error log. Replaced 3 port valve. 
noticed the water pressure regulator set nut was loose.
changed the setting on the regulator which increased the water pressure and eliminated the E01 error
REPLACED SWITCHING VALVE AND LID ] have been previously reported and investigated. This indicates that no unanticipated risks, new failure modes, or additional harms have been identified.","""A complaint history review of the last 12 months of complaints 11 AUG 2025 to 10 AUG 2026 was performed for [add a cracked lid to REPAIR request 
FSE Verified E01 errors per the error log. Replaced 3 port valve. 
noticed the water pressure regulator set nut was loose.
changed the setting on the regulator which increased the water pressure and eliminated the E01 error
REPLACED SWITCHING VALVE AND LID and no trends were identified.

""A CAPA History Review was performed for [add a cracked lid to REPAIR request 
FSE Verified E01 errors per the error log. Replaced 3 port valve. 
noticed the water pressure regulator set nut was loose.
changed the setting on the regulator which increased the water pressure and eliminated the E01 error
REPLACED SWITCHING VALVE AND LID and no related CAPAs were found.","The investigation did not identify any nonconformances or issues related to this complaint that require further action; therefore, no escalation is necessary.","The complaint was reported because [displaying an E01and there is no water coming into the unit].
The product was returned and inspected. The product analysis confirmed that
add a cracked lid to REPAIR request 
FSE Verified E01 errors per the error log. Replaced 3 port valve. 
noticed the water pressure regulator set nut was loose.
changed the setting on the regulator which increased the water pressure and eliminated the E01 error
REPLACED SWITCHING VALVE AND LID
One or more failure mode(s) identified has been previously investigated through the Product Technical Investigation (PTI) process and therefore does not require any further investigation. See coding table for the PTI reference number associated with these failure modes

A DHR review was not required.
A labeling review was not required.
Historical complaints for 
[add a cracked lid to REPAIR request.
FSE Verified E01 errors per the error log. Replaced 3 port valve. 
noticed the water pressure regulator set nut was loose.
changed the setting on the regulator which increased the water pressure and eliminated the E01 error
REPLACED SWITCHING VALVE AND LID] 
have been previously reported and investigated. This indicates that no unanticipated risks, new failure modes, or additional harms have been identified.

A historical review of the last 12 months of complaints was performed and no trends were identified.
A CAPA History Review was performed and no related CAPAs were found.

The complaint [was confirmed], The device had a Problem SWITCHING VALVE AND LID and setting on the regulator which increased the water pressure and eliminated the E01 error. The most probable cause of the complaint is [D02 - Cause Traced to Component Failure
Expected or random component failure without any design or manufacturing issue.].
No further escalation is required.""",,INV-944090,"E2403 - No Clinical Signs, Symptoms or Conditions;F27 - Problem identified during non-clinical procedure.;",;B11 - Historical Data Analysis;B01 - Testing of Actual/Suspected Device;B17 - Device Not Returned;B15 - Analysis of Information Provided by User/Third Party;,A1403 - Filling Problem;G04110 - Reservoir;A0404 - Crack;G04020 - Cap;A0405 - Degraded;G04135 - Valve(s);A051207 - Unstable;G0405208 - Nut;A20 - Installation-Related Problem;G04109 - Regulator;,"A1403 - Filling Problem;G04110 - Reservoir;C07 - Mechanical Problem Identified;D02 - Cause Traced to Component Failure;A0404 - Crack;G04020 - Cap;C0601 - Degradation Problem Identified;A0405 - Degraded;G04135 - Valve(s);A051207 - Unstable;G0405208 - Nut;A20 - Installation-Related Problem;G04109 - Regulator;C1603 - Installation Problem Identified;E2403 - No Clinical Signs, Symptoms or Conditions;F27 - Problem identified during non-clinical procedure.;B11 - Historical Data Analysis;B01 - Testing of Actual/Suspected Device;B17 - Device Not Returned;B15 - Analysis of Information Provided by User/Third Party;"
CN-985034,,Pathway 2,1,CDS: OER-Pro |  N3058140 (ENDOSCOPE REPROCESSOR),Abhishek Malviya,,No,No,,0,0,,,Health Professional; User Facility,,7/23/2026,,7/23/2026,,7/23/2026,0,English,United States,OCA-SAP-SFDC,OCA-SAP-SFDC,OCA-SAP-SFDC Ref 20260723-3348257,20260723-3348257,OER-PRO,N3058140,Americas,,Not Reportable,"24 JUL 2026 Jack Croker FSE
During test cycle after PM the CH Block connector has a small leak/crack.



28 JUL 2026 Jack Croker FSE
PO 6687309 provided. Scheduled repair for 29 JUL 2026 AM

29 JUL 2026 ? Jack Croker (FSE) ? Completed test cycle successfully with no errors.  Performed repair per OER-Pro Technical Guide. Equipment passed the electrical safety test with results attached.","24 JUL 2026 Jack Croker FSE
During test cycle after PM the CH Block connector has a small leak/crack.



28 JUL 2026 Jack Croker FSE
PO 6687309 provided. Scheduled repair for 29 JUL 2026 AM

29 JUL 2026 ? Jack Croker (FSE) ? Completed test cycle successfully with no errors.  Performed repair per OER-Pro Technical Guide. Equipment passed the electrical safety test with results attached.","29 JUL 2026 ? Jack Croker (FSE) - Emailed Fred Overbey the SR., Software Version: 3.06, Patch Number: N/A, Operating System: N/A, Firmware Version: null",Fred,Overbey,,423-742-1278,(605) 333-1970,fred.overbey@balladhealth.org,Y,Biomedical Engineer,1 MEDICAL PARK BLVD,,BRISTOL,,37620,7469,,TN,United States,,No,USA,WELLMONT HEALTH SYSTEM,1 MEDICAL PARK BLVD BRISTOL Tennessee 37620-7469 United States,Fred,,423-742-1278,fred.overbey@balladhealth.org,Overbey,,,Biomedical Engineer,Y,Health Professional,,,NA,NA,NA,None,NA,Service / Maintenance (not in a clinical setting),"<a href=""/a0o68000003YzcG"" target=""_blank"">OER-Pro</a>",N3058140,CDS,OER-Pro,OER-Pro,JPN,RPSR011,"3-1-1 Niiderakita, AIZUWAKAMATSU-SHI, Fukushima, <a href=""/"" target=""_blank""> </a>",4.95317E+12,,,"<a href=""/a4668000000AidX"" target=""_blank"">AIZU OLYMPUS CO., LTD.</a>",Aizu,Olympus Medical Systems Corp.,,,,,,,2431977,,0,2431977,0,Unknown,1,No,No,No,Re-Use,Reprocessor,No,,No,,,,,No,NA,No,No,0,,INQ-1125972,,,,,,"The product was not returned to Olympus for inspection; however, a field service engineer (FSE) was dispatched to customer site and the inspection identified:
During test cycle after PM the CH Block connector has a small leak/crack

The complaint was confirmed. 

The investigation will be performed based on the available information.



A DHR was not required.
A labeling review was not required.
A risk review was performed and no unanticipated failures or harms were identified.
A historical review of the last 12 months of complaints was performed and no trends were identified.
A CAPA History Review was performed and no related CAPAs were found.

The complaint [was confirmed], The device had CH Block connector has a small leak/crack. The most probable cause of the complaint is [D02 - Cause Traced to Component Failure
Expected or random component failure without any design or manufacturing issue.].
No further escalation is required.""",A050402 | G04034 | C0703 | D02;A0404 | G04034 | C0601 | D02;,A050402 |;A0404 | G04034;,1,"The product was not returned to Olympus for inspection; however, a field service engineer (FSE) was dispatched to customer site and the inspection identified:
During test cycle after PM the CH Block connector has a small leak/crack

The complaint was confirmed. 

The investigation will be performed based on the available information.",Abhishek Malviya,San Jose,"No indication of potential user error or complaint against the IFU/label has been received. Therefore, labeling review for this complaint is not required.","This complaint is not associated with a packaging issue, an incorrect labeling issue, a breach of sterile barrier packaging issue or traced to prior repair activities. Therefore, [DHR] review is not required.","Historical complaints for [CH Block connector has a small leak/crack] have been previously reported and investigated. This indicates that no unanticipated risks, new failure modes, or additional harms have been identified.

Note: Risk Review was performed for the reported events/failure modes identified in the Product Analysis that are not related to a PTI.""","A complaint history review of the last 12 months of complaints [1 AUG 2025 to 31 July 2026] was performed for [CH Block connector has a small leak/crack] and no trends were identified.

Note: Complaint History Review was performed for the reported events/failure modes identified in the Product Analysis that are not related to a PTI.""

""A CAPA History Review was performed for [CH Block connector has a small leak/crack] and no related CAPAs were found.

Note: CAPA History Review was performed for the reported events/failure modes identified in the Product Analysis that are not related to a PTI.""","The investigation did not identify any nonconformances or issues related to this complaint that require further action; therefore, no escalation is necessary.","The product was not returned to Olympus for inspection; however, a field service engineer (FSE) was dispatched to customer site and the inspection identified:
During test cycle after PM the CH Block connector has a small leak/crack

The complaint was confirmed. 

The investigation will be performed based on the available information.



A DHR was not required.
A labeling review was not required.
A risk review was performed and no unanticipated failures or harms were identified.
A historical review of the last 12 months of complaints was performed and no trends were identified.
A CAPA History Review was performed and no related CAPAs were found.

The complaint [was confirmed], The device had CH Block connector has a small leak/crack. The most probable cause of the complaint is [D02 - Cause Traced to Component Failure
Expected or random component failure without any design or manufacturing issue.].
No further escalation is required.""",,INV-946723,"E2403 - No Clinical Signs, Symptoms or Conditions;F27 - Problem identified during non-clinical procedure.;",;B11 - Historical Data Analysis;B01 - Testing of Actual/Suspected Device;B17 - Device Not Returned;,A050402 - Gas/Air Leak;A0404 - Crack;G04034 - Connector/Coupler;,"A050402 - Gas/Air Leak;A0404 - Crack;G04034 - Connector/Coupler;C0703 - Leakage/Seal;D02 - Cause Traced to Component Failure;C0601 - Degradation Problem Identified;E2403 - No Clinical Signs, Symptoms or Conditions;F27 - Problem identified during non-clinical procedure.;B11 - Historical Data Analysis;B01 - Testing of Actual/Suspected Device;B17 - Device Not Returned;"
CN-985093,,Pathway 2,1,Lightsource: CLV-190 |  N3643340 (EVIS EXERA III XENON LIGHT SOURCE),Swetha V,,No,No,,0,0,,,Health Professional; User Facility,,7/22/2026,,7/22/2026,Phone,7/22/2026,0,English,United States,OCA-SAP-SFDC,OCA-SAP-SFDC,OCA-SAP-SFDCRef20260722-3346498,20260722-3346498,CLV-190,N3643340,Americas,,Not Reportable,"22 JUL 2026 LPFEIL FSE CLV-190 | 7339025: Power Button Stuck
Sandy Gutknecht, 414-256-9001, GI Tech, called TAC on 15 JUL 2026 to report that the power button on this facility's CLV-190 is stuck. The power button was pressed to shut off the device after a procedure had been completed and it did not depress.","22 JUL 2026 LPFEIL FSE CLV-190 | 7339025: Power Button Stuck
Sandy Gutknecht, 414-256-9001, GI Tech, called TAC on 15 JUL 2026 to report that the power button on this facility's CLV-190 is stuck. The power button was pressed to shut off the device after a procedure had been completed and it did not depress.","Software Version: null, Patch Number: null, Operating System: null, Firmware Version: null",Sandy,Gutknecht,,+1(414)256-9001,,jeiseniab@wigia.com,Y,Other Healthcare Professional,2424 S 90TH ST,,WEST ALLIS,,53227,2455,,WI,United States,,No,USA,AURORA GI ASC LLC,2424 S 90TH ST WEST ALLIS Wisconsin 53227-2455 United States,NEIL,,+1(414)256-9001,neil.murphy@giassociates.com,MURPHY,,,Other Healthcare Professional,Y,Health Professional,,,NA,NA,NA,None,NA,During set up / Inspection for use (during set up in room / before patient in room),"<a href=""/a0o68000003YyE8"" target=""_blank"">CLV-190</a>",N3643340,Lightsource,CLV-190,CLV-190,JPN,CVCL039,"3-1 Okamiyama, Odakura,  Nishigo-Mura,, Nishishirakawa-Gun, Fukushima, <a href=""/"" target=""_blank""> </a>",4.95317E+12,,,"<a href=""/a4668000000AidZ"" target=""_blank"">SHIRAKAWA OLYMPUS CO., LTD.</a>",Shirakawa,Olympus Medical Systems Corp.,,,,,,,7339025,,0,7339025,0,Reuse,1,No,No,No,Re-Use,CV and CLV,No,,No,,,,,No,NA,No,No,0,,INQ-1123956,,,,,,"The product was not returned. The absence of the device for physical examination has limited the investigation into the reported issue. 
The complaint investigation process has confirmed that the failure has been previously investigated through the Product Technical Investigation (PTI) process. Historical data analysis concluded that the failure mode was within expected parameters.†A risk review was completed, and no unanticipated risks, new failures, and/or new harms were identified. Reasonably known information suggests probable causes  such as Electrical problems like: Eletrical/Electrical Component; Open Circuit; Short Circuit; Signal Loss; Loss of Power; Power Fluctuations; Power Source problems. Material problems like Degredation. Mechanical problems like Stress; Deformation; Fatigue; Mechanical Shock; Vibration; Wear and Tear. These causes can occur between components such as Power Supply; Circuit Board; Sensor; Pressure Sensor; Power Cord; Connector/ Coupler; Fuse; Power Switch; and Socket without any design or manufacturing issue.  That could lead to Power issues.
Further, there was no evidence in historical complaints review that Instructions for use were inadequate or contributed to the occurrence of the failure. If the product associated with this event is returned at a future date, this evaluation will be reopened for investigation. No further escalation is required.;",A0506 | G0203401 | C0201 | D02;,A0506 | G0203401;,1,"The product was not returned for investigation however, technical assistance center (TAC) provided remote troubleshooting, and 22 JUL 2026 LPFEIL FSE CLV-190 | 7339025: Power Button Stuck. Sandy Gutknecht, 414-256-9001, GI Tech, called TAC on 15 JUL 2026 to report that the power button on this facility's CLV-190 is stuck. The power button was pressed to shut off the device after a procedure had been completed and it did not depress.
 
Troubleshooting was not able to resolve the reported issue.
The investigation will be performed based on the available information.

The reported failures has been previously investigated through the Product Technical Investigation (PTI) process.  
A risk review was completed, and no unanticipated risks, new failures, and/or new harms were identified. The most probable cause of this complaint is D02 - Cause Traced to Component Failure
Expected or random component failure without any design or manufacturing issue.

Further, there was no evidence in historical complaints review that Instructions for Use (IFU) were inadequate or contributed to the occurrence of the failure. No further escalation is required.",Sushmitha S,San Jose,Not required for Product Technical Investigation (PTI) complaints.,Not required for Product Technical Investigation (PTI) complaints.,Not required for Product Technical Investigation (PTI) complaints.,Not required for Product Technical Investigation (PTI) complaints.,Not required for Product Technical Investigation (PTI) complaints.,"The product was not returned. The absence of the device for physical examination has limited the investigation into the reported issue. 
The complaint investigation process has confirmed that the failure has been previously investigated through the Product Technical Investigation (PTI) process. Historical data analysis concluded that the failure mode was within expected parameters.†A risk review was completed, and no unanticipated risks, new failures, and/or new harms were identified. Reasonably known information suggests probable causes  such as Electrical problems like: Eletrical/Electrical Component; Open Circuit; Short Circuit; Signal Loss; Loss of Power; Power Fluctuations; Power Source problems. Material problems like Degredation. Mechanical problems like Stress; Deformation; Fatigue; Mechanical Shock; Vibration; Wear and Tear. These causes can occur between components such as Power Supply; Circuit Board; Sensor; Pressure Sensor; Power Cord; Connector/ Coupler; Fuse; Power Switch; and Socket without any design or manufacturing issue.  That could lead to Power issues.
Further, there was no evidence in historical complaints review that Instructions for use were inadequate or contributed to the occurrence of the failure. If the product associated with this event is returned at a future date, this evaluation will be reopened for investigation. No further escalation is required.;",,INV-946300,"E2403 - No Clinical Signs, Symptoms or Conditions;F2601 - Problem identified before clinical use/exposure;",;D02 - Cause Traced to Component Failure;B15 - Analysis of Information Provided by User/Third Party;B17 - Device Not Returned;,A0506 - Mechanical Jam;G0203401 - Power Switch;,"A0506 - Mechanical Jam;G0203401 - Power Switch;C0201 - Electrical/Electronic Component Problem Identified;D02 - Cause Traced to Component Failure;E2403 - No Clinical Signs, Symptoms or Conditions;F2601 - Problem identified before clinical use/exposure;B15 - Analysis of Information Provided by User/Third Party;B17 - Device Not Returned;"
CN-985152,,Pathway 2,1,CDS: OER-ELITE |  N5789340 (ENDOSCOPE REPROCESSOR),Abhishek Malviya,,No,No,,0,0,,,Health Professional; User Facility,,7/22/2026,,7/22/2026,,7/22/2026,0,English,United States,OCA-SAP-SFDC,OCA-SAP-SFDC,OCA-SAP-SFDC Ref 20260722-3345729,20260722-3345729,OER-ELITE,N5789340,Americas,,Not Reportable,"22July2026 Jorge Rodriguez (TAC)
OER-Elite: LCG change issues
Nurse Matt Melcher stated that he did the change of the LCG on two days ago and now he has to change it again. it has only been 5 cycles. I adivsed that there is a settings on the instructions manual that we can look to make sure it is set to 5. I advised that we should do a drain LCG since it is calling from it and load a new batch and see if it happens again.","22July2026 Jorge Rodriguez (TAC)
OER-Elite: LCG change issues
Nurse Matt Melcher stated that he did the change of the LCG on two days ago and now he has to change it again. it has only been 5 cycles. I adivsed that there is a settings on the instructions manual that we can look to make sure it is set to 5. I advised that we should do a drain LCG since it is calling from it and load a new batch and see if it happens again.","Software Version: 1.09, Patch Number: N/A, Operating System: N/A, Firmware Version: null",Matt,Melcher,,614-566-9036,,matthew.melcher@ohiohealth.com,Y,Nurse,111 S GRANT AVE,,COLUMBUS,,43215,4701,,OH,United States,,No,USA,OHIOHEALTH CORPORATION,111 S GRANT AVE COLUMBUS Ohio 43215-4701 United States,Matt,,614-566-9036,matthew.melcher@ohiohealth.com,Melcher,,,Nurse,Y,Health Professional,,,NA,NA,NA,None,NA,Reprocessing,"<a href=""/a0o68000003Z2vs"" target=""_blank"">OER-ELITE</a>",N5789340,CDS,OER-ELITE,OER-ELITE,JPN,RPSR013,"3-1-1 Niiderakita, AIZUWAKAMATSU-SHI, Fukushima, <a href=""/"" target=""_blank""> </a>",4.95317E+12,,,"<a href=""/a4668000000AidX"" target=""_blank"">AIZU OLYMPUS CO., LTD.</a>",Aizu,Olympus Medical Systems Corp.,,,,,,,2100467,,0,2100467,0,Unknown,1,No,No,No,Re-Use,Reprocessor,No,,No,,,,,No,NA,No,No,0,,INQ-1123395,,,,,,"The product was not returned to Olympus for inspection; however, technical assistance center (TAC) provided remote troubleshooting and reported that he did the change of the LCG on two days ago and now he has to change it again.

Troubleshooting was not able to resolve the reported allegation.

The investigation will be performed based on the available information.

A DHR was not required.
No indication of potential user error or complaint against the IFU/label has been received. Therefore, labeling review for this complaint is not required.

Historical complaints for [he did the change of the LCG on two days ago and now he has to change it again] have been previously reported and investigated. This indicates that no unanticipated risks, new failure modes, or additional harms have been identified.
A historical review of the last 12 months of complaints was performed and no trends were identified.
A CAPA History Review was performed and no related CAPAs were found.

The complaint [was not confirmed], the TAC advised that we should do a drain LCG since it is calling from it and load a new batch and see if it happens again. The most probable cause of the complaint is [D15 - Cause not Established
The investigation findings do not lead to a clear conclusion about the cause of the reported adverse event].
No further escalation is required.""",A1403 | G04110 | C19 | D15;,A1403 | G04110;,1,"The product was not returned to Olympus for inspection; however, technical assistance center (TAC) provided remote troubleshooting and reported that he did the change of the LCG on two days ago and now he has to change it again.

Troubleshooting was not able to resolve the reported allegation.

The investigation will be performed based on the available information.",Abhishek Malviya,San Jose,"No indication of potential user error or complaint against the IFU/label has been received. Therefore, labeling review for this complaint is not required.","This complaint is not associated with a packaging issue, an incorrect labeling issue, a breach of sterile barrier packaging issue or traced to prior repair activities. Therefore, [DHR] review is not required.","Historical complaints for [he did the change of the LCG on two days ago and now he has to change it again] have been previously reported and investigated. This indicates that no unanticipated risks, new failure modes, or additional harms have been identified.","A complaint history review of the last 12 months of complaints [13 AUG 2025 to 12 AUG 2026] was performed for [he did the change of the LCG on two days ago and now he has to change it again] and no trends were identified.

A CAPA History Review was performed for [he did the change of the LCG on two days ago and now he has to change it again] and no related CAPAs were found.","The investigation did not identify any nonconformances or issues related to this complaint that require further action; therefore, no escalation is necessary.","The product was not returned to Olympus for inspection; however, technical assistance center (TAC) provided remote troubleshooting and reported that he did the change of the LCG on two days ago and now he has to change it again.

Troubleshooting was not able to resolve the reported allegation.

The investigation will be performed based on the available information.

A DHR was not required.
No indication of potential user error or complaint against the IFU/label has been received. Therefore, labeling review for this complaint is not required.

Historical complaints for [he did the change of the LCG on two days ago and now he has to change it again] have been previously reported and investigated. This indicates that no unanticipated risks, new failure modes, or additional harms have been identified.
A historical review of the last 12 months of complaints was performed and no trends were identified.
A CAPA History Review was performed and no related CAPAs were found.

The complaint [was not confirmed], the TAC advised that we should do a drain LCG since it is calling from it and load a new batch and see if it happens again. The most probable cause of the complaint is [D15 - Cause not Established
The investigation findings do not lead to a clear conclusion about the cause of the reported adverse event].
No further escalation is required.""",,INV-944223,"E2403 - No Clinical Signs, Symptoms or Conditions;F27 - Problem identified during non-clinical procedure.;",;D15 - Cause Not Established;B15 - Analysis of Information Provided by User/Third Party;B17 - Device Not Returned;B11 - Historical Data Analysis;,A1403 - Filling Problem;G04110 - Reservoir;,"A1403 - Filling Problem;G04110 - Reservoir;C19 - No Device Problem Found;D15 - Cause Not Established;E2403 - No Clinical Signs, Symptoms or Conditions;F27 - Problem identified during non-clinical procedure.;B15 - Analysis of Information Provided by User/Third Party;B17 - Device Not Returned;B11 - Historical Data Analysis;"
CN-985163,,Pathway 2,1,CDS: OER-Pro |  N3058140 (ENDOSCOPE REPROCESSOR),Abhishek Malviya,,No,No,,0,0,,,Health Professional; User Facility,,7/22/2026,,7/22/2026,,7/22/2026,0,English,United States,OCA-SAP-SFDC,OCA-SAP-SFDC,OCA-SAP-SFDC Ref 20260722-3347637,20260722-3347637,OER-PRO,N3058140,Americas,,Not Reportable,"22 JUL 2026 Paul White (FSE): Client reported E11 when unit was moved.
Onsite troubleshooting revealed the unit had a damaged drain hose and likely a leak on the inside.
Quote sent to client.","22 JUL 2026 Paul White (FSE): Client reported E11 when unit was moved.
Onsite troubleshooting revealed the unit had a damaged drain hose and likely a leak on the inside.
Quote sent to client.","22 JUL 2026 Paul White (FSE): Case opened., Software Version: 3.06, Patch Number: N/A, Operating System: N/A, Firmware Version: null",Jackie,Lawson,,4047834818,,jacqueline.lawson1@orovalleyhospital.com,Y,Administrator/Supervisor,1551 E TANGERINE RD,,ORO VALLEY,,85755,6213,,AZ,United States,,No,USA,ORO VALLEY HOSPITAL LLC,1551 E TANGERINE RD ORO VALLEY Arizona 85755-6213 United States,Jackie,,4047834818,jacqueline.lawson1@orovalleyhospital.com,Lawson,,,Administrator/Supervisor,Y,Health Professional,,,NA,NA,NA,None,NA,Reprocessing,"<a href=""/a0o68000003YzcG"" target=""_blank"">OER-Pro</a>",N3058140,CDS,OER-Pro,OER-Pro,JPN,RPSR011,"3-1-1 Niiderakita, AIZUWAKAMATSU-SHI, Fukushima, <a href=""/"" target=""_blank""> </a>",4.95317E+12,,,"<a href=""/a4668000000AidX"" target=""_blank"">AIZU OLYMPUS CO., LTD.</a>",Aizu,Olympus Medical Systems Corp.,,,,,,,2532224,,0,2532224,0,Unknown,0,No,No,No,Re-Use,Reprocessor,Yes,,No,,,,,No,No,No,No,0,,INQ-1124788,,,,,,"The product was not returned to Olympus for inspection; however, a field service engineer (FSE) was dispatched to customer site and the inspection identified:
 E11 when unit was moved.
Onsite troubleshooting revealed the unit had a damaged drain hose and likely a leak on the inside.

The complaint was confirmed. The device had a Onsite troubleshooting revealed the unit had a damaged drain hose and likely a leak on the inside.

The investigation will be performed based on the available information.

A DHR was not required.
A labeling review was not required.
A risk review [was performed], and [no unanticipated failures or harms were identified, describe findings, or rationale for no review].
A historical review of the last 12 months of complaints was performed and no trends were identified. 
A CAPA History Review was performed and no related CAPAs were found. 

The complaint [was confirmed], The device had a Onsite troubleshooting revealed the unit had a damaged drain hose and likely a leak on the inside. The most probable cause of the complaint is [D02 - Cause Traced to Component Failure
Expected or random component failure without any design or manufacturing issue.]. 
No further escalation is required.""",A13 |  | C0201 | D02;A050402 | G04069 | C0703 | D02;A0405 | G04069 | C0601 | D02;,A13 |;A050402 | G04069;,1,"The product was not returned to Olympus for inspection; however, a field service engineer (FSE) was dispatched to customer site and the inspection identified:
 E11 when unit was moved.
Onsite troubleshooting revealed the unit had a damaged drain hose and likely a leak on the inside.

The complaint was confirmed. The device had a Onsite troubleshooting revealed the unit had a damaged drain hose and likely a leak on the inside.

The investigation will be performed based on the available information.",Abhishek Malviya,San Jose,"No indication of potential user error or complaint against the IFU/label has been received. Therefore, labeling review for this complaint is not required.","This complaint is not associated with a packaging issue, an incorrect labeling issue, a breach of sterile barrier packaging issue or traced to prior repair activities. Therefore, [DHR] review is not required.","""Historical complaints for [E11 when unit was moved.
Onsite troubleshooting revealed the unit had a damaged drain hose and likely a leak on the inside.] have been previously reported and investigated. This indicates that no unanticipated risks, new failure modes, or additional harms have been identified.

Note: Risk Review was performed for the reported events/failure modes identified in the Product Analysis that are not related to a PTI.""","""A complaint history review of the last 12 months of complaints  [1 AUG 2025 to 31 July 2026] was performed for [E11 when unit was moved.
Onsite troubleshooting revealed the unit had a damaged drain hose and likely a leak on the inside.] and no trends were identified. 

Note: Complaint History Review was performed for the reported events/failure modes identified in the Product Analysis that are not related to a PTI.""

""A CAPA History Review was performed for [E11 when unit was moved.
Onsite troubleshooting revealed the unit had a damaged drain hose and likely a leak on the inside.]  and no related CAPAs were found.  

Note: CAPA History Review was performed for the reported events/failure modes identified in the Product Analysis that are not related to a PTI.""","The investigation did not identify any nonconformances or issues related to this complaint that require further action; therefore, no escalation is necessary.","The product was not returned to Olympus for inspection; however, a field service engineer (FSE) was dispatched to customer site and the inspection identified:
 E11 when unit was moved.
Onsite troubleshooting revealed the unit had a damaged drain hose and likely a leak on the inside.

The complaint was confirmed. The device had a Onsite troubleshooting revealed the unit had a damaged drain hose and likely a leak on the inside.

The investigation will be performed based on the available information.

A DHR was not required.
A labeling review was not required.
A risk review [was performed], and [no unanticipated failures or harms were identified, describe findings, or rationale for no review].
A historical review of the last 12 months of complaints was performed and no trends were identified. 
A CAPA History Review was performed and no related CAPAs were found. 

The complaint [was confirmed], The device had a Onsite troubleshooting revealed the unit had a damaged drain hose and likely a leak on the inside. The most probable cause of the complaint is [D02 - Cause Traced to Component Failure
Expected or random component failure without any design or manufacturing issue.]. 
No further escalation is required.""",,INV-946722,"E2403 - No Clinical Signs, Symptoms or Conditions;F27 - Problem identified during non-clinical procedure.;",;B01 - Testing of Actual/Suspected Device;B11 - Historical Data Analysis;B17 - Device Not Returned;,A13 - Communication or Transmission Problem;A050402 - Gas/Air Leak;G04069 - Hose;;A0405 - Degraded;,"A13 - Communication or Transmission Problem;A050402 - Gas/Air Leak;G04069 - Hose;;C0201 - Electrical/Electronic Component Problem Identified;D02 - Cause Traced to Component Failure;C0703 - Leakage/Seal;A0405 - Degraded;C0601 - Degradation Problem Identified;E2403 - No Clinical Signs, Symptoms or Conditions;F27 - Problem identified during non-clinical procedure.;B01 - Testing of Actual/Suspected Device;B11 - Historical Data Analysis;B17 - Device Not Returned;"
CN-985198,,Pathway 2,1,Lightsource: CLV-190 |  N3643342 (EVIS EXERA III XENON LIGHT SOURCE),Sanmitaa S,,No,No,,0,0,,,Health Professional; User Facility,,7/23/2026,,7/23/2026,,7/23/2026,0,English,United States,OCA-SAP-SFDC,OCA-SAP-SFDC,OCA-SAP-SFDC Ref 20260723-3348495,20260723-3348495,,N3643342,Americas,,Not Reportable,"23 JUL 2026 Doug Whitaker (TAC): 
Mandy Betsch Endoscopy Tech Manager
CLV-190/CV-190 E402 DF not connected utilizing Provation
Able to capture manually thru Provation
Not capturing with the scope
Multiples used 190 and 180 series 
Able to complete 1 procedure today, 2nd is when the error generated
Test patient on Provation initiated-yes
Scope button assignment for release 1- #4
Cabling and settings confirmed 
E402 still generated 
Recommended a new reinitialization of Provation
Still error regenerated 
Troubleshooting to be halted due to need of the room for Procedure
Amanda will attempt to troubleshoot cabling, cleaning -connections to see if error regenerates
Awaiting Follow up/update


23 JUL 2026 Doug Whitaker (TAC): 
Update from Amanda 
Didn't work all morning for procedure cabling 
Identify Endogenie  SDI try to toggle and connect it captured images 
attempting to replace the Endogenie to see if need to be reordered
Amanda will follow thru
switched the Endogenie and SDI cable and still error generated
going to attempt cable mirroring from the known working tower and follow up

24-JUL-2026-DougWhitaker-TAC- No further update from Amanda.

25-27-JUL-2026-DougWhitaker-TAC-919a-No response/update from Amanda.

04-AUG-2026-DougWhitaker-TAC-730a-No response/update from Amanda. Should no request for further assistance be made then case can be evaluated for closure.","23 JUL 2026 Doug Whitaker (TAC): 
Mandy Betsch Endoscopy Tech Manager
CLV-190/CV-190 E402 DF not connected utilizing Provation
Able to capture manually thru Provation
Not capturing with the scope
Multiples used 190 and 180 series 
Able to complete 1 procedure today, 2nd is when the error generated
Test patient on Provation initiated-yes
Scope button assignment for release 1- #4
Cabling and settings confirmed 
E402 still generated 
Recommended a new reinitialization of Provation
Still error regenerated 
Troubleshooting to be halted due to need of the room for Procedure
Amanda will attempt to troubleshoot cabling, cleaning -connections to see if error regenerates
Awaiting Follow up/update


23 JUL 2026 Doug Whitaker (TAC): 
Update from Amanda 
Didn't work all morning for procedure cabling 
Identify Endogenie  SDI try to toggle and connect it captured images 
attempting to replace the Endogenie to see if need to be reordered
Amanda will follow thru
switched the Endogenie and SDI cable and still error generated
going to attempt cable mirroring from the known working tower and follow up

24-JUL-2026-DougWhitaker-TAC- No further update from Amanda.

25-27-JUL-2026-DougWhitaker-TAC-919a-No response/update from Amanda.

04-AUG-2026-DougWhitaker-TAC-730a-No response/update from Amanda. Should no request for further assistance be made then case can be evaluated for closure.","23 JUL 2026 Doug Whitaker (TAC): 
Mandy Betsch Endoscopy Tech Manager
Phone: 720-745-2370
Time: 1041a
Email verified in Sales Force
The ""Service Report provided to Customer"" box checked to close the case. No Field Service Report was sent to customer

28-JUL-2026-DougWhitaker-TAC-758a-No response/update from Amanda

30-JUL-2026-DougWhitaker-TAC-839a-No response/update from Amanda

31-JUL-2026-DougWhitaker-TAC-No response/update from Amanda

01-03-AUG-2026-DougWhitaker-TAC-905a-No response/update from Amanda

08-AUG-2026-DougWhitaker -TAC- 556p-No response/update from Amanda, Software Version: null, Patch Number: null, Operating System: null, Firmware Version: null",Amanda,Betsch,,+1 (720) 745-2370,,amanda.betsch@gastrorockies.com,Y,Administrator/Supervisor,11900 GRANT ST,,NORTHGLENN,,80233,,,CO,United States,,No,USA,NORTHGLENN ENDOSCOPY CENTER LLC,11900 GRANT ST NORTHGLENN Colorado 80233 United States,Amanda,,+1 (720) 745-2370,amanda.betsch@gastrorockies.com,Betsch,,,Administrator/Supervisor,Y,Health Professional,,7/23/2026,Colonoscopy,With the same device,Diagnostic,No Information Available,During Sedation - Device outside patient,Procedure,"<a href=""/a0oaa00000KxDqY"" target=""_blank"">CLV-190</a>",N3643342,Lightsource,CLV-190,CLV-190,JPN,CVCL039,"3-1 Okamiyama, Odakura,  Nishigo-Mura,, Nishishirakawa-Gun, Fukushima, <a href=""/"" target=""_blank""> </a>",4.95317E+12,,,"<a href=""/a4668000000AidZ"" target=""_blank"">SHIRAKAWA OLYMPUS CO., LTD.</a>",Shirakawa,Olympus Medical Systems Corp.,,,,,,,7511982,,0,7511982,0,Unknown,1,No,No,No,Re-Use,CV and CLV,No,,No,,,,,No,No,No,No,0,,INQ-1126107,,,,,,"The product was not returned. The absence of the device for physical examination has limited the investigation into the reported issue. 
The complaint investigation process has confirmed that the failure has been previously investigated through the Product Technical Investigation (PTI) process. Historical data analysis concluded that the failure mode was within expected parameters.†A risk review was completed, and no unanticipated risks, new failures, and/or new harms were identified. Reasonably known information suggests probable causes such as Electrical problems like: Eletrical/Electrical Component; Open Circuit; Short Circuit; Signal loss; Power Source; Loss of Power; Power Fluctuations. Material problems like degradation. Mechanical problems like Stress; Fatigue; Mechanical Shock; Wear and Tear; Deformation;  Vibration; Fracture. Environmental problems like dust or dirt. These causes can occur between components such as Socket; Connector/Coupler; Connector Pin; Locking Mechanism; Lever; Cover; Sensor; Switch/Relay; Power Suppy; Electrical Cable and Electrical Lead/Wire without any design or manufacturing issue. That could lead to Connection issues.
Further, there was no evidence in historical complaints review that Instructions for use were inadequate or contributed to the occurrence of the failure. If the product associated with this event is returned at a future date, this evaluation will be reopened for investigation. No further escalation is required.;",A1207 | G02004 | C02 | D02;,A1207 | G02004;,1,"The product was not returned to Olympus for inspection; however, technical assistance center (TAC) provided remote troubleshooting and E402 DF not connected utilizing Provation

Troubleshooting was not able to resolve the reported allegation.

The investigation will be performed based on the available information.

The complaint has confirmed, the device has E402 DF not connected.

The reported failures has been previously investigated through the Product Technical Investigation (PTI) process.  

A risk review was completed, and no unanticipated risks, new failures, and/or new harms were identified. The most probable cause of this complaint is  D02 - Cause Traced to Component Failure, Expected or random component failure without any design or manufacturing issue.

Further, there was no evidence in historical complaints review that Instructions for Use (IFU) were inadequate or contributed to the occurrence of the failure. No further escalation is required.",Swetha V,San Jose,Not required for Product Technical Investigation (PTI) complaints.,Not required for Product Technical Investigation (PTI) complaints.,Not required for Product Technical Investigation (PTI) complaints.,Not required for Product Technical Investigation (PTI) complaints.,Not required for Product Technical Investigation (PTI) complaints.,"The product was not returned. The absence of the device for physical examination has limited the investigation into the reported issue. 
The complaint investigation process has confirmed that the failure has been previously investigated through the Product Technical Investigation (PTI) process. Historical data analysis concluded that the failure mode was within expected parameters.†A risk review was completed, and no unanticipated risks, new failures, and/or new harms were identified. Reasonably known information suggests probable causes such as Electrical problems like: Eletrical/Electrical Component; Open Circuit; Short Circuit; Signal loss; Power Source; Loss of Power; Power Fluctuations. Material problems like degradation. Mechanical problems like Stress; Fatigue; Mechanical Shock; Wear and Tear; Deformation;  Vibration; Fracture. Environmental problems like dust or dirt. These causes can occur between components such as Socket; Connector/Coupler; Connector Pin; Locking Mechanism; Lever; Cover; Sensor; Switch/Relay; Power Suppy; Electrical Cable and Electrical Lead/Wire without any design or manufacturing issue. That could lead to Connection issues.
Further, there was no evidence in historical complaints review that Instructions for use were inadequate or contributed to the occurrence of the failure. If the product associated with this event is returned at a future date, this evaluation will be reopened for investigation. No further escalation is required.;",,INV-946509,"F26 - No Health Consequences or Impact;E2403 - No Clinical Signs, Symptoms or Conditions;",;D02 - Cause Traced to Component Failure;B15 - Analysis of Information Provided by User/Third Party;B17 - Device Not Returned;,"A1207 - Incomplete or Inadequate Connection;G02004 - Cable, Electrical;","A1207 - Incomplete or Inadequate Connection;G02004 - Cable, Electrical;C02 - Electrical Problem Identified;D02 - Cause Traced to Component Failure;F26 - No Health Consequences or Impact;E2403 - No Clinical Signs, Symptoms or Conditions;B15 - Analysis of Information Provided by User/Third Party;B17 - Device Not Returned;"
CN-985233,,Pathway 2,1,CDS: OER-Pro |  N3058140 (ENDOSCOPE REPROCESSOR),Kolkarsuraj Ruhith,,No,No,,0,0,,,,,7/23/2026,,7/23/2026,,7/23/2026,0,English,United States,OCA-SAP-SFDC,OCA-SAP-SFDC,OCA-SAP-SFDC Ref 20260723-3348604,20260723-3348604,OER-PRO,N3058140,Americas,,Not Reportable,"23 JUL 2026 James O'Neill (TAC): 
OER-Pro Repair Trained biomed Cortland Bailen  called to report OER-PRO | 2331572 is displaying   E83.
E83 indicates an issue with the CPU Board  or the battery/Jumper ,  Courtland  had not yet reviewed his training Documents. I explained  Only an Olympus FSE  can replace  the CPU   But there is a an E83 recovery Routine. However The Technical Guide does not indiscate whether This recovery Routine is authorized for Repair Trained Biomeds.  Courtland will review his training Documentation   and   call back if he requires dispatch .
Case Number Provided

LM Documents Referenced    
OER-Pro Technical Guide  part 1   (ES Web)
-----------------------------
23JULY2026 - Pamela Klingensmith - TAC :  Cortalnd Bailen is an Olympus trained biomedical technician and called back for a QUOTE for possible FSE dispatch for the E83 error. He is not able to get a total cycle count because it now registers as all zeros on the display. Cortland Bailen ordered a PM kit that was delivered in March 2026. The  Quote was emailed to Cortland Bailen and FSE Steve Karye. A request to confirm his last PM date. 
Ship to is location, bill to and contact information is verified.

28 JUL 2026 Steven KArye FST:  I had replaced the CPU's battery unit.  Upon running a test cycle, I had experienced an E95 No Detergent Alarm twice.  I replaced the detergent sensor.  Performed repair per OER-Pro Technical Guide.","23 JUL 2026 James O'Neill (TAC): 
OER-Pro Repair Trained biomed Cortland Bailen  called to report OER-PRO | 2331572 is displaying   E83.
E83 indicates an issue with the CPU Board  or the battery/Jumper ,  Courtland  had not yet reviewed his training Documents. I explained  Only an Olympus FSE  can replace  the CPU   But there is a an E83 recovery Routine. However The Technical Guide does not indiscate whether This recovery Routine is authorized for Repair Trained Biomeds.  Courtland will review his training Documentation   and   call back if he requires dispatch .
Case Number Provided

LM Documents Referenced    
OER-Pro Technical Guide  part 1   (ES Web)
-----------------------------
23JULY2026 - Pamela Klingensmith - TAC :  Cortalnd Bailen is an Olympus trained biomedical technician and called back for a QUOTE for possible FSE dispatch for the E83 error. He is not able to get a total cycle count because it now registers as all zeros on the display. Cortland Bailen ordered a PM kit that was delivered in March 2026. The  Quote was emailed to Cortland Bailen and FSE Steve Karye. A request to confirm his last PM date. 
Ship to is location, bill to and contact information is verified.

28 JUL 2026 Steven KArye FST:  I had replaced the CPU's battery unit.  Upon running a test cycle, I had experienced an E95 No Detergent Alarm twice.  I replaced the detergent sensor.  Performed repair per OER-Pro Technical Guide.","23 JUL 2026 James O'Neill (TAC): 
Verified Contact Email and Phone number for service Contact Cortland Bailen, Updated Software Version: 3.06, Patch Number: null, Operating System: null",Cortland,Bailen,,218-742-8652,,cortland.bailen@essentiahealth.org,Y,Biomedical Engineer,5211 HIGHWAY 110,,AURORA,,55705,1522,,MN,United States,,No,USA,NORTHERN PINES MEDICAL CENTER,5211 HIGHWAY 110 AURORA Minnesota 55705-1522 United States,Cortland,,218-742-8652,cortland.bailen@essentiahealth.org,Bailen,,,Biomedical Engineer,Y,Health Professional,,,NA,NA,NA,None,NA,Reprocessing,"<a href=""/a0o68000003YzcG"" target=""_blank"">OER-Pro</a>",N3058140,CDS,OER-Pro,OER-Pro,JPN,RPSR011,"3-1-1 Niiderakita, AIZUWAKAMATSU-SHI, Fukushima, <a href=""/"" target=""_blank""> </a>",4.95317E+12,,,"<a href=""/a4668000000AidX"" target=""_blank"">AIZU OLYMPUS CO., LTD.</a>",Aizu,Olympus Medical Systems Corp.,,,,,,,2331572,,0,2331572,0,Unknown,0,No,No,No,Re-Use,Reprocessor,No,,No,,,,,No,NA,No,No,0,,INQ-1126142,,,,,,"The product was not returned to Olympus for inspection; however, a field service engineer (FSE) was dispatched to customer site and, the main issue is CPU battery failure resulting in E83, while the E95 detergent sensor fault was an incidental issue identified during repair verification.

1. Battery failure resulting in E83
2. The E95 detergent sensor fault

The complaint was confirmed.

The investigation will be performed based on the available information.

This complaint is not associated with a packaging issue, an incorrect labeling issue, a breach of sterile barrier packaging issue or traced to prior repair activities. Therefore, DHR review is not required.

No indication of potential user error or complaint against the IFU/label has been received. Therefore, labeling review for this complaint is not required.

A risk review was performed for 1. Battery failure resulting in E83, 2. The E95 detergent sensor fault based on historical data of the last 12 months [8/6/2025 - 8/5/2026] and no unanticipated risks, new failures, and/or new harms were identified.

A complaint history review of the last 12 months of complaints [8/6/2025 - 8/5/2026] was performed for 1. Battery failure resulting in E83, 2. The E95 detergent sensor fault and no trends were identified.

A CAPA History Review was performed for 1. Battery failure resulting in E83, 2. The E95 detergent sensor fault and no related CAPAs were found.

The complaint was confirmed. The most probable cause of the complaint is D02 - Cause Traced to Component Failure, Expected or random component failure without any design or manufacturing issue.

No further escalation is required.",A07 | G02002 | C0601 | D02;A1403 | G03012 | C0601 | D02;,A07 | G02002;,1,"The product was not returned to Olympus for inspection; however, a field service engineer (FSE) was dispatched to customer site and, the main issue is CPU battery failure resulting in E83, while the E95 detergent sensor fault was an incidental issue identified during repair verification.

1. Battery failure resulting in E83
2. The E95 detergent sensor fault

The complaint was confirmed.

The investigation will be performed based on the available information.",Bryant Arias,San Jose,"No indication of potential user error or complaint against the IFU/label has been received. Therefore, labeling review for this complaint is not required.","This complaint is not associated with a packaging issue, an incorrect labeling issue, a breach of sterile barrier packaging issue or traced to prior repair activities. Therefore, DHR review is not required.","A risk review was performed for 1. Battery failure resulting in E83, 2. The E95 detergent sensor fault based on historical data of the last 12 months [8/6/2025 - 8/5/2026] and no unanticipated risks, new failures, and/or new harms were identified.","A complaint history review of the last 12 months of complaints [8/6/2025 - 8/5/2026] was performed for 1. Battery failure resulting in E83, 2. The E95 detergent sensor fault and no trends were identified.

A CAPA History Review was performed for 1. Battery failure resulting in E83, 2. The E95 detergent sensor fault and no related CAPAs were found.","The investigation did not identify any nonconformances or issues related to this complaint that require further action; therefore, no escalation is necessary.","The product was not returned to Olympus for inspection; however, a field service engineer (FSE) was dispatched to customer site and, the main issue is CPU battery failure resulting in E83, while the E95 detergent sensor fault was an incidental issue identified during repair verification.

1. Battery failure resulting in E83
2. The E95 detergent sensor fault

The complaint was confirmed.

The investigation will be performed based on the available information.

This complaint is not associated with a packaging issue, an incorrect labeling issue, a breach of sterile barrier packaging issue or traced to prior repair activities. Therefore, DHR review is not required.

No indication of potential user error or complaint against the IFU/label has been received. Therefore, labeling review for this complaint is not required.

A risk review was performed for 1. Battery failure resulting in E83, 2. The E95 detergent sensor fault based on historical data of the last 12 months [8/6/2025 - 8/5/2026] and no unanticipated risks, new failures, and/or new harms were identified.

A complaint history review of the last 12 months of complaints [8/6/2025 - 8/5/2026] was performed for 1. Battery failure resulting in E83, 2. The E95 detergent sensor fault and no trends were identified.

A CAPA History Review was performed for 1. Battery failure resulting in E83, 2. The E95 detergent sensor fault and no related CAPAs were found.

The complaint was confirmed. The most probable cause of the complaint is D02 - Cause Traced to Component Failure, Expected or random component failure without any design or manufacturing issue.

No further escalation is required.",,INV-948413,"E2403 - No Clinical Signs, Symptoms or Conditions;F27 - Problem identified during non-clinical procedure.;",;D02 - Cause Traced to Component Failure;B17 - Device Not Returned;B01 - Testing of Actual/Suspected Device;B11 - Historical Data Analysis;B15 - Analysis of Information Provided by User/Third Party;,A07 - Electrical /Electronic Property Problem;G02002 - Battery;A1403 - Filling Problem;G03012 - Sensor;,"A07 - Electrical /Electronic Property Problem;G02002 - Battery;C0601 - Degradation Problem Identified;D02 - Cause Traced to Component Failure;A1403 - Filling Problem;G03012 - Sensor;E2403 - No Clinical Signs, Symptoms or Conditions;F27 - Problem identified during non-clinical procedure.;B17 - Device Not Returned;B01 - Testing of Actual/Suspected Device;B11 - Historical Data Analysis;B15 - Analysis of Information Provided by User/Third Party;"
CN-985258,,Pathway 2,1,Generators: EMP-H65S |  EMP-H65S (EMPOWER H65W HOLMIUM LASEER SYSTEM),Shyam Yallamla,,No,No,,0,0,,,Health Professional; User Facility,,7/21/2026,,7/21/2026,,7/21/2026,0,English,United States,OCA-SAP-SFDC,OCA-SAP-SFDC,OCA-SAP-SFDC Ref 20260721-3344180,20260721-3344180,EMP-H65S,R5000716,Americas,,Not Reportable,"21JUL2026 TOM KRAMER TAC CORE: EMP-H65S | LHT1568-0721 PC Error present advised contact.  Contact stated laser was recently replaced under warranty.  

Contact advised OCA Todd Ueckert advised him to call TAC and schedule dispatch under warranty.  

Send recommended parts to Reporter Contact and Account Ship-To address confirmed by customer.
Dispatch Field Service Engineer to Reporter Contact and Account Ship-To address confirmed by customer.

28 JUL 2026 FSE MIKE HOWARD REPLACED AFFECTED BOARDS AND TESTED SYSTEM.   
Performed repair per EMPOWER H65 Service Manual. Equipment passed the electrical safety test with results attached.","21JUL2026 TOM KRAMER TAC CORE: EMP-H65S | LHT1568-0721 PC Error present advised contact.  Contact stated laser was recently replaced under warranty.  

Contact advised OCA Todd Ueckert advised him to call TAC and schedule dispatch under warranty.  

Send recommended parts to Reporter Contact and Account Ship-To address confirmed by customer.
Dispatch Field Service Engineer to Reporter Contact and Account Ship-To address confirmed by customer.

28 JUL 2026 FSE MIKE HOWARD REPLACED AFFECTED BOARDS AND TESTED SYSTEM.   
Performed repair per EMPOWER H65 Service Manual. Equipment passed the electrical safety test with results attached.","NA, Software Version: null, Patch Number: null, Operating System: null, Firmware Version: null",Deron,Fletcher,,5104959551,,deron.fletcher@kp.org,Y,Biomedical Engineer,401 BICENTENNIAL WAY,,SANTA ROSA,,95403,2192,,CA,United States,,No,USA,KAISER FOUNDATION,401 BICENTENNIAL WAY SANTA ROSA California 95403-2192 United States,Tisha,,111-111-1111,tisha.zolnowsky@kp.org,Zolnowsky,,,Administrator/Supervisor,Y,Health Professional,,,No Information,No Information,No Information,No Information Available,No Information,Asked but unknown,"<a href=""/a0o68000003YzJk"" target=""_blank"">EMP-H65S</a>",EMP-H65S,Generators,EMP-H65S,EMP-H65S,ITA,No Reference,"VIA ACQUEDOTTO 109, SAMARATE, VARESE, <a href=""/"" target=""_blank""> </a>",8.05917E+12,,,"<a href=""/a46aa00000027OP"" target=""_blank"">QUANTA SYSTEM SPA</a>",SOLBIATE OLONA,QUANTA SYSTEM SPA,,,,,,,LHT1568-0721,,0,LHT1568-0721,0,Unknown,1,No,No,No,Re-Use,Miscellaneous,No,,No,,,,,No,No Information,No,No,0,,INQ-1121641,,,,,,"The product was not returned to Olympus for inspection; however, a field service engineer (FSE) was dispatched to customer site and PC Error present.
FSE MIKE HOWARD REPLACED AFFECTED BOARDS AND TESTED SYSTEM. Performed repair per EMPOWER H65 Service Manual. 

The complaint was confirmed.

This complaint is not associated with a packaging issue, an incorrect labeling issue, a breach of sterile barrier packaging issue or traced to prior repair activities. Therefore, DHR review is not required.
No indication of potential user error or complaint against the IFU/label has been received. Therefore, labeling review for this complaint is not required.
A risk review was performed for 
PC Error present and REPLACED AFFECTED BOARDS based on historical data of the last 12 months 31-Junly-2025 To 30-July-2026 and no unanticipated risks, new failures, and/or new harms were identified.
A historical review of the last 12 months of complaints was performed and no trends were identified. 
A CAPA History Review was performed and no related CAPAs were found. 
The complaint was confirmed; the device has PC Error present. The most probable cause of the complaint is D02 - Cause Traced to Component Failure
Expected or random component failure without any design or manufacturing issue.
No further escalation is required.",A13 | G04060 | C0601 | D02;A0405 | G02005 | C0601 | D02;,A13 |;,1,"The product was not returned to Olympus for inspection; however, a field service engineer (FSE) was dispatched to customer site and PC Error present.
FSE MIKE HOWARD REPLACED AFFECTED BOARDS AND TESTED SYSTEM. Performed repair per EMPOWER H65 Service Manual. 

The complaint was confirmed.

The investigation will be performed based on the available information.",Shyam Yallamla,San Jose,"No indication of potential user error or complaint against the IFU/label has been received. Therefore, labeling review for this complaint is not required.","This complaint is not associated with a packaging issue, an incorrect labeling issue, a breach of sterile barrier packaging issue or traced to prior repair activities. Therefore, DHR review is not required.","A risk review was performed for 
PC Error present and REPLACED AFFECTED BOARDS based on historical data of the last 12 months 31-Junly-2025 To 30-July-2026 and no unanticipated risks, new failures, and/or new harms were identified.","A complaint history review of the last 12 months of complaints 31-Junly-2025 To 30-July-2026 was performed for PC Error present and REPLACED AFFECTED BOARDS and no trends were identified. 

A CAPA History Review was performed for PC Error present and REPLACED AFFECTED BOARDS and no related CAPAs were found.","The investigation did not identify any nonconformances or issues related to this complaint that require further action; therefore, no escalation is necessary.","The product was not returned to Olympus for inspection; however, a field service engineer (FSE) was dispatched to customer site and PC Error present.
FSE MIKE HOWARD REPLACED AFFECTED BOARDS AND TESTED SYSTEM. Performed repair per EMPOWER H65 Service Manual. 

The complaint was confirmed.

This complaint is not associated with a packaging issue, an incorrect labeling issue, a breach of sterile barrier packaging issue or traced to prior repair activities. Therefore, DHR review is not required.
No indication of potential user error or complaint against the IFU/label has been received. Therefore, labeling review for this complaint is not required.
A risk review was performed for 
PC Error present and REPLACED AFFECTED BOARDS based on historical data of the last 12 months 31-Junly-2025 To 30-July-2026 and no unanticipated risks, new failures, and/or new harms were identified.
A historical review of the last 12 months of complaints was performed and no trends were identified. 
A CAPA History Review was performed and no related CAPAs were found. 
The complaint was confirmed; the device has PC Error present. The most probable cause of the complaint is D02 - Cause Traced to Component Failure
Expected or random component failure without any design or manufacturing issue.
No further escalation is required.",,INV-944319,"E2403 - No Clinical Signs, Symptoms or Conditions;F26 - No Health Consequences or Impact;",;D02 - Cause Traced to Component Failure;B01 - Testing of Actual/Suspected Device;B11 - Historical Data Analysis;B17 - Device Not Returned;,A13 - Communication or Transmission Problem;G04060 - Generator;A0405 - Degraded;G02005 - Circuit Board;,"A13 - Communication or Transmission Problem;G04060 - Generator;C0601 - Degradation Problem Identified;D02 - Cause Traced to Component Failure;A0405 - Degraded;G02005 - Circuit Board;E2403 - No Clinical Signs, Symptoms or Conditions;F26 - No Health Consequences or Impact;B01 - Testing of Actual/Suspected Device;B11 - Historical Data Analysis;B17 - Device Not Returned;"
CN-985305,,Pathway 2,1,CDS: OER-ELITE |  N5789340 (ENDOSCOPE REPROCESSOR),Kolkarsuraj Ruhith,,No,No,,0,0,,,Health Professional; User Facility,,7/23/2026,,7/23/2026,,7/23/2026,0,English,United States,OCA-SAP-SFDC,OCA-SAP-SFDC,OCA-SAP-SFDC Ref 20260723-3348735,20260723-3348735,OER-ELITE,N5789340,Americas,,Not Reportable,7/23/2026 ? Jesus Deleon (TAC) ? Customer reported they heard a clicking noise on the left side of the unit,23 JUL 2026 ? Jesus Deleon (TAC) ? Customer they heard a clicking noise on the left side of the unit,"Software Version: 1.10, Patch Number: N/A, Operating System: N/A",Catalina,Castaneda,,+1 (828)-291-7365,,catis2007@hotmail.com,Y,Other Healthcare Professional,1505 SW CARY PKWY,,CARY,,27511,6219,,NC,United States,,No,USA,RALEIGH ENDOSCOPY CARY,1505 SW CARY PKWY CARY North Carolina 27511-6219 United States,Catalina,,+1 (828)-291-7365,catis2007@hotmail.com,Castaneda,,,Other Healthcare Professional,Y,Health Professional,,,NA,NA,NA,None,NA,Reprocessing,"<a href=""/a0o68000003Z2vs"" target=""_blank"">OER-ELITE</a>",N5789340,CDS,OER-ELITE,OER-ELITE,JPN,RPSR013,"3-1-1 Niiderakita, AIZUWAKAMATSU-SHI, Fukushima, <a href=""/"" target=""_blank""> </a>",4.95317E+12,,,"<a href=""/a4668000000AidX"" target=""_blank"">AIZU OLYMPUS CO., LTD.</a>",Aizu,Olympus Medical Systems Corp.,,,,,,,2100628,,0,2100628,0,Unknown,1,No,No,No,Re-Use,Reprocessor,No,,No,,,,,No,No,No,No,0,,INQ-1126201,,,,,,"""The product was not returned to Olympus for inspection; however, technical assistance center (TAC) provided remote troubleshooting and Customer reported they heard a clicking noise on the left side of the unit

- unit is making noise 

Troubleshooting was not able to resolve the reported allegation.

The investigation will be performed based on the available information.

This complaint is not associated with a packaging issue, an incorrect labeling issue, a breach of sterile barrier packaging issue or traced to prior repair activities. Therefore, DHR review is not required.

No indication of potential user error or complaint against the IFU/label has been received. Therefore, labeling review for this complaint is not required.

A risk review was performed for a unit is making noise on historical data of the last 12 months [7/29/2025 - 7/30/2026] and no unanticipated risks, new failures, and/or new harms were identified.

A complaint history review of the last 12 months of complaints [7/29/2025 - 7/30/2026] was performed for unit is making noise and no trends were identified.

A CAPA History Review was performed for unit is making noise and no related CAPAs were found.

The complaint was not confirmed. The most probable cause of the complaint is D15 - Cause not Established The investigation findings do not lead to a clear conclusion about the cause of the reported adverse event.

No further escalation is required.",A0508 |  | C19 | D15;,A0508 |;,1,"""The product was not returned to Olympus for inspection; however, technical assistance center (TAC) provided remote troubleshooting and Customer reported they heard a clicking noise on the left side of the unit

- unit is making noise 

Troubleshooting was not able to resolve the reported allegation.

The investigation will be performed based on the available information.",Kolkarsuraj Ruhith,San Jose,"No indication of potential user error or complaint against the IFU/label has been received. Therefore, labeling review for this complaint is not required.","This complaint is not associated with a packaging issue, an incorrect labeling issue, a breach of sterile barrier packaging issue or traced to prior repair activities. Therefore, DHR review is not required.","A risk review was performed for a unit is making noise on historical data of the last 12 months [7/29/2025 - 7/30/2026] and no unanticipated risks, new failures, and/or new harms were identified.","A complaint history review of the last 12 months of complaints [7/29/2025 - 7/30/2026] was performed for unit is making noise and no trends were identified.

A CAPA History Review was performed for unit is making noise and no related CAPAs were found.","The investigation did not identify any nonconformances or issues related to this complaint that require further action; therefore, no escalation is necessary.","""The product was not returned to Olympus for inspection; however, technical assistance center (TAC) provided remote troubleshooting and Customer reported they heard a clicking noise on the left side of the unit

- unit is making noise 

Troubleshooting was not able to resolve the reported allegation.

The investigation will be performed based on the available information.

This complaint is not associated with a packaging issue, an incorrect labeling issue, a breach of sterile barrier packaging issue or traced to prior repair activities. Therefore, DHR review is not required.

No indication of potential user error or complaint against the IFU/label has been received. Therefore, labeling review for this complaint is not required.

A risk review was performed for a unit is making noise on historical data of the last 12 months [7/29/2025 - 7/30/2026] and no unanticipated risks, new failures, and/or new harms were identified.

A complaint history review of the last 12 months of complaints [7/29/2025 - 7/30/2026] was performed for unit is making noise and no trends were identified.

A CAPA History Review was performed for unit is making noise and no related CAPAs were found.

The complaint was not confirmed. The most probable cause of the complaint is D15 - Cause not Established The investigation findings do not lead to a clear conclusion about the cause of the reported adverse event.

No further escalation is required.",,INV-944365,"E2403 - No Clinical Signs, Symptoms or Conditions;F27 - Problem identified during non-clinical procedure.;",;D15 - Cause Not Established;B11 - Historical Data Analysis;B17 - Device Not Returned;B15 - Analysis of Information Provided by User/Third Party;,"A0508 - Noise, Audible;;","A0508 - Noise, Audible;;C19 - No Device Problem Found;D15 - Cause Not Established;E2403 - No Clinical Signs, Symptoms or Conditions;F27 - Problem identified during non-clinical procedure.;B11 - Historical Data Analysis;B17 - Device Not Returned;B15 - Analysis of Information Provided by User/Third Party;"
CN-985339,,Pathway 2,1,"Rigid Scope: WA2T470A |  WA2T470A (Telescope ""OES ELITE"", 4 mm, 70∞, HD, autoclavable)",Santhosh Somapur,,No,No,,0,1,,,Health Professional; User Facility,,7/23/2026,,7/23/2026,Email,7/20/2026,0,English,United States,OCA-DATASWEEP,OCA-DATASWEEP,68282715,68282715,WA2T470A,WA2T470A,Americas,"B11,,NSC SP - Rigid",Not Reportable,unable to see clear picture when looking through scope,unable to see clear picture when looking through scope,,Dereka,Butler,,+1(616)685-6502,,dereka.butler@trinity-health.org,Y,Biomedical Engineer,200 JEFFERSON AVE SE,"Sterile Processing, Dereka But",GRAND RAPIDS,,49503,4598,,MI,United States,,No,USA,TRINITY HEALTH MICHIGAN,"200 JEFFERSON AVE SE, Sterile Processing, Dereka Butler, GRAND RAPIDS, Michigan, 49503-4598, United States",Dereka,,+1(616)685-6502,dereka.butler@trinity-health.org,Butler,,,Biomedical Engineer,Y,NA,,,NA,NA,NA,None,NA,Reprocessing,"<a href=""/a0o68000003Z32A"" target=""_blank"">WA2T470A</a>",WA2T470A,Rigid Scope,WA2T470A,WA2T470A,DEU,RGSC002,"Kuehnstrasse 61, Hamburg, Hamburg, <a href=""/"" target=""_blank""> </a>",4.04276E+12,,,"<a href=""/a46aa00000004oP"" target=""_blank"">Olympus Winter & Ibe GmbH</a>",Olympus Winter & Ibe GmbH,Olympus Winter & Ibe GmbH,,,,,,,805967,,0,805967,0,Reuse,1,No,No,No,Re-Use,Rigid Scope,Yes,,Yes,7/24/2026,,,,No,NA,No,No,1,,INQ-1126229,,,,,,"The complaint was reported because unable to see clear picture when looking through scope.
 
The product was returned and inspected. The product analysis confirmed that:
- Loose OBJ lens, Fiber breakage, scratches on distal frame
- Confirmed UR unable to see clear picture, caused by cracked on optical lens
- Bent on outer tube, Received without protector tube.

One or more failure mode(s) identified has been previously investigated through the Product Technical Investigation (PTI) process and therefore does not require any further investigation.  See coding table for the PTI reference number associated with these failure modes.

This complaint is not associated with a packaging issue, an incorrect labeling issue, a breach of sterile barrier packaging issue or traced to prior repair activities. Therefore, SHR review is not required.

No indication of potential user error or complaint against the IFU/label has been received. Therefore, labeling review for this complaint is not required.

Historical complaints for loose lens, scratch on distal frame, cracked optical lens, bent on outer tube, received without protector tube, cracked lens have been previously reported and investigated. This indicates that no unanticipated risks, new failure modes, or additional harms have been identified.

A complaint history review of the last 12 months of complaints [08/06/2025 to 08/05/2026] was performed for loose lens, scratch on distal frame, cracked optical lens, bent on outer tube, received without protector tube, cracked lens and no trends were identified. 

A CAPA History Review was performed for loose lens, scratch on distal frame, cracked optical lens, bent on outer tube, received without protector tube, cracked lens and no related CAPAs were found.  

The complaint was confirmed; the device has cracked lens. The most probable cause of the complaint is D02 - Cause Traced to Component Failure Expected or random component failure without any design or manufacturing issue. 

No further escalation is required.",A090208 | G05006 | C0601 | D02;A0501 | G04134 | C070603 | D02;A0401 | G04053 | C0601 | D02;A051207 | G05006 | C0601 | D02;A0404 | G05006 | C0601 | D02;A040609 | G04134 | C070601 | D02;A0415 | G04027 | C0702 | D02;,A090208 |;,1,"The investigation will be conducted using the information provided by the customer and the inspection findings from the Repair Center (see attached Inspection Results Report). 
As part of the evaluation, the device underwent a visual inspection and functional testing to determine its condition.

The following failures were identified: 
- Loose OBJ lens, Fiber breakage, scratches on distal frame
- Confirmed UR unable to see clear picture, caused by cracked on optical lens
- Bent on outer tube, Received without protector tube.

Based on the product analysis, the complaint is confirmed since the device has evidence of unable to see clear picture due to cracked optical lens, which is consistent with the reported event.",NagaArjun KG,San Jose,"No indication of potential user error or complaint against the IFU/label has been received. Therefore, labeling review for this complaint is not required. One or more failure mode(s) identified has been previously investigated through the Product Technical Investigation (PTI) process and therefore does not require any further investigation.  See coding table for the PTI reference number associated with these failure modes.","This complaint is not associated with a packaging issue, an incorrect labeling issue, a breach of sterile barrier packaging issue or traced to prior repair activities. Therefore, SHR review is not required.","Historical complaints for loose lens, scratch on distal frame, cracked optical lens, bent on outer tube, received without protector tube, cracked lens have been previously reported and investigated. This indicates that no unanticipated risks, new failure modes, or additional harms have been identified. One or more failure mode(s) identified has been previously investigated through the Product Technical Investigation (PTI) process and therefore does not require any further investigation.  See coding table for the PTI reference number associated with these failure modes.","A complaint history review of the last 12 months of complaints [08/06/2025 to 08/05/2026] was performed for loose lens, scratch on distal frame, cracked optical lens, bent on outer tube, received without protector tube, cracked lens and no trends were identified. 

A CAPA History Review was performed for loose lens, scratch on distal frame, cracked optical lens, bent on outer tube, received without protector tube, cracked lens and no related CAPAs were found. One or more failure mode(s) identified has been previously investigated through the Product Technical Investigation (PTI) process and therefore does not require any further investigation.  See coding table for the PTI reference number associated with these failure modes.","The investigation did not identify any nonconformances or issues related to this complaint that require further action; therefore, no escalation is necessary. One or more failure mode(s) identified has been previously investigated through the Product Technical Investigation (PTI) process and therefore does not require any further investigation.  See coding table for the PTI reference number associated with these failure modes.","The complaint was reported because unable to see clear picture when looking through scope.
 
The product was returned and inspected. The product analysis confirmed that:
- Loose OBJ lens, Fiber breakage, scratches on distal frame
- Confirmed UR unable to see clear picture, caused by cracked on optical lens
- Bent on outer tube, Received without protector tube.

One or more failure mode(s) identified has been previously investigated through the Product Technical Investigation (PTI) process and therefore does not require any further investigation.  See coding table for the PTI reference number associated with these failure modes.

This complaint is not associated with a packaging issue, an incorrect labeling issue, a breach of sterile barrier packaging issue or traced to prior repair activities. Therefore, SHR review is not required.

No indication of potential user error or complaint against the IFU/label has been received. Therefore, labeling review for this complaint is not required.

Historical complaints for loose lens, scratch on distal frame, cracked optical lens, bent on outer tube, received without protector tube, cracked lens have been previously reported and investigated. This indicates that no unanticipated risks, new failure modes, or additional harms have been identified.

A complaint history review of the last 12 months of complaints [08/06/2025 to 08/05/2026] was performed for loose lens, scratch on distal frame, cracked optical lens, bent on outer tube, received without protector tube, cracked lens and no trends were identified. 

A CAPA History Review was performed for loose lens, scratch on distal frame, cracked optical lens, bent on outer tube, received without protector tube, cracked lens and no related CAPAs were found.  

The complaint was confirmed; the device has cracked lens. The most probable cause of the complaint is D02 - Cause Traced to Component Failure Expected or random component failure without any design or manufacturing issue. 

No further escalation is required.",,INV-944395,"E2403 - No Clinical Signs, Symptoms or Conditions;F27 - Problem identified during non-clinical procedure.;",;B01 - Testing of Actual/Suspected Device;B11 - Historical Data Analysis;,A090208 - Poor Quality Image;G05006 - Lenses;A0501 - Detachment of Device or Device Component;G04134 - Tube;A0401 - Break;G04053 - Fiber;A051207 - Unstable;A0404 - Crack;A040609 - Material Twisted/Bent;A0415 - Scratched Material;G04027 - Chassis/Frame;,"A090208 - Poor Quality Image;G05006 - Lenses;C0601 - Degradation Problem Identified;D02 - Cause Traced to Component Failure;A0501 - Detachment of Device or Device Component;G04134 - Tube;C070603 - Separation Problem;A0401 - Break;G04053 - Fiber;A051207 - Unstable;A0404 - Crack;A040609 - Material Twisted/Bent;C070601 - Deformation/Distortion Problem;A0415 - Scratched Material;G04027 - Chassis/Frame;C0702 - Friction Problem Identified;E2403 - No Clinical Signs, Symptoms or Conditions;F27 - Problem identified during non-clinical procedure.;B01 - Testing of Actual/Suspected Device;B11 - Historical Data Analysis;"
CN-985413,,Pathway 2,1,"Rigid Scope: WA4KA430 |  WA4KA430 (Telescope ?ULTRA?, 4 mm, 30∞, with trocar tube connector)",Reshma M,,No,No,,0,1,,,Health Professional; User Facility,,7/28/2026,,7/23/2026,,,1,English,United States,OCA-DATASWEEP,OCA-DATASWEEP,68282730,68282730,WA4KA430,WA4KA430,Americas,"B11,,NSC SP - Rigid",Not Reportable,Scope tip blurry and looks to be a bit used,Scope tip blurry and looks to be a bit used,,Matt,Bright,,+1 918 376 8067,,matthew.bright@baileymedicalcenter.com,Y,Administrator/Supervisor,10502 N 110TH EAST AVE,Matt,OWASSO,,74055,6660,,OK,United States,,No,USA,"BAILEY MEDICAL CENTER, LLC","10502 N 110TH EAST AVE, Matt, OWASSO, Oklahoma, 74055-6660, United States",Matt,,9183768067,matthew.bright@baileymedicalcenter.com,Bright,,,Administrator/Supervisor,Y,Health Professional,,,No Information,No Information,No Information,No Information Available,No Information,During set up / Inspection for use (during set up in room / before patient in room),"<a href=""/a0o68000003Z2Rw"" target=""_blank"">WA4KA430</a>",WA4KA430,Rigid Scope,WA4KA430,WA4KA430,DEU,RGSC002,"Kuehnstrasse 61, Hamburg, Hamburg, <a href=""/"" target=""_blank""> </a>",4.04276E+12,,,"<a href=""/a46aa00000004oP"" target=""_blank"">Olympus Winter & Ibe GmbH</a>",Olympus Winter & Ibe GmbH,Olympus Winter & Ibe GmbH,,,,,,,803138,,0,803138,0,Reuse,1,No,No,No,Re-Use,Rigid Scope,Yes,,Yes,7/28/2026,,,,No,No,No,No,1,,INQ-1126299,,,,,,"The complaint was reported because Scope tip blurry and looks to be a bit used
The product was returned and inspected. The product analysis confirmed that
1. Confirmed blurry image, , chip in optics - RGSC_Optical Image Issues_PTI1
2. Outer Tube Dents on distal end
3. OBJECT WINDOW Fiber breakage, dents on frame

No indication of potential user error or complaint against the IFU/label has been received. Therefore, labeling review for this complaint is not required.

One or more failure modes identified has been previously investigated through the Product Technical Investigation (PTI) process and therefore does not require any further investigation. See coding table for the PTI reference number associated with these failure modes.

This complaint is not associated with a packaging issue, an incorrect labeling issue, a breach of sterile barrier packaging issue or traced to prior repair activities. Therefore, [DHR] review is not required.

Historical complaints for chip in optics and Outer Tube Dents on distal end. chip in optics, Fiber breakage, dents on frame have been previously reported and investigated. This indicates that no unanticipated risks, new failure modes, or additional harms have been identified

A historical review of the last 12 months of complaints was performed and no trends were identified.
A CAPA History Review was performed and no related CAPAs were found

The complaint was Confirmed; the device has evidence of blurry image,, chip in optics and Outer Tube Dents on distal end. The most probable cause of the complaint is D02 - Cause Traced to Component Failure - Expected or random component failure without any design or manufacturing issue.
No further escalation is required",A090208 | G05 | C0706 | D02;A040507 | G04134 | C070601 | D02;A0401 | G04053 | C070601 | D02;A040103 | G05 | C070601 | D02;A040602 | G04027 | C070601 | D02;A040602 | G04134 | C070601 | D02;,A090208 |;A040507 |;,1,"The investigation will be conducted using the information provided by the customer and the inspection findings from the Repair Center (see attached Inspection Results Report).
As part of the evaluation, the device underwent a visual inspection and functional testing to determine its condition.

The following failures were identified:
1. Confirmed blurry image, , chip in optics - RGSC_Optical Image Issues_PTI1
2. Outer Tube Dents on distal end
3. OBJECT WINDOW Fiber breakage, dents on frame

Based on the product analysis, the complaint is confirmed since the device has evidence of blurry image, chip in optics and Outer Tube Dents on distal end, which is consistent with the reported event.",Reshma M,San Jose,"No indication of potential user error or complaint against the IFU/label has been received. Therefore, labeling review for this complaint is not required One or more failure mode(s) identified has been previously investigated through the Product Technical Investigation (PTI) process and therefore does not require any further investigation.  See coding table for the PTI reference number associated with these failure modes.","This complaint is not associated with a packaging issue, an incorrect labeling issue, a breach of sterile barrier packaging issue or traced to prior repair activities. Therefore, [DHR] review is not required.","Historical complaints for chip in optics and Outer Tube Dents on distal end. chip in optics, Fiber breakage, dents on frame have been previously reported and investigated. This indicates that no unanticipated risks, new failure modes, or additional harms have been identified One or more failure mode(s) identified has been previously investigated through the Product Technical Investigation (PTI) process and therefore does not require any further investigation.  See coding table for the PTI reference number associated with these failure modes.","A complaint history review of the last 12 months of complaints [8/05/2025 to 8/04/2026] was performed for chip in optics and Outer Tube Dents on distal end. chip in optics, Fiber breakage, dents on frame and no trends were identified.

A CAPA History Review was performed for chip in optics and Outer Tube Dents on distal end. chip in optics, Fiber breakage, dents on frame and no related CAPAs were found One or more failure mode(s) identified has been previously investigated through the Product Technical Investigation (PTI) process and therefore does not require any further investigation.  See coding table for the PTI reference number associated with these failure modes.","The investigation did not identify any nonconformances or issues related to this complaint that require further action; therefore, no escalation is necessary One or more failure mode(s) identified has been previously investigated through the Product Technical Investigation (PTI) process and therefore does not require any further investigation.  See coding table for the PTI reference number associated with these failure modes.","The complaint was reported because Scope tip blurry and looks to be a bit used
The product was returned and inspected. The product analysis confirmed that
1. Confirmed blurry image, , chip in optics - RGSC_Optical Image Issues_PTI1
2. Outer Tube Dents on distal end
3. OBJECT WINDOW Fiber breakage, dents on frame

No indication of potential user error or complaint against the IFU/label has been received. Therefore, labeling review for this complaint is not required.

One or more failure modes identified has been previously investigated through the Product Technical Investigation (PTI) process and therefore does not require any further investigation. See coding table for the PTI reference number associated with these failure modes.

This complaint is not associated with a packaging issue, an incorrect labeling issue, a breach of sterile barrier packaging issue or traced to prior repair activities. Therefore, [DHR] review is not required.

Historical complaints for chip in optics and Outer Tube Dents on distal end. chip in optics, Fiber breakage, dents on frame have been previously reported and investigated. This indicates that no unanticipated risks, new failure modes, or additional harms have been identified

A historical review of the last 12 months of complaints was performed and no trends were identified.
A CAPA History Review was performed and no related CAPAs were found

The complaint was Confirmed; the device has evidence of blurry image,, chip in optics and Outer Tube Dents on distal end. The most probable cause of the complaint is D02 - Cause Traced to Component Failure - Expected or random component failure without any design or manufacturing issue.
No further escalation is required",,INV-944490,"F2601 - Problem identified before clinical use/exposure;E2403 - No Clinical Signs, Symptoms or Conditions;",;B01 - Testing of Actual/Suspected Device;B11 - Historical Data Analysis;,A090208 - Poor Quality Image;A040507 - Naturally Worn;G05 - Optical;G04134 - Tube;A0401 - Break;G04053 - Fiber;A040103 - Material Fragmentation;A040602 - Dent in Material;G04027 - Chassis/Frame;,"A090208 - Poor Quality Image;A040507 - Naturally Worn;G05 - Optical;C0706 - Stress Problem Identified;D02 - Cause Traced to Component Failure;G04134 - Tube;C070601 - Deformation/Distortion Problem;A0401 - Break;G04053 - Fiber;A040103 - Material Fragmentation;A040602 - Dent in Material;G04027 - Chassis/Frame;F2601 - Problem identified before clinical use/exposure;E2403 - No Clinical Signs, Symptoms or Conditions;B01 - Testing of Actual/Suspected Device;B11 - Historical Data Analysis;"
CN-985503,,Pathway 2,1,Fluid Mngt Cap Equip: K10001141 |  K10001141 (FLUSHING PUMP OFP-2 (US)),Vipin Mekala,,No,No,,0,0,,,Health Professional; User Facility,,7/23/2026,,7/23/2026,Email,7/22/2026,0,English,United States,OCA-DATASWEEP,OCA-DATASWEEP,26089983,26089983,OFP-2,K10001141,Americas,"B25,Service Approval,NSC Electronics",Not Reportable,The pump is not turning. I can tell the bearings are shot. Clarification requested and the reporter said: I do not see any visual damage.,The pump is not turning. I can tell the barrings are shot. Clarification requested and the reporter said. I do not see any visual damage.,,BEN,HALL,,+1 (412) 874-1643,,benjamin.hall@trimedex.com,Y,Biomedical Engineer,200 LOTHROP ST,,PITTSBURGH,,15213,,,PA,United States,,No,USA,UNIVERSITY OF PITTSBURGH,"200 LOTHROP ST, PITTSBURGH, Pennsylvania, 15213, United States",BEN,,+1 (412) 874-1643,benjamin.hall@trimedex.com,HALL,,,Biomedical Engineer,Y,Health Professional,,,NA,NA,NA,None,NA,During set up / Inspection for use (during set up in room / before patient in room),"<a href=""/a0o68000003Z0Ep"" target=""_blank"">K10001141</a>",K10001141,Fluid Mngt Cap Equip,K10001141,K10001141,GBR,FLPU001,"KeyMed House, Stock Road, Southend on Sea, Essex, <a href=""/"" target=""_blank""> </a>",1.50198E+13,,,"<a href=""/a4668000000Aidy"" target=""_blank"">KeyMed (Medical and Industrial Equipment) Ltd.</a>",KeyMed (Medical and Industrial Equipment) Ltd.,KEYMED (MEDICAL AND INDUSTRIAL EQUIPMENT) LTD.,,,,,,,21220879,,0,21220879,0,Reuse,1,No,No,No,Re-Use,OKM Flush. Pumps and consum.,Yes,,Yes,7/27/2026,,,,No,NA,No,No,1,,INQ-1126621,,,,,,"The complaint was reported because The pump is not turning. I can tell the bearings are shot. Clarification requested and the reporter said: I do not see any visual damage.
†
The product was returned and inspected. The product analysis confirmed that
- Flow was satisfactory however unusual noise from pump head
-Cracked chassis and scratches on the left side of the top cover
- The control panel does not function
†
This complaint is not associated with a packaging issue, an incorrect labeling issue, a breach of sterile barrier packaging issue or traced to prior repair activities. Therefore, DHR review is not required.

No indication of potential user error or complaint against the IFU/label has been received. Therefore, labeling review for Pathway 2 complaints is not required.

Historical complaints for reported event and device malfunctions identified during product analysis have been previously reported and investigated. This indicates that no unanticipated risks, new failure modes, or additional harms have been identified.

A historical review of the last 12 months of complaints was performed and no trends were identified.
†
A CAPA History Review was performed and no related CAPAs were found.
†
The complaint was partially confirmed; the device has When tested using the service control panel, the pump operated properly; however, an abnormal noise was observed from the pump head.  The most probable cause of the complaint is D02 - Cause Traced to Component Failure: Expected or random component failure without any design or manufacturing issue and D14 - No Problem Detected, it was confirmed that there was no problem with the device.
†
No further escalation is required.",A141203 | G04105 | C19 | D14;A0508 | G04105 | C0601 | D02;A0415 | G04037 | C0706 | D02;A0404 | G04027 | C0706 | D02;A07 | G04096 | C0201 | D02;,A141203 |;A0508 |;,1,"The investigation will be conducted using the information provided by the customer and the inspection findings from the Repair Center (see attached Inspection Results Report). 
As part of the evaluation, the device underwent a visual inspection and functional testing to determine its condition.

The following failures were identified: 
- Flow was satisfactory however unusual noise from pump head
-Cracked chassis and scratches on the left side of the top cover
- The control panel does not function

Based on the product analysis, the complaint is partially confirmed since the device has evidence of 'When tested using the service control
panel, the pump operated properly; however, an abnormal noise was observed from the pump head, which is consistent with the reported event.",Yashwanthreddy Patlolla,San Jose,"No indication of potential user error or complaint against the IFU/label has been received. Therefore, labeling review for Pathway 2 complaints is not required.","This complaint is not associated with a packaging issue, an incorrect labeling issue, a breach of sterile barrier packaging issue or traced to prior repair activities. Therefore, DHR review is not required.","Historical complaints for
†- Flow was satisfactory however unusual noise from pump head
-Cracked chassis and scratches on the left side of the top cover
- The control panel does not function
have been previously reported and investigated. This indicates that no unanticipated risks, new failure modes, or additional harms have been identified.","A complaint history review of the last 12 months of complaints 05 Aug 2025 to 04 Aug 2026 performed for
†- Flow was satisfactory however unusual noise from pump head
-Cracked chassis and scratches on the left side of the top cover
- The control panel does not function
and no trends were identified.
†
A CAPA History Review was performed for
†- Flow was satisfactory however unusual noise from pump head
-Cracked chassis and scratches on the left side of the top cover
- The control panel does not function
and no related CAPAs were found.","The investigation did not identify any nonconformances or issues related to this complaint that require further action; therefore, no escalation is necessary.","The complaint was reported because The pump is not turning. I can tell the bearings are shot. Clarification requested and the reporter said: I do not see any visual damage.
†
The product was returned and inspected. The product analysis confirmed that
- Flow was satisfactory however unusual noise from pump head
-Cracked chassis and scratches on the left side of the top cover
- The control panel does not function
†
This complaint is not associated with a packaging issue, an incorrect labeling issue, a breach of sterile barrier packaging issue or traced to prior repair activities. Therefore, DHR review is not required.

No indication of potential user error or complaint against the IFU/label has been received. Therefore, labeling review for Pathway 2 complaints is not required.

Historical complaints for reported event and device malfunctions identified during product analysis have been previously reported and investigated. This indicates that no unanticipated risks, new failure modes, or additional harms have been identified.

A historical review of the last 12 months of complaints was performed and no trends were identified.
†
A CAPA History Review was performed and no related CAPAs were found.
†
The complaint was partially confirmed; the device has When tested using the service control panel, the pump operated properly; however, an abnormal noise was observed from the pump head.  The most probable cause of the complaint is D02 - Cause Traced to Component Failure: Expected or random component failure without any design or manufacturing issue and D14 - No Problem Detected, it was confirmed that there was no problem with the device.
†
No further escalation is required.",,INV-944573,"E2403 - No Clinical Signs, Symptoms or Conditions;F2601 - Problem identified before clinical use/exposure;",;B01 - Testing of Actual/Suspected Device;B11 - Historical Data Analysis;,"A141203 - Failure to Pump;A0508 - Noise, Audible;G04105 - Pump;A0415 - Scratched Material;G04037 - Cover;A0404 - Crack;G04027 - Chassis/Frame;A07 - Electrical /Electronic Property Problem;G04096 - Panel;","A141203 - Failure to Pump;A0508 - Noise, Audible;G04105 - Pump;C19 - No Device Problem Found;D14 - No Problem Detected;C0601 - Degradation Problem Identified;D02 - Cause Traced to Component Failure;A0415 - Scratched Material;G04037 - Cover;C0706 - Stress Problem Identified;A0404 - Crack;G04027 - Chassis/Frame;A07 - Electrical /Electronic Property Problem;G04096 - Panel;C0201 - Electrical/Electronic Component Problem Identified;E2403 - No Clinical Signs, Symptoms or Conditions;F2601 - Problem identified before clinical use/exposure;B01 - Testing of Actual/Suspected Device;B11 - Historical Data Analysis;"
CN-985517,,Pathway 2,1,CDS: OER-Pro |  N3058140 (ENDOSCOPE REPROCESSOR),Kolkarsuraj Ruhith,,No,No,,0,0,,,Health Professional; User Facility,,7/23/2026,,7/23/2026,,7/23/2026,0,English,United States,OCA-SAP-SFDC,OCA-SAP-SFDC,OCA-SAP-SFDC Ref 20260723-3349309,20260723-3349309,OER-PRO,N3058140,Americas,,Not Reportable,"23 JUL 2026 MIKE HOWARD FSE CUSTOMER REPORTED AN E12 CODE. PARTS ORDERED
28 JUL 2026 Michael Howard (FSE) REPLACED SWITCHING VALVE AND TANK SENSOR. TESTED FUNCTIONS. 
28 JUL 2026 Michael Howard (FSE)Completed test cycle successfully with no errors.  Performed repair per OER-Pro Technical Guide. Equipment passed the electrical safety test with results attached.","23 JUL 2026 MIKE HOWARD FSE CUSTOMER REPORTED AN E12 CODE. PARTS ORDERED
28 JUL 2026 Michael Howard (FSE) REPLACED SWITCHING VALVE AND TANK SENSOR. TESTED FUNCTIONS. 
28 JUL 2026 Michael Howard (FSE)Completed test cycle successfully with no errors.  Performed repair per OER-Pro Technical Guide. Equipment passed the electrical safety test with results attached.","NA, Updated Software Version: 3.06, Updated Patch Number: N/A, Updated Operating System: N/A",Sarika,Nand,,510-304-7577,,sarika.nand@sutterhealth.org,Y,Administrator/Supervisor,1101 VAN NESS AVE,,SAN FRANCISCO,,94109,6919,,CA,United States,,No,USA,SUTTER BAY HOSPITALS,1101 VAN NESS AVE SAN FRANCISCO California 94109-6919 United States,Sarika,,510-304-7577,sarika.nand@sutterhealth.org,Nand,,,Administrator/Supervisor,Y,Health Professional,,,NA,NA,NA,None,NA,Reprocessing,"<a href=""/a0o68000003YzcG"" target=""_blank"">OER-Pro</a>",N3058140,CDS,OER-Pro,OER-Pro,JPN,RPSR011,"3-1-1 Niiderakita, AIZUWAKAMATSU-SHI, Fukushima, <a href=""/"" target=""_blank""> </a>",4.95317E+12,,,"<a href=""/a4668000000AidX"" target=""_blank"">AIZU OLYMPUS CO., LTD.</a>",Aizu,Olympus Medical Systems Corp.,,,,,,,2633619,,0,2633619,0,Unknown,0,No,No,No,Re-Use,Reprocessor,No,,No,,,,,No,NA,No,No,0,,INQ-1126728,,,,,,"""The product was not returned to Olympus for inspection; however, a field service engineer (FSE) was dispatched to customer site and 23 JUL 2026 MIKE HOWARD FSE CUSTOMER REPORTED AN E12 CODE. PARTS ORDERED

- insufficient disinfectant level 

The complaint was confirmed.

The investigation will be performed based on the available information.

This complaint is not associated with a packaging issue, an incorrect labeling issue, a breach of sterile barrier packaging issue or traced to prior repair activities. Therefore, DHR review is not required.

No indication of potential user error or complaint against the IFU/label has been received. Therefore, labeling review for this complaint is not required.

A risk review was performed for insufficient disinfectant level based on historical data of the last 12 months [7/29/2025 - 7/30/2026] and no unanticipated risks, new failures, and/or new harms were identified.

A complaint history review of the last 12 months of complaints [7/29/2025 - 7/30/2026] was performed for insufficient disinfectant level and no trends were identified.

A CAPA History Review was performed for insufficient disinfectant level and no related CAPAs were found.

The complaint was confirmed. The most probable cause of the complaint is D02 - Cause Traced to Component Failure, Expected or random component failure without any design or manufacturing issue.

No further escalation is required.",A140303 | G04110 | C0601 | D02;,A140303 |;,1,"""The product was not returned to Olympus for inspection; however, a field service engineer (FSE) was dispatched to customer site and 23 JUL 2026 MIKE HOWARD FSE CUSTOMER REPORTED AN E12 CODE. PARTS ORDERED

- insufficient disinfectant level 

The complaint was confirmed.

The investigation will be performed based on the available information.",Melany Rojas,San Jose,"No indication of potential user error or complaint against the IFU/label has been received. Therefore, labeling review for this complaint is not required.","This complaint is not associated with a packaging issue, an incorrect labeling issue, a breach of sterile barrier packaging issue or traced to prior repair activities. Therefore, DHR review is not required.","A risk review was performed for insufficient disinfectant level based on historical data of the last 12 months [7/29/2025 - 7/30/2026] and no unanticipated risks, new failures, and/or new harms were identified.","A complaint history review of the last 12 months of complaints [7/29/2025 - 7/30/2026] was performed for insufficient disinfectant level and no trends were identified.

A CAPA History Review was performed for insufficient disinfectant level and no related CAPAs were found.","The investigation did not identify any nonconformances or issues related to this complaint that require further action; therefore, no escalation is necessary.","""The product was not returned to Olympus for inspection; however, a field service engineer (FSE) was dispatched to customer site and 23 JUL 2026 MIKE HOWARD FSE CUSTOMER REPORTED AN E12 CODE. PARTS ORDERED

- insufficient disinfectant level 

The complaint was confirmed.

The investigation will be performed based on the available information.

This complaint is not associated with a packaging issue, an incorrect labeling issue, a breach of sterile barrier packaging issue or traced to prior repair activities. Therefore, DHR review is not required.

No indication of potential user error or complaint against the IFU/label has been received. Therefore, labeling review for this complaint is not required.

A risk review was performed for insufficient disinfectant level based on historical data of the last 12 months [7/29/2025 - 7/30/2026] and no unanticipated risks, new failures, and/or new harms were identified.

A complaint history review of the last 12 months of complaints [7/29/2025 - 7/30/2026] was performed for insufficient disinfectant level and no trends were identified.

A CAPA History Review was performed for insufficient disinfectant level and no related CAPAs were found.

The complaint was confirmed. The most probable cause of the complaint is D02 - Cause Traced to Component Failure, Expected or random component failure without any design or manufacturing issue.

No further escalation is required.",,INV-946361,"E2403 - No Clinical Signs, Symptoms or Conditions;F27 - Problem identified during non-clinical procedure.;",;D02 - Cause Traced to Component Failure;B01 - Testing of Actual/Suspected Device;B17 - Device Not Returned;B11 - Historical Data Analysis;,A140303 - Short Fill;G04110 - Reservoir;,"A140303 - Short Fill;G04110 - Reservoir;C0601 - Degradation Problem Identified;D02 - Cause Traced to Component Failure;E2403 - No Clinical Signs, Symptoms or Conditions;F27 - Problem identified during non-clinical procedure.;B01 - Testing of Actual/Suspected Device;B17 - Device Not Returned;B11 - Historical Data Analysis;"
CN-985546,,Pathway 2,1,CDS: OER-Pro |  N3058140 (ENDOSCOPE REPROCESSOR),Naveen Lokini,,No,No,,0,0,,,Health Professional; User Facility,,7/23/2026,,7/23/2026,,7/23/2026,0,English,United States,OCA-SAP-SFDC,OCA-SAP-SFDC,OCA-SAP-SFDC Ref 20260723-3349421,20260723-3349421,OER-PRO,N3058140,Americas,,Not Reportable,"23 JUL 2026 Sarah Barettino (TAC) 
OER-PRO | 2633224 - top panel intermittent loss of functionality
Valerie, manager, calling because unit loss functionality of top panel midday. Power cycling unit did not correct the issue. Unit randomly gained functionality again and is currently working. Site would like FSE to come and inspect unit as same issue was repaired 5/6/2026 20260504-3211896. WO created off to dispatch.

27 JUl 2026- Tam Do <FSE> FSE arrived onsite to inspect the OER Pro front panel. The panel was operational at the time of service; however, the customer reported that it worked intermittently. FSE also noted that the Start and Stop buttons did not respond properly when pressed.

FSE replaced the front panel. During removal, FSE observed yellow discoloration and signs that water had seeped into the old panel. FSE advised the customer not to use excessively wet or water-soaked towels when cleaning around the front panel, as moisture may enter the panel and cause damage.

FSE ran the OER Pro and tested all front-panel buttons. The unit and all buttons operated properly. Performed repair per OER-Pro Technical Guide. Equipment passed the electrical safety test with results attached.","23 JUL 2026 Sarah Barettino (TAC) 
OER-PRO | 2633224 - top panel intermittent loss of functionality
Valerie, manager, calling because unit loss functionality of top panel midday. Power cycling unit did not correct the issue. Unit randomly gained functionality again and is currently working. Site would like FSE to come and inspect unit as same issue was repaired 5/6/2026 20260504-3211896. WO created off to dispatch.

27 JUl 2026- Tam Do <FSE> FSE arrived onsite to inspect the OER Pro front panel. The panel was operational at the time of service; however, the customer reported that it worked intermittently. FSE also noted that the Start and Stop buttons did not respond properly when pressed.

FSE replaced the front panel. During removal, FSE observed yellow discoloration and signs that water had seeped into the old panel. FSE advised the customer not to use excessively wet or water-soaked towels when cleaning around the front panel, as moisture may enter the panel and cause damage.

FSE ran the OER Pro and tested all front-panel buttons. The unit and all buttons operated properly. Performed repair per OER-Pro Technical Guide. Equipment passed the electrical safety test with results attached.","23 JUL 2026 Sarah Barettino (TAC)
Unit covered under full-service contract through 2/26/2027. Confirmed ship to for parts and location of unit. WO created transferred to dispatch.

Ship to for parts and location of unit
Attn: Valerie Jimenez
SAN ANTONIO COMM HOSPITAL
999 SAN BERNARDINO RD 
UPLAND CA 91786-4992

 23 JUL 2026 Melissa Tabala (FS) Dispatched FSE Tam Do, Software Version: 3.06, Patch Number: N/A, Operating System: N/A, Firmware Version: null",Valerie,Jimenez,,(908) 920-4705,,vjimenez@sarh.org,Y,Administrator/Supervisor,999 SAN BERNARDINO RD,,UPLAND,,91786,4992,,CA,United States,,No,USA,SAN ANTONIO COMM HOSPITAL,999 SAN BERNARDINO RD UPLAND California 91786-4992 United States,Valerie,,(908) 920-4705,vjimenez@sarh.org,Jimenez,,,Administrator/Supervisor,Y,Health Professional,,,NA,NA,NA,None,,Reprocessing,"<a href=""/a0o68000003YzcG"" target=""_blank"">OER-Pro</a>",N3058140,CDS,OER-Pro,OER-Pro,JPN,RPSR011,"3-1-1 Niiderakita, AIZUWAKAMATSU-SHI, Fukushima, <a href=""/"" target=""_blank""> </a>",4.95317E+12,,,"<a href=""/a4668000000AidX"" target=""_blank"">AIZU OLYMPUS CO., LTD.</a>",Aizu,Olympus Medical Systems Corp.,,,,,,,2633224,,0,2633224,0,Unknown,1,No,No,No,Re-Use,Reprocessor,No,,No,,,,,No,NA,No,No,0,,INQ-1126780,,,,,,"The product was not returned to Olympus for inspection; however, a field service engineer (FSE) was dispatched to customer site and top panel intermittent loss of functionality, Start and Stop buttons did not respond properly when pressed, yellow discoloration and signs that water had seeped into the old panel.

The investigation will be performed based on the available information.

DHR review is not required.

No indication of potential user error or complaint against the IFU/label has been received. Therefore, labeling review for this complaint is not required

A risk review was performed, and no unanticipated failures or harms were identified.

A historical review of the last 12 months of complaints was performed and no trends were identified.

A CAPA History Review was performed and no related CAPAs were found.

The complaint was confirmed that tested all front-panel buttons. The unit and all buttons operated properly. The most probable cause of the complaint is D02 - Cause Traced to Component Failure Expected or random component failure without any design or manufacturing issue.

No further escalation is required.",A090203 | G04096 | C02 | D02;A0407 | G04096 | C0601 | D02;A150105 | G02034 | C0201 | D02;,A090203 |;A0407 |;A150105 |;,1,"The product was not returned to Olympus for inspection; however, a field service engineer (FSE) was dispatched to customer site and top panel intermittent loss of functionality, Start and Stop buttons did not respond properly when pressed, yellow discoloration and signs that water had seeped into the old panel. 

The complaint was confirmed.

The investigation will be performed based on the available information.",Naveen Lokini,San Jose,"No indication of potential user error or complaint against the IFU/label has been received. Therefore, labeling review for this complaint is not required.","This complaint is not associated with a packaging issue, an incorrect labeling issue, a breach of sterile barrier packaging issue or traced to prior repair activities. Therefore, DHR review is not required.","Historical complaints for
1. top panel intermittent loss of functionality
2. yellow discoloration and signs that water had seeped into the old panel
3. Start and Stop buttons did not respond properly when pressed

have been previously reported and investigated. This indicates that no unanticipated risks, new failure modes, or additional harms have been identified.","A complaint history review of the last 12 months of complaints [7/31/2025 - 7/30/2026] was performed for
1. top panel intermittent loss of functionality
2. yellow discoloration and signs that water had seeped into the old panel
3. Start and Stop buttons did not respond properly when pressed
and no trends were identified.

A CAPA History Review was performed for

1. top panel intermittent loss of functionality
2. yellow discoloration and signs that water had seeped into the old panel
3. Start and Stop buttons did not respond properly when pressed and no related CAPAs were found","The investigation did not identify any nonconformances or issues related to this complaint that require further action; therefore, no escalation is necessary.","The product was not returned to Olympus for inspection; however, a field service engineer (FSE) was dispatched to customer site and top panel intermittent loss of functionality, Start and Stop buttons did not respond properly when pressed, yellow discoloration and signs that water had seeped into the old panel.

The investigation will be performed based on the available information.

DHR review is not required.

No indication of potential user error or complaint against the IFU/label has been received. Therefore, labeling review for this complaint is not required

A risk review was performed, and no unanticipated failures or harms were identified.

A historical review of the last 12 months of complaints was performed and no trends were identified.

A CAPA History Review was performed and no related CAPAs were found.

The complaint was confirmed that tested all front-panel buttons. The unit and all buttons operated properly. The most probable cause of the complaint is D02 - Cause Traced to Component Failure Expected or random component failure without any design or manufacturing issue.

No further escalation is required.",,INV-946276,"E2403 - No Clinical Signs, Symptoms or Conditions;F27 - Problem identified during non-clinical procedure.;",;B01 - Testing of Actual/Suspected Device;B11 - Historical Data Analysis;B17 - Device Not Returned;,A090203 - Erratic or Intermittent Display;A0407 - Material Discolored;A150105 - Key or Button Unresponsive/not Working;G04096 - Panel;G02034 - Switch/Relay;,"A090203 - Erratic or Intermittent Display;A0407 - Material Discolored;A150105 - Key or Button Unresponsive/not Working;G04096 - Panel;C02 - Electrical Problem Identified;D02 - Cause Traced to Component Failure;C0601 - Degradation Problem Identified;G02034 - Switch/Relay;C0201 - Electrical/Electronic Component Problem Identified;E2403 - No Clinical Signs, Symptoms or Conditions;F27 - Problem identified during non-clinical procedure.;B01 - Testing of Actual/Suspected Device;B11 - Historical Data Analysis;B17 - Device Not Returned;"
CN-985549,,Pathway 2,1,"Surg, En: VC-10 |  VC-10 (VC10 PUMP, 115V)",DeviPriya Mudige,,No,No,,0,0,,,Health Professional; User Facility,,7/23/2026,,7/23/2026,Email,,1,English,United States,OCA-SAP-SFDC,OCA-SAP-SFDC,OCA-SAP-SFDC Ref 20260723-3349429,20260723-3349429,VC-10,VC-10,Americas,,Not Reportable,"23 JUL 2026 15:07  ? CARL SIEGEL (TAC): The Reporter Contact/Aaron Lafleur, TRIMEDX BIOMED
317-605-3292
aaron.lafleur@trimedx.com called in to report the following phenomenon : 
VC-10 | V08H003 SUCTION WILL NOT INCREASE PAST 50 cmHg.
I emailed the Reporter Contact this Case # for tracking purposes and the VC-10 IFU.
Using the information in the VC-10 IFU, I instructed Aaron to review and follow all of the steps listed on page 8 in the IFU.
- Event Date was Asked to the Reporter Contact but is Unknown, which is what I selected ""Event Date Unknown""
- Where the event first occurred was asked, but not known by The Reporter Contact.
When I googled this info, I discovered that 47905-8764 Lafayette, Indiana, has an official elevation of 663 feet (202 meters) above sea level.
We the vacuum knob is all the way to the right.
We placed a thumb over the metal barb on the top of the unit and discovered the reading was around 65 cmHg (Green). 
Aaron had no components to connect to the barb to troubleshoot further.
We confirmed the VC-10 is also on the first floor.
No blood ingress was found in the back of the unit.
We unscrewed both overflow traps, confirmed they were clean.
Then properly reinstalled both overflow traps again.
Aaron advised me when he had all of the components connected up to the SafeTouch tissue trap and he placed his thumb over the tissue trap opening he stated he received a reading of 63 cmHg. 
I advised Aaron to confirm all accessories being connected to the VC-10 are Olympus products to avoid issues with a decrease in suction.","23 JUL 2026 15:07  ? CARL SIEGEL (TAC): The Reporter Contact/Aaron Lafleur, TRIMEDX BIOMED
317-605-3292
aaron.lafleur@trimedx.com called in to report the following phenomenon : 
VC-10 | V08H003 SUCTION WILL NOT INCREASE PAST 50 cmHg.
I emailed the Reporter Contact this Case # for tracking purposes and the VC-10 IFU.
Using the information in the VC-10 IFU, I instructed Aaron to review and follow all of the steps listed on page 8 in the IFU.
- Event Date was Asked to the Reporter Contact but is Unknown, which is what I selected ""Event Date Unknown""
- Where the event first occurred was asked, but not known by The Reporter Contact.
When I googled this info, I discovered that 47905-8764 Lafayette, Indiana, has an official elevation of 663 feet (202 meters) above sea level.
We the vacuum knob is all the way to the right.
We placed a thumb over the metal barb on the top of the unit and discovered the reading was around 65 cmHg (Green). 
Aaron had no components to connect to the barb to troubleshoot further.
We confirmed the VC-10 is also on the first floor.
No blood ingress was found in the back of the unit.
We unscrewed both overflow traps, confirmed they were clean.
Then properly reinstalled both overflow traps again.
Aaron advised me when he had all of the components connected up to the SafeTouch tissue trap and he placed his thumb over the tissue trap opening he stated he received a reading of 63 cmHg. 
I advised Aaron to confirm all accessories being connected to the VC-10 are Olympus products to avoid issues with a decrease in suction.","24 JUL 2026 13:09  ? CARL SIEGEL (TAC): 
Sent a follow-up email to Reporter Contact requesting a status update for this Case.
* Pending Customer Response

29 JUL 2026 09:02  ? CARL SIEGEL (TAC): 
No further response received from the Reporter Contact.
Closing case as Completed.
FSR check box required to Complete case. No FSR or WO created for this Complaint Inquiry., Software Version: null, Patch Number: null, Operating System: null, Firmware Version: null",Aaron,Lafleur,,+1 (317) 605-3292,,aaron.lafleur@trimedx.com,Y,Biomedical Engineer,5165 MCCARTY LN,,LAFAYETTE,,47905,8764,,IN,United States,,,USA,IU HEALTH ARNETT HOSPITAL INC,5165 MCCARTY LN LAFAYETTE Indiana 47905-8764 United States,Aaron,,+1 (317) 605-3292,aaron.lafleur@trimedx.com,Lafleur,,,Biomedical Engineer,Y,Health Professional,,,No Information,No Information,No Information,No Information Available,No Information,Asked but unknown,"<a href=""/a0o68000003Z3mk"" target=""_blank"">VC-10</a>",VC-10,"Surg, En",VC-10,VC-10,USA,OCPA004,"9600 Louisiana Avenue North, Brooklyn Park, <a href=""/a1S68000005mGDd"" target=""_blank"">Minnesota</a>, 55445",8.21925E+11,,,"<a href=""/a4668000000Aidx"" target=""_blank"">Gyrus ACMI, Inc.</a>","NISSHA MEDICAL TECHNOLOGIES (OHIO), INC.","Gyrus ACMI, Inc.",,,,,,,V08H003,,0,V08H003,0,Reuse,1,No,No,No,Re-Use,OSTA Capital and Accessories,No,,No,,,,,No,Asked but unknown,No,No,0,,INQ-1126783,,,,,,"The product was not returned to Olympus for inspection; however, technical assistance center (TAC) provided remote troubleshooting and VC-10 | V08H003 SUCTION WILL NOT INCREASE PAST 50 cmHg and I advised Aaron to confirm all accessories being connected to the VC-10 are Olympus products to avoid issues with a decrease in suction.
troubleshooting was unable to resolve the reported allegation.

The investigation will be performed based on the available information.

A Device History Review was not completed, and no issues were identified
A labeling review was not conducted, and no anomalies were found.
A risk review was performed, and no unanticipated failures or harms were identified
A historical review of the last 12 months of complaints was performed and no trends were identified.
A CAPA History Review was performed and no related CAPAs were found.
troubleshooting was unable to resolve the reported allegation. The most probable cause of the complaint isD15 - Cause not Established, The investigation findings do not lead to a clear conclusion about the cause of the reported adverse event.


No further escalation is required.",A141301 | G04105 | C19 | D15;,A141301 |;,1,"The product was not returned to Olympus for inspection; however, technical assistance center (TAC) provided remote troubleshooting and VC-10 | V08H003 SUCTION WILL NOT INCREASE PAST 50 cmHg and I advised Aaron to confirm all accessories being connected to the VC-10 are Olympus products to avoid issues with a decrease in suction.
troubleshooting was unable to resolve the reported allegation.

The investigation will be performed based on the available information.",Katkuri AjayReddy,San Jose,"No indication of potential user error or complaint against the IFU/label has been received. Therefore, labeling review for this complaint is not required.","This complaint is not associated with a packaging issue, an incorrect labeling issue, a breach of sterile barrier packaging issue or traced to prior repair activities. Therefore,DHR review is not required.","A risk review was performed for decrease in suction based on historical data of the last 12 months 8/4/2025 to 8/3/2026 and no unanticipated risks, new failures, and/or new harms were identified.","A complaint history review of the last 12 months of complaints 8/4/2025 to 8/3/2026  was performed for decrease in suction and no trends were identified. 

A CAPA History Review was performed for decrease in suction and no related CAPAs were found.","The investigation did not identify any nonconformances or issues related to this complaint that require further action; therefore, no escalation is necessary.","The product was not returned to Olympus for inspection; however, technical assistance center (TAC) provided remote troubleshooting and VC-10 | V08H003 SUCTION WILL NOT INCREASE PAST 50 cmHg and I advised Aaron to confirm all accessories being connected to the VC-10 are Olympus products to avoid issues with a decrease in suction.
troubleshooting was unable to resolve the reported allegation.

The investigation will be performed based on the available information.

A Device History Review was not completed, and no issues were identified
A labeling review was not conducted, and no anomalies were found.
A risk review was performed, and no unanticipated failures or harms were identified
A historical review of the last 12 months of complaints was performed and no trends were identified.
A CAPA History Review was performed and no related CAPAs were found.
troubleshooting was unable to resolve the reported allegation. The most probable cause of the complaint isD15 - Cause not Established, The investigation findings do not lead to a clear conclusion about the cause of the reported adverse event.


No further escalation is required.",,INV-944616,F24 - Insufficient Health Impact Information;E2401 - Insufficient Information;,;D15 - Cause Not Established;B11 - Historical Data Analysis;B17 - Device Not Returned;B15 - Analysis of Information Provided by User/Third Party;,A141301 - Decrease in Suction;G04105 - Pump;,A141301 - Decrease in Suction;G04105 - Pump;C19 - No Device Problem Found;D15 - Cause Not Established;B11 - Historical Data Analysis;B17 - Device Not Returned;F24 - Insufficient Health Impact Information;E2401 - Insufficient Information;B15 - Analysis of Information Provided by User/Third Party;
CN-985570,,Pathway 2,1,CDS: OER-MINI |  N3831240 (ENDOSCOPE REPROCESSOR),Naveen Lokini,,No,No,,0,0,,,Health Professional; User Facility,,7/23/2026,,7/23/2026,,7/23/2026,0,English,United States,OCA-SAP-SFDC,OCA-SAP-SFDC,OCA-SAP-SFDC Ref 20260723-3349464,20260723-3349464,OER-MINI,N3831240,Americas,,Not Reportable,"Customer stating they are having issues with the OER-Mini with error E15. Requesting service.

24 JUL 2026 - Byron Blanchard (FSE) - FSE ordered part to account ETA 27 JUL 2026

27 JUL 2026 - Byron Blanchard (FSE) - FSE onsite performing repair. FSE replaced fluid sensor and adjusted channel pressure as per OER-Mini Technical Guide. FSE utilized performance check to verify OER-Mini operation. 
FSE advised supervisor that OER-Mini is ready for operation. FSE observed the customer run several successful scope reprocesses with no further issues.

Completed test cycle successfully with no errors. Performed repair per OER-Mini Technical Guide. Equipment passed the electrical safety test with results attached.","Customer stating they are having issues with the OER-Mini with error E15. Requesting service.

24 JUL 2026 - Byron Blanchard (FSE) - FSE ordered part to account ETA 27 JUL 2026

27 JUL 2026 - Byron Blanchard (FSE) - FSE onsite performing repair. FSE replaced fluid sensor and adjusted channel pressure as per OER-Mini Technical Guide. FSE utilized performance check to verify OER-Mini operation. 
FSE advised supervisor that OER-Mini is ready for operation. FSE observed the customer run several successful scope reprocesses with no further issues.

Completed test cycle successfully with no errors. Performed repair per OER-Mini Technical Guide. Equipment passed the electrical safety test with results attached.","24 JUL 2026 - Byron Blanchard (FSE) - FSE ordered part to account ETA 27 JUL 2026

27 JUL 2026 - Byron Blanchard (FSE) - FSE onsite performing repair.

12 Aug 2026 Brad Decker (SQ): Reopening Case due to Sprint Program auditing activity corrections., Software Version: null, Patch Number: null, Operating System: null, Firmware Version: null",Kara,Sweet,,845-505-4365,,kara.sweet@nuvancehealth.org,Y,Nurse,45 READE PLACE RECVG,,POUGHKEEPSIE,,12601,,,NY,United States,,No,USA,VASSAR BROTHERS HOSPITAL,45 READE PLACE RECVG POUGHKEEPSIE New York 12601 United States,Kara,,845-505-4365,kara.sweet@nuvancehealth.org,Sweet,,,Nurse,Y,Health Professional,,,NA,NA,NA,None,NA,Reprocessing,"<a href=""/a0o68000003YzcE"" target=""_blank"">OER-MINI</a>",N3831240,CDS,OER-MINI,OER-MINI,JPN,RPSR010,"3-1-1 Niiderakita, AIZUWAKAMATSU-SHI, Fukushima, <a href=""/"" target=""_blank""> </a>",4.95317E+12,,,"<a href=""/a4668000000AidX"" target=""_blank"">AIZU OLYMPUS CO., LTD.</a>",Aizu,Olympus Medical Systems Corp.,,,,,,,2100216,,0,2100216,0,Unknown,0,No,No,No,Re-Use,Reprocessor,No,,No,,,,,No,NA,No,No,0,,INQ-1126808,,,,,,"The product was not returned to Olympus for inspection; however, a field service engineer (FSE) was dispatched to customer site and OER-Mini with error E15.

The investigation will be performed based on the available information.

A DHR was not required.

A labeling review for this complaint is not required.

A risk review was performed, and no unanticipated failures or harms were identified.

A historical review of the last 12 months of complaints was performed and no trends were identified.

A CAPA History Review was performed and no related CAPAs were found.

The complaint was confirmed since Completed test cycle successfully with no errors. The most probable cause of the complaint is D02 - Cause Traced to Component Failure Expected or random component failure without any design or manufacturing issue.

No further escalation is required.",A13 | G03012 | C02 | D02;,A13 |;,1,"The product was not returned to Olympus for inspection; however, a field service engineer (FSE) was dispatched to customer site and OER-Mini with error E15.

The complaint was confirmed.

The investigation will be performed based on the available information.",Naveen Lokini,San Jose,"No indication of potential user error or complaint against the IFU/label has been received. Therefore, labeling review for this complaint is not required.","This complaint is not associated with a packaging issue, an incorrect labeling issue, a breach of sterile barrier packaging issue or traced to prior repair activities. Therefore, DHR review is not required.","Historical complaints for
OER-Mini with error E15.
have been previously reported and investigated. This indicates that no unanticipated risks, new failure modes, or additional harms have been identified.","A complaint history review of the last 12 months of complaints [8/4/2025 - 8/3/2026] was performed for OER-Mini with error E15.
 and no trends were identified.

A CAPA History Review was performed for OER-Mini with error E15 and no related CAPAs were found.","The investigation did not identify any nonconformances or issues related to this complaint that require further action; therefore, no escalation is necessary.","The product was not returned to Olympus for inspection; however, a field service engineer (FSE) was dispatched to customer site and OER-Mini with error E15.

The investigation will be performed based on the available information.

A DHR was not required.

A labeling review for this complaint is not required.

A risk review was performed, and no unanticipated failures or harms were identified.

A historical review of the last 12 months of complaints was performed and no trends were identified.

A CAPA History Review was performed and no related CAPAs were found.

The complaint was confirmed since Completed test cycle successfully with no errors. The most probable cause of the complaint is D02 - Cause Traced to Component Failure Expected or random component failure without any design or manufacturing issue.

No further escalation is required.",,INV-944633,"E2403 - No Clinical Signs, Symptoms or Conditions;F27 - Problem identified during non-clinical procedure.;",;D02 - Cause Traced to Component Failure;B17 - Device Not Returned;B11 - Historical Data Analysis;B01 - Testing of Actual/Suspected Device;,A13 - Communication or Transmission Problem;G03012 - Sensor;,"A13 - Communication or Transmission Problem;G03012 - Sensor;C02 - Electrical Problem Identified;D02 - Cause Traced to Component Failure;E2403 - No Clinical Signs, Symptoms or Conditions;F27 - Problem identified during non-clinical procedure.;B17 - Device Not Returned;B11 - Historical Data Analysis;B01 - Testing of Actual/Suspected Device;"
CN-985581,,Pathway 2,1,CDS: OER-Pro |  N3058140 (ENDOSCOPE REPROCESSOR),Naveen Lokini,,No,No,,0,0,,,User Facility,,7/23/2026,,7/23/2026,,7/22/2026,0,English,United States,OCA-SAP-SFDC,OCA-SAP-SFDC,OCA-SAP-SFDC Ref 20260723-3349484,20260723-3349484,OER-PRO,N3058140,Americas,,Not Reportable,"23 JUL 2026 Kevin Phan (TAC Software): 
OER-PRO | 2532303: Lid Gasket Damaged - Repair Request
Bill Butler, Biomed, called to report that the lid gasket on this OER-PRO has been damaged and is requesting dispatch for repair. Total cycle count and software information were not available during time of call. Unable to confirm selected.

24JUL2026 ? Dima Bilal ? TAC
Bill Butler called in and requested that the secondary contact not be contacted. He advised that if he is unavailable, all future communication should be directed to 845-703-6999, ext. 18662.

28 JUL 2026 ? Cristian Torres (FSE) ? Part ordered.

29 JUL 2026 ? Cristian Torres (FSE) ? FSE went on site and replaced the lid gasket.  Completed test cycle successfully with no errors.  Performed repair per OER-Pro Technical Guide. The covers of the equipment were not removed so an electrical safety check was not required.","23 JUL 2026 Kevin Phan (TAC Software): 
OER-PRO | 2532303: Lid Gasket Damaged - Repair Request
Bill Butler, Biomed, called to report that the lid gasket on this OER-PRO has been damaged and is requesting dispatch for repair. Total cycle count and software information were not available during time of call. Unable to confirm selected.

24JUL2026 ? Dima Bilal ? TAC
Bill Butler called in and requested that the secondary contact not be contacted. He advised that if he is unavailable, all future communication should be directed to 845-703-6999, ext. 18662.

28 JUL 2026 ? Cristian Torres (FSE) ? Part ordered.

29 JUL 2026 ? Cristian Torres (FSE) ? FSE went on site and replaced the lid gasket.  Completed test cycle successfully with no errors.  Performed repair per OER-Pro Technical Guide. The covers of the equipment were not removed so an electrical safety check was not required.","23 JUL 2026 Kevin Phan (TAC Software): 
Please see recommended parts list and dispatch FSE to service this unit
Entitlement confirmed - Full-service contract
Service contact confirmed - Bill Butler / Joe Ferrmosca 845-522-1696 if Bill is unavailable
Ship-to address confirmed as 2 CENTEROCK RD WEST NYACK NY 10994. ATTN: Biomed
Asset location same as above ship-to address
=====
23 JUL 2026 - Magdelyn Guerrero (FS) Dispatched FSE Steve Hayes

29 JUL 2026  Wendell Martinez (FSE) Assisting primary FSE, Software Version: 3.06, Patch Number: N/A, Operating System: N/A, Firmware Version: null",Bill,Butler,,845-467-0582,,wbutler@crystalrunhealthcare.com,Y,Biomedical Engineer,1200 RT 300,,NEWBURGH,,12550,,,NY,United States,,No,USA,CRYSTAL RUN TRANSFORMATION SERVICES,1200 RT 300 NEWBURGH New York 12550 United States,Bill,,845-467-0582,wbutler@crystalrunhealthcare.com,Butler,,,Biomedical Engineer,Y,Health Professional,,,NA,NA,NA,None,NA,During set up / Inspection for use (during set up in room / before patient in room),"<a href=""/a0o68000003YzcG"" target=""_blank"">OER-Pro</a>",N3058140,CDS,OER-Pro,OER-Pro,JPN,RPSR011,"3-1-1 Niiderakita, AIZUWAKAMATSU-SHI, Fukushima, <a href=""/"" target=""_blank""> </a>",4.95317E+12,,,"<a href=""/a4668000000AidX"" target=""_blank"">AIZU OLYMPUS CO., LTD.</a>",Aizu,Olympus Medical Systems Corp.,,,,,,,2532303,,0,2532303,0,Unknown,0,No,No,No,Re-Use,Reprocessor,No,,No,,,,,No,NA,No,No,0,,INQ-1126819,,,,,,"The product was not returned to Olympus for inspection; however, a field service engineer (FSE) was dispatched to customer site and Lid Gasket Damaged.

The investigation will be performed based on the available information.

DHR review is not required.

No indication of potential user error or complaint against the IFU/label has been received. Therefore, labeling review for this complaint is not required

A risk review was performed, and no unanticipated failures or harms were identified.

A historical review of the last 12 months of complaints was performed and no trends were identified.

A CAPA History Review was performed and no related CAPAs were found.

The complaint was confirmed.  FSE went on site and replaced the lid gasket. Completed test cycle successfully with no errors. The most probable cause of the D02 - Cause Traced to Component Failure Expected or random component failure without any design or manufacturing issue.

No further escalation is required.",A0401 | G04058 | C0601 | D02;,A0401 |;,1,"""The product was not returned to Olympus for inspection; however, a field service engineer (FSE) was dispatched to customer site and Lid Gasket Damaged.

The complaint was confirmed.

The investigation will be performed based on the available information.",Naveen Lokini,San Jose,"No indication of potential user error or complaint against the IFU/label has been received. Therefore, labeling review for this complaint is not required.","This complaint is not associated with a packaging issue, an incorrect labeling issue, a breach of sterile barrier packaging issue or traced to prior repair activities. Therefore, DHR review is not required.","Historical complaints for
1.Lid Gasket Damaged
have been previously reported and investigated. This indicates that no unanticipated risks, new failure modes, or additional harms have been identified.","A complaint history review of the last 12 months of complaints [7/31/2025 - 7/30/2026] was performed for
1. Lid Gasket Damaged
and no trends were identified.

A CAPA History Review was performed for

1.Lid Gasket Damaged and no related CAPAs were found","The investigation did not identify any nonconformances or issues related to this complaint that require further action; therefore, no escalation is necessary.","The product was not returned to Olympus for inspection; however, a field service engineer (FSE) was dispatched to customer site and Lid Gasket Damaged.

The investigation will be performed based on the available information.

DHR review is not required.

No indication of potential user error or complaint against the IFU/label has been received. Therefore, labeling review for this complaint is not required

A risk review was performed, and no unanticipated failures or harms were identified.

A historical review of the last 12 months of complaints was performed and no trends were identified.

A CAPA History Review was performed and no related CAPAs were found.

The complaint was confirmed.  FSE went on site and replaced the lid gasket. Completed test cycle successfully with no errors. The most probable cause of the D02 - Cause Traced to Component Failure Expected or random component failure without any design or manufacturing issue.

No further escalation is required.",,INV-946350,"E2403 - No Clinical Signs, Symptoms or Conditions;F2601 - Problem identified before clinical use/exposure;",;D02 - Cause Traced to Component Failure;B11 - Historical Data Analysis;B17 - Device Not Returned;B01 - Testing of Actual/Suspected Device;,A0401 - Break;G04058 - Gasket;,"A0401 - Break;G04058 - Gasket;C0601 - Degradation Problem Identified;D02 - Cause Traced to Component Failure;E2403 - No Clinical Signs, Symptoms or Conditions;F2601 - Problem identified before clinical use/exposure;B11 - Historical Data Analysis;B17 - Device Not Returned;B01 - Testing of Actual/Suspected Device;"
CN-985658,,Pathway 2,1,CDS: OER-Pro |  N3058140 (ENDOSCOPE REPROCESSOR),Naveen Lokini,,No,No,,0,0,,,Health Professional; User Facility,,7/22/2026,,7/22/2026,,7/22/2026,0,English,United States,OCA-SAP-SFDC,OCA-SAP-SFDC,OCA-SAP-SFDC Ref 20260722-3345962,20260722-3345962,OER-PRO,N3058140,Americas,,Not Reportable,"22 JUL 2026 Kevin Petridis (TAC Software):
Trey Wallace (Phone: 540-846-6633), Endo Tech, called to report an E51 error on their OER-PRO (SN: 2034871). He stated that this was the first occurrence of the issue today. The unit began the cycle and ran for approximately two minutes before displaying the E51 error.

Trey also observed water leaking from the bottom of the unit. He confirmed that there was no unusual odor present in the room.

I verified the account information, contact details (including email address), and occupation information. I was unable to verify the total cycle count and software version because the E51 error prevented access to the system information.

I advised the customer that the case would be escalated for Field Service Engineer (FSE) dispatch for further diagnosis and repair.

22 JUL 2026 Trevor Coplea (FSE) - Equipment is functional. Service work to be performed by 7/24/2026.

23 JUL 2026 Trevor Coplea (FSE) - Field Service Engineer (FSE) spent time troubleshooting and investigating issue on OER- PRO scope washer. FSE spent time searching for leak. FSE found leak from lid gasket. FSE adjusted lid gasket to stop leak. Performed multiple test cycles, which completed successfully with no errors. Performed repair per OER-Pro Technical Guide. Software attributes have been verified and confirmed. 

24 JUL 2026 Trevor Coplea (FSE) - FSE received called from customer stating they are receiving an E16 and the E51 persists.   Field Service Engineer (FSE) spent time troubleshooting and investigating issue on OER- PRO scope washer. FSE proceeded to replace parts associated with this service case (see field service report for parts list.) Performed multiple test cycles, which completed successfully with no errors. Performed repair per OER-Pro Technical Guide. Software attributes have been verified and confirmed.

24 JUL 2026 Trevor Coplea (FSE) - FSE received called from customer stating they are receiving E51 returned. FSE will return on 7/28/26 to repair.

28 JUL 2026 Trevor Coplea (FSE) -  Field Service Engineer (FSE) spent time troubleshooting and investigating leak issue on OER- PRO scope washer. FSE found additional parts required. Parts on backorder until 17 AUG 2026.","22 JUL 2026 Kevin Petridis (TAC Software):
Trey Wallace (Phone: 540-846-6633), Endo Tech, called to report an E51 error on their OER-PRO (SN: 2034871). He stated that this was the first occurrence of the issue today. The unit began the cycle and ran for approximately two minutes before displaying the E51 error.

Trey also observed water leaking from the bottom of the unit. He confirmed that there was no unusual odor present in the room.

I verified the account information, contact details (including email address), and occupation information. I was unable to verify the total cycle count and software version because the E51 error prevented access to the system information.

I advised the customer that the case would be escalated for Field Service Engineer (FSE) dispatch for further diagnosis and repair.

22 JUL 2026 Trevor Coplea (FSE) - Equipment is functional. Service work to be performed by 7/24/2026.

23 JUL 2026 Trevor Coplea (FSE) - Field Service Engineer (FSE) spent time troubleshooting and investigating issue on OER- PRO scope washer. FSE spent time searching for leak. FSE found leak from lid gasket. FSE adjusted lid gasket to stop leak. Performed multiple test cycles, which completed successfully with no errors. Performed repair per OER-Pro Technical Guide. Software attributes have been verified and confirmed. 

24 JUL 2026 Trevor Coplea (FSE) - FSE received called from customer stating they are receiving an E16 and the E51 persists.   Field Service Engineer (FSE) spent time troubleshooting and investigating issue on OER- PRO scope washer. FSE proceeded to replace parts associated with this service case (see field service report for parts list.) Performed multiple test cycles, which completed successfully with no errors. Performed repair per OER-Pro Technical Guide. Software attributes have been verified and confirmed.

24 JUL 2026 Trevor Coplea (FSE) - FSE received called from customer stating they are receiving E51 returned. FSE will return on 7/28/26 to repair.

28 JUL 2026 Trevor Coplea (FSE) -  Field Service Engineer (FSE) spent time troubleshooting and investigating leak issue on OER- PRO scope washer. FSE found additional parts required. Parts on backorder until 17 AUG 2026.","22 JUL 2026 Kevin Petridis (TAC Software): 
Contact name, phone number, and e-mail address verified.
Customer verified Attn & Ship to for service and parts delivery :: On file
Placing in FS Dispatch

22 JUL 2026 Melissa Tabala (FS) Dispatched FSE   Trevor Coplea, Software Version: 3.06, Patch Number: N/A, Operating System: N/A, Firmware Version: null",Trey,Wallace,,+1 (540)846-6633,,tawno3@icloud.com,Y,Other Healthcare Professional,1211 CENTRAL PARK BLVD,,FREDERICKSBURG,,22401,,,VA,United States,,No,USA,FREDERICKSBURG ENDOSCOPY CTR LLC,1211 CENTRAL PARK BLVD FREDERICKSBURG Virginia 22401 United States,Trey,,+1 (540)846-6633,tawno3@icloud.com,Wallace,,,Other Healthcare Professional,Y,Health Professional,,,NA,NA,NA,None,NA,Reprocessing,"<a href=""/a0o68000003YzcG"" target=""_blank"">OER-Pro</a>",N3058140,CDS,OER-Pro,OER-Pro,JPN,RPSR011,"3-1-1 Niiderakita, AIZUWAKAMATSU-SHI, Fukushima, <a href=""/"" target=""_blank""> </a>",4.95317E+12,,,"<a href=""/a4668000000AidX"" target=""_blank"">AIZU OLYMPUS CO., LTD.</a>",Aizu,Olympus Medical Systems Corp.,,,,,,,2034865,,0,2034865,0,Unknown,1,No,No,NI,Re-Use,Reprocessor,No,,No,,,,,No,NA,No,No,0,,INQ-1123640,,,,,,"The product was not returned to Olympus for inspection; however, a field service engineer (FSE) was dispatched to customer site and E51 error on their OER-PRO And FSE found leak from lid gasket. 

The investigation will be performed based on the available information.

A DHR was not required.

A labeling review for this complaint is not required.

A risk review was performed, and no unanticipated failures or harms were identified.

A historical review of the last 12 months of complaints was performed and no trends were identified.

A CAPA History Review was performed and no related CAPAs were found.

The complaint was confirmed since FSE adjusted lid gasket to stop leak. Performed multiple test cycles, which completed successfully with no errors. The most probable cause of the complaint is D02 - Cause Traced to Component Failure Expected or random component failure without any design or manufacturing issue.

No further escalation is required.",A1402 | G04110 | C0703 | D02;A050402 | G04058 | C0703 | D02;,A1402 |;A050402 |;,1,"The product was not returned to Olympus for inspection; however, a field service engineer (FSE) was dispatched to customer site and E51 error on their OER-PRO And FSE found leak from lid gasket. 

The complaint was confirmed.

The investigation will be performed based on the available information.",Naveen Lokini,San Jose,"No indication of potential user error or complaint against the IFU/label has been received. Therefore, labeling review for this complaint is not required.","This complaint is not associated with a packaging issue, an incorrect labeling issue, a breach of sterile barrier packaging issue or traced to prior repair activities. Therefore, DHR review is not required.","Historical complaints for
E51 error on their OER-PRO And FSE found leak from lid gasket.
have been previously reported and investigated. This indicates that no unanticipated risks, new failure modes, or additional harms have been identified.","A complaint history review of the last 12 months of complaints [8/4/2025 - 8/3/2026] was performed for E51 error on their OER-PRO And FSE found leak from lid gasket and no trends were identified.

A CAPA History Review was performed for E51 error on their OER-PRO And FSE found leak from lid gasket and no related CAPAs were found.","The investigation did not identify any nonconformances or issues related to this complaint that require further action; therefore, no escalation is necessary.","The product was not returned to Olympus for inspection; however, a field service engineer (FSE) was dispatched to customer site and E51 error on their OER-PRO And FSE found leak from lid gasket. 

The investigation will be performed based on the available information.

A DHR was not required.

A labeling review for this complaint is not required.

A risk review was performed, and no unanticipated failures or harms were identified.

A historical review of the last 12 months of complaints was performed and no trends were identified.

A CAPA History Review was performed and no related CAPAs were found.

The complaint was confirmed since FSE adjusted lid gasket to stop leak. Performed multiple test cycles, which completed successfully with no errors. The most probable cause of the complaint is D02 - Cause Traced to Component Failure Expected or random component failure without any design or manufacturing issue.

No further escalation is required.",,INV-946421,"E2403 - No Clinical Signs, Symptoms or Conditions;F27 - Problem identified during non-clinical procedure.;",;D02 - Cause Traced to Component Failure;B17 - Device Not Returned;B01 - Testing of Actual/Suspected Device;B11 - Historical Data Analysis;,A1402 - Excess Flow or Over-Infusion;A050402 - Gas/Air Leak;G04110 - Reservoir;G04058 - Gasket;,"A1402 - Excess Flow or Over-Infusion;A050402 - Gas/Air Leak;G04110 - Reservoir;C0703 - Leakage/Seal;D02 - Cause Traced to Component Failure;G04058 - Gasket;E2403 - No Clinical Signs, Symptoms or Conditions;F27 - Problem identified during non-clinical procedure.;B17 - Device Not Returned;B01 - Testing of Actual/Suspected Device;B11 - Historical Data Analysis;"
CN-985659,,Pathway 2,1,SI / Diag / Image rec: OEP-5 |  U3007099 (COLOR VIDEO PRINTER),Gajalakshmi K,,No,No,,0,0,,,Health Professional; User Facility,,7/23/2026,,7/23/2026,,,1,English,United States,OCA-SAP-SFDC,OCA-SAP-SFDC,OCA-SAP-SFDC Ref 20260723-3349675,20260723-3349675,OEP-5,U3007099,Americas,,Not Reportable,"23 JUL 2026 Doug Whitaker (TAC):
Daniel Szabo, Biomed, is reporting that the OEP-5 in the Endoscopy room is intermittently ""acting strangely"".
Daniel is reporting that it is printing 4 images per sheet @ 2 copies as wanted.
He is stating that the 1st sheet is desired color but the next is only one color.
No errors have been reported and a new ribbon has been installed.
The images saved internally for review are printed with desired correct color.
Recommendations included verification of cabling and should it be that be the issue, possible replacement of faulty cable.
Possible variable could also being the color tone in need of adjustment.
Daniel will begin with troubleshooting the cabling when available due to fact that should issue be cabling, he has spares.
He will follow up/update with any findings.
Awaiting possible update.

29-JUL-2026-DougWhitaker-TAC-257p-No response/update from Daniel.
No further assistance has been requested of TAC.
Case can be closed.","23 JUL 2026 Doug Whitaker (TAC):
Daniel Szabo, Biomed, is reporting that the OEP-5 in the Endoscopy room is intermittently ""acting strangely"".
Daniel is reporting that it is printing 4 images per sheet @ 2 copies as wanted.
He is stating that the 1st sheet is desired color but the next is only one color.
No errors have been reported and a new ribbon has been installed.
The images saved internally for review are printed with desired correct color.
Recommendations included verification of cabling and should it be that be the issue, possible replacement of faulty cable.
Possible variable could also being the color tone in need of adjustment.
Daniel will begin with troubleshooting the cabling when available due to fact that should issue be cabling, he has spares.
He will follow up/update with any findings.
Awaiting possible update.

29-JUL-2026-DougWhitaker-TAC-257p-No response/update from Daniel.
No further assistance has been requested of TAC.
Case can be closed.","23 JUL 2026 Doug Whitaker (TAC):
Daniel Szabo, Biomed, 
Phone: 541-375-2042
Time: 432p
The ""Service Report provided to Customer"" box checked to close the case. No Field Service Report was sent to customer.

24-JUL-2026-DougWhitaker-TAC-No update from Daniel.

25-27-JUL-2026-DougWhitaker-TAC-1110a-No response/update from Daniel.

28-JUL-2026-DougWhitaker-TAC-800a-No response/update from Daniel

29-JUL-2026-DougWhitaker-TAC-Closing the case., Software Version: null, Patch Number: null, Operating System: null, Firmware Version: null",Daniel,Szabo,,541-375-2042,,daniel.szabo@commonspirit.org,Y,Biomedical Engineer,2700 NW STEWART PKWY,,ROSEBURG,,97471,1214,,OR,United States,,No,USA,MERCY MEDICAL CENTER INC,2700 NW STEWART PKWY ROSEBURG Oregon 97471-1214 United States,Daniel,,541-375-2042,daniel.szabo@commonspirit.org,Szabo,,,Biomedical Engineer,Y,No Information,,,Unknown,With the same device,Asked but Unknown,No Information Available,No Information,Procedure,"<a href=""/a0o68000003YxUS"" target=""_blank"">OEP-5</a>",U3007099,SI / Diag / Image rec,OEP-5,OEP-5,JPN,CVCL021,"3-1 Okamiyama, Odakura,  Nishigo-Mura,, Nishishirakawa-Gun, Fukushima, <a href=""/"" target=""_blank""> </a>",4.95317E+12,,,"<a href=""/a4668000000AidZ"" target=""_blank"">SHIRAKAWA OLYMPUS CO., LTD.</a>",SHIRAKAWA (OSTA/SONY),Olympus Medical Systems Corp.,,,,,,,A211694,,0,A211694,0,Unknown,0,No,No,No,Re-Use,CV and CLV,No,,No,,,,,No,No Information,No,No,0,,INQ-1126884,,,,,,"The product was not returned to Olympus for inspection; however, technical assistance center (TAC) provided remote troubleshooting and
 they reported that device had Intermittently 4 images per sheet @ 2 copies all good
1st sheet full color next is only one color
Brand new ribbon
No errors
Desired color tone is not obtained. The connection cable is broken. Replace the cable with a new one. The color tone setup for the monitor is not properly configured. Set it properly as described in the instruction manual for the monitor.
The color tone setup is not properly configured. Set it properly as described in the section 5.4 ?Setup of the ?Color tone adjustment? Menu? on page 54
He has spare cable to attempt change is a possibility cable is issue

Troubleshooting [was ] able to resolve the reported allegation.

The investigation will be performed based on the available information

No indication of potential user error or complaint against the IFU/label has been received. Therefore, labeling review for this complaint is not required

This complaint is not associated with a packaging issue, an incorrect labeling issue, a breach of sterile barrier packaging issue or traced to prior repair activities. Therefore, DHR review is not required.

Historical complaints for the connection cable is broken. Replace the cable with a new one. The color tone setup for the monitor is not properly configured, Intermittently 4 images per sheet @ 2 copies all good
1st sheet full color next is only one color have been previously reported and investigated. This indicates that no unanticipated risks, new failure modes, or additional harms have been identified

A complaint history review of the last 12 months of complaints 31 July 2025 to 30 July 2026 was performed for  the connection cable is broken. Replace the cable with a new one. The color tone setup for the monitor is not properly configured, Intermittently 4 images per sheet @ 2 copies all good
1st sheet full color next is only one color
and no trends were identified.

A CAPA History Review was performed for  the connection cable is broken. Replace the cable with a new one. The color tone setup for the monitor is not properly configured, Intermittently 4 images per sheet @ 2 copies all good 1st sheet full color next is only one color
and no related CAPAs were found.

The complaint [was confirmed], the connection cable is broken. Replace the cable with a new one.  The color tone setup for the monitor is not properly configured, Intermittently 4 images per sheet @ 2 copies all good 1st sheet full color next is only one color
The most probable cause of the complaint is D02 - Cause Traced to Component Failure. Expected or random component failure without any design or manufacturing issue

No further escalation is required.",A090208 | G02014 | C04 | D02;A0401 | G02004 | C070601 | D02;,A090208 | G02014;A0401 | G02004;,1,"The product was not returned to Olympus for inspection; however, technical assistance center (TAC) provided remote troubleshooting and
 they reported that device had Intermittently 4 images per sheet @ 2 copies all good
1st sheet full color next is only one color
Brand new ribbon
No errors
Desired color tone is not obtained. The connection cable is broken. Replace the cable with a new one. The color tone setup for the monitor is not properly configured. Set it properly as described in the instruction manual for the monitor.
The color tone setup is not properly configured. Set it properly as described in the section 5.4 ?Setup of the ?Color tone adjustment? Menu? on page 54
He has spare cable to attempt change is a possibility cable is issue

Troubleshooting [was ] able to resolve the reported allegation.

The investigation will be performed based on the available information",Aarthi J,San Jose,"No indication of potential user error or complaint against the IFU/label has been received. Therefore, labeling review for this complaint is not required","This complaint is not associated with a packaging issue, an incorrect labeling issue, a breach of sterile barrier packaging issue or traced to prior repair activities. Therefore, DHR review is not required.","Historical complaints for the connection cable is broken. Replace the cable with a new one. The color tone setup for the monitor is not properly configured, Intermittently 4 images per sheet @ 2 copies all good
1st sheet full color next is only one color have been previously reported and investigated. This indicates that no unanticipated risks, new failure modes, or additional harms have been identified","A complaint history review of the last 12 months of complaints 31 July 2025 to 30 July 2026 was performed for  the connection cable is broken. Replace the cable with a new one. The color tone setup for the monitor is not properly configured, Intermittently 4 images per sheet @ 2 copies all good
1st sheet full color next is only one color
and no trends were identified.

A CAPA History Review was performed for  the connection cable is broken. Replace the cable with a new one. The color tone setup for the monitor is not properly configured, Intermittently 4 images per sheet @ 2 copies all good 1st sheet full color next is only one color
and no related CAPAs were found.","The investigation did not identify any nonconformances or issues related to this complaint that require further action; therefore, no escalation is necessary.","The product was not returned to Olympus for inspection; however, technical assistance center (TAC) provided remote troubleshooting and
 they reported that device had Intermittently 4 images per sheet @ 2 copies all good
1st sheet full color next is only one color
Brand new ribbon
No errors
Desired color tone is not obtained. The connection cable is broken. Replace the cable with a new one. The color tone setup for the monitor is not properly configured. Set it properly as described in the instruction manual for the monitor.
The color tone setup is not properly configured. Set it properly as described in the section 5.4 ?Setup of the ?Color tone adjustment? Menu? on page 54
He has spare cable to attempt change is a possibility cable is issue

Troubleshooting [was ] able to resolve the reported allegation.

The investigation will be performed based on the available information

No indication of potential user error or complaint against the IFU/label has been received. Therefore, labeling review for this complaint is not required

This complaint is not associated with a packaging issue, an incorrect labeling issue, a breach of sterile barrier packaging issue or traced to prior repair activities. Therefore, DHR review is not required.

Historical complaints for the connection cable is broken. Replace the cable with a new one. The color tone setup for the monitor is not properly configured, Intermittently 4 images per sheet @ 2 copies all good
1st sheet full color next is only one color have been previously reported and investigated. This indicates that no unanticipated risks, new failure modes, or additional harms have been identified

A complaint history review of the last 12 months of complaints 31 July 2025 to 30 July 2026 was performed for  the connection cable is broken. Replace the cable with a new one. The color tone setup for the monitor is not properly configured, Intermittently 4 images per sheet @ 2 copies all good
1st sheet full color next is only one color
and no trends were identified.

A CAPA History Review was performed for  the connection cable is broken. Replace the cable with a new one. The color tone setup for the monitor is not properly configured, Intermittently 4 images per sheet @ 2 copies all good 1st sheet full color next is only one color
and no related CAPAs were found.

The complaint [was confirmed], the connection cable is broken. Replace the cable with a new one.  The color tone setup for the monitor is not properly configured, Intermittently 4 images per sheet @ 2 copies all good 1st sheet full color next is only one color
The most probable cause of the complaint is D02 - Cause Traced to Component Failure. Expected or random component failure without any design or manufacturing issue

No further escalation is required.",,INV-944729,"F26 - No Health Consequences or Impact;E2403 - No Clinical Signs, Symptoms or Conditions;",;B11 - Historical Data Analysis;B15 - Analysis of Information Provided by User/Third Party;B17 - Device Not Returned;,"A090208 - Poor Quality Image;G02014 - Display;A0401 - Break;G02004 - Cable, Electrical;","A090208 - Poor Quality Image;G02014 - Display;A0401 - Break;G02004 - Cable, Electrical;C04 - Interoperability Problem Identified;D02 - Cause Traced to Component Failure;C070601 - Deformation/Distortion Problem;F26 - No Health Consequences or Impact;E2403 - No Clinical Signs, Symptoms or Conditions;B11 - Historical Data Analysis;B15 - Analysis of Information Provided by User/Third Party;B17 - Device Not Returned;"
CN-986290,,Pathway 2,1,CDS: OER-ELITE |  N5789340 (ENDOSCOPE REPROCESSOR),Madaraboina Dhanusha,,No,No,,0,0,,,Health Professional; User Facility,,7/24/2026,,7/24/2026,,7/24/2026,0,English,United States,OCA-SAP-SFDC,OCA-SAP-SFDC,OCA-SAP-SFDC Ref 20260724-3350289,20260724-3350289,OER-ELITE,N5789340,Americas,,Not Reportable,"23 Jul 2026 Jeff Pavliska, FSE - Contact Karissa Fishbeck reported that the OER lid is cracked. FSE will order lid and replace when part is received.

30 Jul 2026 Jeff Pavliska, FSE - Replaced cracked lid. Equipment repaired and verified according to the OER-Elite Technical Guide, FR3157. Software version was checked and verified. Equipment functionality verified before leaving facility.","23 Jul 2026 Jeff Pavliska, FSE - Contact Karissa Fishbeck reported that the OER lid is cracked. FSE will order lid and replace when part is received.

30 Jul 2026 Jeff Pavliska, FSE - Replaced cracked lid. Equipment repaired and verified according to the OER-Elite Technical Guide, FR3157. Software version was checked and verified. Equipment functionality verified before leaving facility.","23 Jul 2026 Jeff Pavliska, FSE - Ordered lid.

30 Jul 2026 Jeff Pavliska, FSE - No covers were removed during repair. No electrical safety test required., Software Version: 1.10, Patch Number: N/A, Operating System: N/A, Firmware Version: null",Karissa,Fishbeck,,+1 (830)672-7581 x1710,,kfishbeck@gonzaleshealthcare.com,Y,Nurse,1110 N SARAH DEWITT DR,,GONZALES,,78629,3311,,TX,United States,,No,USA,GONZALES COUNTY MEMORIAL HOSP,1110 N SARAH DEWITT DR GONZALES Texas 78629-3311 United States,Karissa,,+1 (830)672-7581 x1710,kfishbeck@gonzaleshealthcare.com,Fishbeck,,,Nurse,Y,Health Professional,,,NA,NA,NA,None,NA,Reprocessing,"<a href=""/a0o68000003Z2vs"" target=""_blank"">OER-ELITE</a>",N5789340,CDS,OER-ELITE,OER-ELITE,JPN,RPSR013,"3-1-1 Niiderakita, AIZUWAKAMATSU-SHI, Fukushima, <a href=""/"" target=""_blank""> </a>",4.95317E+12,,,"<a href=""/a4668000000AidX"" target=""_blank"">AIZU OLYMPUS CO., LTD.</a>",Aizu,Olympus Medical Systems Corp.,,,,,,,2200928,,0,2200928,0,Unknown,1,No,No,NI,Re-Use,Reprocessor,Yes,,No,,,,,No,NA,No,No,0,,INQ-1127357,,,,,,"The complaint was reported because OER lid is cracked.

The product was not returned to Olympus for inspection; however, a field service engineer (FSE) was dispatched to customer site and identified OER lid is cracked. FSE will order the lid and replace it when the part is received.

This complaint is not associated with a packaging issue, an incorrect labeling issue, a breach of sterile barrier packaging issue or traced to prior repair activities. Therefore, DHR review is not required.

No indication of potential user error or complaint against the IFU/label has been received. Therefore, labeling review for this complaint is not required.

A risk review was performed and no unanticipated failures or harms were identified.

A historical review of the last 12 months of complaints was performed and no trends were identified.

A CAPA History Review was performed and no related CAPAs were found.

The complaint was confirmed; The device was found replaced the lid. The most probable cause of the complaint is D02 - Cause Traced to Component Failure, Expected or random component failure without any design or manufacturing issue.

No further escalation is required.",A0404 | G04037 | C0601 | D02;,A0404 | G04037;,1,"The product was not returned to Olympus for inspection; however, a field service engineer (FSE) was dispatched to customer site and identified OER lid is cracked. FSE will order the lid and replace it when the part is received.

The complaint was confirmed.

The investigation will be performed based on the available information.",Madaraboina Dhanusha,San Jose,"No indication of potential user error or complaint against the IFU/label has been received. Therefore, labeling review for this complaint is not required.","This complaint is not associated with a packaging issue, an incorrect labeling issue, a breach of sterile barrier packaging issue or traced to prior repair activities. Therefore, DHR review is not required.","Historical complaints for lid is cracked have been previously reported and investigated. This indicates that no unanticipated risks, new failure modes, or additional harms have been identified.","A complaint history review of the last 12 months of complaints 8/1/2025- 7/31/2026 was performed for lid is cracked and no trends were identified.

A CAPA History Review was performed for lid is cracked and no related CAPAs were found.","The investigation did not identify any nonconformances or issues related to this complaint that require further action; therefore, no escalation is necessary.","The complaint was reported because OER lid is cracked.

The product was not returned to Olympus for inspection; however, a field service engineer (FSE) was dispatched to customer site and identified OER lid is cracked. FSE will order the lid and replace it when the part is received.

This complaint is not associated with a packaging issue, an incorrect labeling issue, a breach of sterile barrier packaging issue or traced to prior repair activities. Therefore, DHR review is not required.

No indication of potential user error or complaint against the IFU/label has been received. Therefore, labeling review for this complaint is not required.

A risk review was performed and no unanticipated failures or harms were identified.

A historical review of the last 12 months of complaints was performed and no trends were identified.

A CAPA History Review was performed and no related CAPAs were found.

The complaint was confirmed; The device was found replaced the lid. The most probable cause of the complaint is D02 - Cause Traced to Component Failure, Expected or random component failure without any design or manufacturing issue.

No further escalation is required.",,INV-948740,"E2403 - No Clinical Signs, Symptoms or Conditions;F27 - Problem identified during non-clinical procedure.;",;D02 - Cause Traced to Component Failure;B11 - Historical Data Analysis;B17 - Device Not Returned;B01 - Testing of Actual/Suspected Device;,A0404 - Crack;G04037 - Cover;,"A0404 - Crack;G04037 - Cover;C0601 - Degradation Problem Identified;D02 - Cause Traced to Component Failure;E2403 - No Clinical Signs, Symptoms or Conditions;F27 - Problem identified during non-clinical procedure.;B11 - Historical Data Analysis;B17 - Device Not Returned;B01 - Testing of Actual/Suspected Device;"
CN-987060,,Pathway 2,1,CDS: OER-Pro |  N3058140 (ENDOSCOPE REPROCESSOR),Madaraboina Dhanusha,,No,No,,0,0,,,User Facility,,7/23/2026,,6/26/2026,Email,7/23/2026,0,English,United States,OCA-SAP-SFDC,OCA-SAP-SFDC,OCA-SAP-SFDCRef20260626-3304697,20260626-3304697,OER-PRO,N3058140,Americas,,Not Reportable,"6/26/2026 Ralph Zito TAC-
* Service Contact Biomed Liam Brzozowski requests PM for OER-PRO | 2733755.
* Unit is operating without issue. He is uncertain whether the Periodic Maintenance Indicator Light displays.

7/23/2026 Jeff Pavliska, FSE - Performed annual preventive maintenance per OER-Pro Technical Guide, FR1794, and completed the OER Service and Repair Checklist, which is attached to the service record. Software version was checked and verified. Equipment functionality verified before leaving the facility.","26 JUN 2026 Ralph Zito TAC-
*Service Contact Biomed Liam Brzozowski requests PM for OER-PRO | 2733755.
*Unit is operating without issue. He?s uncertain whether Periodic Maintenance Indicator Light displays.

23 Jul 2026 Jeff Pavliska, FSE - Performed annual preventive maintenance per OER-Pro Technical Guide, FR1794 and completed OER Service and Repair Checklist which is attached to the service record. Software version was checked and verified. Equipment functionality verified before leaving facility.","6/26/2026 Ralph Zito TAC-
* Service Contact Biomed Liam Brzozowski requests PM for OER-PRO | 2733755.
* Unit is operating without issue. He is uncertain whether the Periodic Maintenance Indicator Light displays.

6/26/2026 Ralph Zito TAC-
* Service Contact Biomed Liam Brzozowski requests PM for OER-PRO | 2733755.
* I verified Service Contact Phone and Email Address.

* Install Date Unknown.
* Customer is not at the Unit and cannot supply the Total Cycle Count and Software Version.
* Full Service Contract applies.

* Analysis of SF/SAP:
- PM#07 ? 6/26/2025
** This appears to be PM #08

* Please dispatch FSE and ship ""recommended"" parts
* Verified Ship-To: 20004154 Attn: Biomed

6/26/2026 Lewis Holiday (FS): Dispatched Jeffry Pavliska, Software Version: 3.06",Liam,Brzozowski,,+1(361)572-5077,,wbrzozowsk@cmcvtx.org,,,2701 Hospital Dr,,Victoria,,77901,5749,,TX,United States,,No,USA,CITIZENS MEDICAL CENTER,2701 Hospital Dr Victoria Texas 77901-5749 United States,Matthew,,+1(361)572-5077,mbrzozowsk@cmcvtx.org,Brzozowski,,,Biomedical Engineer,Y,Service And Testing Personnel,,,NA,NA,NA,None,NA,Service / Maintenance (not in a clinical setting),"<a href=""/a0o68000003YzcG"" target=""_blank"">OER-Pro</a>",N3058140,CDS,OER-Pro,OER-Pro,JPN,RPSR011,"3-1-1 Niiderakita, AIZUWAKAMATSU-SHI, Fukushima, <a href=""/"" target=""_blank""> </a>",4.95317E+12,,,"<a href=""/a4668000000AidX"" target=""_blank"">AIZU OLYMPUS CO., LTD.</a>",Aizu,Olympus Medical Systems Corp.,,,,,,,2733755,,0,2733755,0,Reuse,1,No,No,No,Re-Use,Reprocessor,Yes,,No,,,,,No,NA,No,No,0,,INQ-1128151,,,,,,"A Preventive Maintenance was executed, and no device malfunctions or problems were found.

No further investigation or escalation is required.",A26 |  | C19 | D14;,A26 |;,1,"A Preventive Maintenance was executed, and no device malfunctions or problems were found.",Ameer Shaik,San Jose,"Not required. This is a Preventive Maintenance, and no device problem was found.","Not required. This is a Preventive Maintenance, and no device problem was found.","Not required. This is a Preventive Maintenance, and no device problem was found.","Not required. This is a Preventive Maintenance, and no device problem was found.","Not required. This is a Preventive Maintenance, and no device problem was found.","A Preventive Maintenance was executed, and no device malfunctions or problems were found.

No further investigation or escalation is required.",,INV-948728,"E2403 - No Clinical Signs, Symptoms or Conditions;F27 - Problem identified during non-clinical procedure.;",;D14 - No Problem Detected;B15 - Analysis of Information Provided by User/Third Party;B01 - Testing of Actual/Suspected Device;B17 - Device Not Returned;,A26 - Insufficient Device Problem Information;;,"A26 - Insufficient Device Problem Information;;C19 - No Device Problem Found;D14 - No Problem Detected;E2403 - No Clinical Signs, Symptoms or Conditions;F27 - Problem identified during non-clinical procedure.;B15 - Analysis of Information Provided by User/Third Party;B01 - Testing of Actual/Suspected Device;B17 - Device Not Returned;"
CN-987119,,Pathway 2,1,CDS: OER-Pro |  N3058140 (ENDOSCOPE REPROCESSOR),Shivamani Ravirala,,No,No,,0,0,,,Health Professional; User Facility,,7/24/2026,,7/24/2026,,7/24/2026,0,English,United States,OCA-SAP-SFDC,OCA-SAP-SFDC,OCA-SAP-SFDCRef20260724-3350511,20260724-3350511,OER-PRO,N3058140,Americas,,Not Reportable,"24 JUL 2026 Kevin Petridis (TAC Software):
Jessica Wolnowski (313-673-1635), Surgical Tech, called to report an E16 error on their OER-PRO (SN: 2633607). While discussing the issue, the nurse stated that the unit successfully completed two cycles yesterday, but the error occurred today.

I instructed the customer to inspect both gas filters, and she confirmed that both were dry. I then advised her to clean the fluid and float level sensor; however, she stated that this component is cleaned daily as part of their routine maintenance.

Next, I instructed her to run a test cycle. As soon as she pressed Start, the unit immediately generated an E12 error.

Based on the troubleshooting performed, I advised the customer that an FSE dispatch would be required. The customer verified the service contact information and confirmed that billing should be directed to the facility.

29 JUL 2026 - Andrew Presas (FSE) - FSE arrived on site and opened the side panels of the unit. It was observed that the disinfectant tank was only 1/3 full. Customer the indicated that they stopped the cycle when basin was full. It was determined that the basin was drained down the drain rather than back into the tank leading to the low level in the tank. FSE drained the rest of the LCG from the tank and then filled it with water. FSE marked the level inside the tank once it was full. FSE ran 2 cycles and observed that the level in the tank reached the mark when recirculated. FSE loaded new LCG into the tank and ran 2 more cycles to ensure that the unit was operating as expected. After 4 cycles completed successfully and the error was not replicated the unit was returned to the customer.

Completed test cycle successfully with no errors.  Performed repair per OER-Pro Technical Guide.","24 JUL 2026 Kevin Petridis (TAC Software):
Jessica Wolnowski (313-673-1635), Surgical Tech, called to report an E16 error on their OER-PRO (SN: 2633607). While discussing the issue, the nurse stated that the unit successfully completed two cycles yesterday, but the error occurred today.

I instructed the customer to inspect both gas filters, and she confirmed that both were dry. I then advised her to clean the fluid and float level sensor; however, she stated that this component is cleaned daily as part of their routine maintenance.

Next, I instructed her to run a test cycle. As soon as she pressed Start, the unit immediately generated an E12 error.

Based on the troubleshooting performed, I advised the customer that an FSE dispatch would be required. The customer verified the service contact information and confirmed that billing should be directed to the facility.

29 JUL 2026 - Andrew Presas (FSE) - FSE arrived on site and opened the side panels of the unit. It was observed that the disinfectant tank was only 1/3 full. Customer the indicated that they stopped the cycle when basin was full. It was determined that the basin was drained down the drain rather than back into the tank leading to the low level in the tank. FSE drained the rest of the LCG from the tank and then filled it with water. FSE marked the level inside the tank once it was full. FSE ran 2 cycles and observed that the level in the tank reached the mark when recirculated. FSE loaded new LCG into the tank and ran 2 more cycles to ensure that the unit was operating as expected. After 4 cycles completed successfully and the error was not replicated the unit was returned to the customer.

Completed test cycle successfully with no errors.  Performed repair per OER-Pro Technical Guide.","24 JUL 2026 Kevin Petridis (TAC Software): 
Contact name, phone number, and e-mail address verified.
Customer verified Attn & Ship to for service and parts delivery :: On file
Customer verified Bill/Payer to :: Facility PO

24 JUL 2026 09:41  ? CARL SIEGEL (TAC): 
I received this Quote Request from TAC Rep Kevin Petridis.
I emailed Quote for Work Order - 00298230_V1 to jessica.wolnowki@corewellhealth.org and carbon copied Field Service Engineer (FSE) Martin Miller.
Reassigned quote back to TAC Rep Kevin Petridis.
* TAC Support is awaiting PO.

24 JUL 2026 Sarah Barettino (TAC) 
Kim, charge nurse calling in because was not cced on quote. Forwarded quote to kim.walters@corewellhealth.org.

24 JUL 2026 16:14  ? CARL SIEGEL (TAC): 
william.neumann@corewellhealth.org emailed me the attached hard copy PO # PO-14322712.
ATTN PO-14322712
PO amount matches the Quote to Order associated with this Case.
Assigned PO # to the work order associated with this Case
Bill-To and Payer # were not changed. 
I emailed william.neumann@corewellhealth.org , jessica.wolnowki@corewellhealth.org , kim.walters@corewealthhealth.org and FSE Martin Miller confirming the PO was received and is being processed.
The attached Hard Copy PO was reviewed and assigned to FS Dispatch.

24 JUL 2026 Dina Delfranco (FS): Dispatched FSE Martin Miller

24 JUL 2026 - Martin Miller (FSE)  Transferred to AJ Presas Primary FSE.

27 JUL 2026 Andrew Presas (FSE) - Email sent to customer to schedule an onsite visit. Awaiting response.

12 AUG 2026 Lauren Sumereau (SQ): Reopening Case due to Sprint Program auditing activity corrections, Updated Software Version: 3.07, Patch Number: null, Operating System: null",Jessica,Wolnowski,,313-673-1635,,jessica.wolnowki@corewellhealth.org,Y,Other Healthcare Professional,10000 TELEGRAPH RD,,TAYLOR,,48180,,,MI,United States,,No,USA,BEAUMONT HEALTH,10000 TELEGRAPH RD TAYLOR Michigan 48180 United States,Jessica,,313-673-1635,jessica.wolnowki@corewellhealth.org,Wolnowski,,,Other Healthcare Professional,Y,Health Professional,,,NA,NA,NA,None,NA,Reprocessing,"<a href=""/a0o68000003YzcG"" target=""_blank"">OER-Pro</a>",N3058140,CDS,OER-Pro,OER-Pro,JPN,RPSR011,"3-1-1 Niiderakita, AIZUWAKAMATSU-SHI, Fukushima, <a href=""/"" target=""_blank""> </a>",4.95317E+12,,,"<a href=""/a4668000000AidX"" target=""_blank"">AIZU OLYMPUS CO., LTD.</a>",Aizu,Olympus Medical Systems Corp.,,,,,,,2633607,,0,2633607,0,Unknown,0,No,No,No,Re-Use,Reprocessor,No,,No,,,,,No,NA,No,No,0,,INQ-1128235,,,,,,"The product was not returned to Olympus for inspection; however, a field service engineer (FSE) was dispatched to customer site and 
1. E16 & E12 error on their OER-PRO  

The complaint was confirmed.

This complaint is not associated with a packaging issue, an incorrect labeling issue, a breach of sterile barrier packaging issue or traced to prior repair activities. Therefore, DHR review is not required.

No indication of potential user error or complaint against the IFU/label has been received. Therefore, labeling review for this complaint is not required.

Historical complaints for
1. E16 & E12 error on their OER-PRO have been previously reported and investigated. This indicates that no unanticipated risks, new failure modes, or additional harms have been identified.

A complaint history review of the last 12 months of complaints 11 AUG 2025 TO 10 AUG 2026 was performed for 
1. E16 & E12 error on their OER-PRO and no trends were identified. 

A CAPA History Review was performed for 
1. E16 & E12 error on their OER-PRO and no related CAPAs were found.  

The complaint was confirmed; the device has E16 & E12 error on their OER-PRO The most probable cause of the complaint is D02 - Cause Traced to Component Failure Expected or random component failure without any design or manufacturing issue.

No further escalation is required.",A14 | G04110 | C0601 | D02;,A14 |;,1,"The product was not returned to Olympus for inspection; however, a field service engineer (FSE) was dispatched to customer site and 
1. E16 & E12 error on their OER-PRO 

The complaint was confirmed.

The investigation will be performed based on the available information.",Shivamani Ravirala,San Jose,"No indication of potential user error or complaint against the IFU/label has been received. Therefore, labeling review for this complaint is not required.","This complaint is not associated with a packaging issue, an incorrect labeling issue, a breach of sterile barrier packaging issue or traced to prior repair activities. Therefore, DHR review is not required.","Historical complaints for
1. E16 & E12 error on their OER-PRO have been previously reported and investigated. This indicates that no unanticipated risks, new failure modes, or additional harms have been identified.","A complaint history review of the last 12 months of complaints 11 AUG 2025 TO 10 AUG 2026 was performed for 
1. E16 & E12 error on their OER-PRO and no trends were identified. 

A CAPA History Review was performed for 
1. E16 & E12 error on their OER-PRO and no related CAPAs were found.","The investigation did not identify any nonconformances or issues related to this complaint that require further action; therefore, no escalation is necessary.","The product was not returned to Olympus for inspection; however, a field service engineer (FSE) was dispatched to customer site and 
1. E16 & E12 error on their OER-PRO  

The complaint was confirmed.

This complaint is not associated with a packaging issue, an incorrect labeling issue, a breach of sterile barrier packaging issue or traced to prior repair activities. Therefore, DHR review is not required.

No indication of potential user error or complaint against the IFU/label has been received. Therefore, labeling review for this complaint is not required.

Historical complaints for
1. E16 & E12 error on their OER-PRO have been previously reported and investigated. This indicates that no unanticipated risks, new failure modes, or additional harms have been identified.

A complaint history review of the last 12 months of complaints 11 AUG 2025 TO 10 AUG 2026 was performed for 
1. E16 & E12 error on their OER-PRO and no trends were identified. 

A CAPA History Review was performed for 
1. E16 & E12 error on their OER-PRO and no related CAPAs were found.  

The complaint was confirmed; the device has E16 & E12 error on their OER-PRO The most probable cause of the complaint is D02 - Cause Traced to Component Failure Expected or random component failure without any design or manufacturing issue.

No further escalation is required.",,INV-946099,"E2403 - No Clinical Signs, Symptoms or Conditions;F27 - Problem identified during non-clinical procedure.;",;D02 - Cause Traced to Component Failure;B01 - Testing of Actual/Suspected Device;B11 - Historical Data Analysis;B17 - Device Not Returned;,A14 - Infusion or Flow Problem;G04110 - Reservoir;,"A14 - Infusion or Flow Problem;G04110 - Reservoir;C0601 - Degradation Problem Identified;D02 - Cause Traced to Component Failure;E2403 - No Clinical Signs, Symptoms or Conditions;F27 - Problem identified during non-clinical procedure.;B01 - Testing of Actual/Suspected Device;B11 - Historical Data Analysis;B17 - Device Not Returned;"
CN-987235,,Pathway 2,1,"Endo Ther, En: SPL-S |  SPL-S (SHOCKPULSE-SE LITHOTRIPSY SYSTEM)",Peter Tran,,No,No,,0,0,,,,,7/24/2026,,7/24/2026,,7/24/2026,0,English,United States,OCA-DATASWEEP,OCA-DATASWEEP,26090305,26090305,SPL-S,SPL-S,Americas,"B25,Service Approval,NSC Electronics",Not Reportable,The front connector pins are broken where the probe goes in. CLARIFICATION REQUESTED; NO ADDITIONAL DETAIL AVAILABLE AT TIME OF INTAKE,The front connector pins are broken where the probe goes in. CLARIFICATION REQUESTED; NO ADDITIONAL DETAIL AVAILABLE AT TIME OF INTAKE,,STEVE,MAJEED,,2154527739,,steve.majeed@tuhs.temple.edu,Y,Biomedical Engineer,3401 N BROAD ST,,PHILADELPHIA,,19140,5189,,PA,United States,,,USA,TEMPLE UNIVERSITY HOSPITAL INC,"3401 N BROAD ST, PHILADELPHIA, Pennsylvania, 19140-5189, United States",STEVE,,2154527739,steve.majeed@tuhs.temple.edu,MAJEED,,,Biomedical Engineer,Y,Health Professional,,,NA,NA,NA,None,NA,During set up / Inspection for use (during set up in room / before patient in room),"<a href=""/a0o68000003Ywp9"" target=""_blank"">SPL-S</a>",SPL-S,"Endo Ther, En",SPL-S,SPL-S,USA,LITR007,"9600 Louisiana Avenue North, Brooklyn Park, <a href=""/a1S68000005mGDd"" target=""_blank"">Minnesota</a>, 55445",8.21925E+11,,,"<a href=""/a4668000000Aidx"" target=""_blank"">Gyrus ACMI, Inc.</a>",Brooklyn Park,"Gyrus ACMI, Inc.",,,,,,,CG3083,,0,CG3083,0,Reuse,1,No,No,No,Re-Use,Lithotripsy,Yes,,Yes,7/31/2026,,,,No,No,No,No,1,,INQ-1128374,,,,,,"The complaint was reported because of front connector pins are broken where the probe goes in.

The product was returned and inspected. The product analysis confirmed the user request, broken connector pins (transducer receptacle) was identified during estimation. Moreover, additional damages of deformed top cover, scratched housing cover, broken clips, and deformed legs was found.

This complaint is not associated with a packaging issue, an incorrect labeling issue, a breach of sterile barrier packaging issue or traced to prior repair activities. Therefore, DHR review is not required.

No indication of potential user error or complaint against the IFU/label has been received. Therefore, labeling review for this complaint is not required.

A risk review was performed and no unanticipated failures or harms were identified

A historical review of the last 12 months of complaints was performed and no trends were identified.

A CAPA History Review was performed and no related CAPAs were identified to be related to this complaint.

The complaint was confirmed, the device has broken connector pins (transducer receptacle). The most probable cause of the complaint is cause traced to component failure, which is expected or random component failure without any design or manufacturing issue.

No further escalation is required.",A0401 | G0403401 | C0706 | D02;A0415 | G04037 | C0706 | D02;A0401 | G0405204 | C0706 | D02;A0406 | G04037 | C070601 | D02;A0401 | G04117 | C0706 | D02;A0406 | G04120 | C0706 | D02;,A0401 | G0403401;,1,"The investigation will be conducted using the information provided by the customer and the inspection findings from the Repair Center (see attached Inspection Results Report). 
As part of the evaluation, the device underwent a visual inspection and functional testing to determine its condition.

The following failures were identified: 
broken connector pins (transducer receptacle)
deformed top cover
scratched housing cover
broken clips
deformed legs

Based on the product analysis, the complaint is confirmed since the device has evidence of broken connector pins (transducer receptacle), which is consistent with the reported event.",Fernando Zavala,San Jose,"No indication of potential user error or complaint against the IFU/label has been received. Therefore, labeling review for this complaint is not required.","This complaint is not associated with a packaging issue, an incorrect labeling issue, a breach of sterile barrier packaging issue or traced to prior repair activities. Therefore, DHR review is not required.","A risk review was performed for broken connector pins (transducer receptacle), deformed top cover, scratched housing cover, broken clips, deformed legs, based on historical data of the last 12 months August 13, 2025 - August 12, 2026 and no unanticipated risks, new failures, and/or new harms were identified.","A complaint history review of the last 12 months of complaints August 13, 2025 - August 12, 2026 was performed for broken connector pins (transducer receptacle), deformed top cover, scratched housing cover, broken clips, deformed legs, and no trends were identified. 

A CAPA History Review was performed for broken connector pins (transducer receptacle), deformed top cover, scratched housing cover, broken clips, deformed legs, and no related CAPAs were found.","The investigation did not identify any nonconformances or issues related to this complaint that require further action; therefore, no escalation is necessary.","The complaint was reported because of front connector pins are broken where the probe goes in.

The product was returned and inspected. The product analysis confirmed the user request, broken connector pins (transducer receptacle) was identified during estimation. Moreover, additional damages of deformed top cover, scratched housing cover, broken clips, and deformed legs was found.

This complaint is not associated with a packaging issue, an incorrect labeling issue, a breach of sterile barrier packaging issue or traced to prior repair activities. Therefore, DHR review is not required.

No indication of potential user error or complaint against the IFU/label has been received. Therefore, labeling review for this complaint is not required.

A risk review was performed and no unanticipated failures or harms were identified

A historical review of the last 12 months of complaints was performed and no trends were identified.

A CAPA History Review was performed and no related CAPAs were identified to be related to this complaint.

The complaint was confirmed, the device has broken connector pins (transducer receptacle). The most probable cause of the complaint is cause traced to component failure, which is expected or random component failure without any design or manufacturing issue.

No further escalation is required.",,INV-946207,"F2601 - Problem identified before clinical use/exposure;E2403 - No Clinical Signs, Symptoms or Conditions;",;B01 - Testing of Actual/Suspected Device;B11 - Historical Data Analysis;,A0401 - Break;G0403401 - Connector Pin;A0415 - Scratched Material;G04037 - Cover;G0405204 - Clip;A0406 - Material Deformation;G04117 - Socket;G04120 - Stand;,"A0401 - Break;G0403401 - Connector Pin;C0706 - Stress Problem Identified;D02 - Cause Traced to Component Failure;A0415 - Scratched Material;G04037 - Cover;G0405204 - Clip;A0406 - Material Deformation;C070601 - Deformation/Distortion Problem;G04117 - Socket;G04120 - Stand;F2601 - Problem identified before clinical use/exposure;E2403 - No Clinical Signs, Symptoms or Conditions;B01 - Testing of Actual/Suspected Device;B11 - Historical Data Analysis;"
CN-987445,,Pathway 2,1,"Rigid Scope: WA2UR11A |  WA2UR11A (Ureteroscope  6.7/8.4 Fr. x 430 mm, 5∞, angled ocular, 4.2 Fr. channel)",JeyaSuki D,,No,No,,0,0,,,User Facility,,7/24/2026,,7/24/2026,Email,7/24/2026,0,English,United States,OCA-DATASWEEP,OCA-DATASWEEP,26090413-rep / 26090416-core,26090413-rep / 26090416-core,WA2UR11A,WA2UR11A,Americas,"B25,Service Approval,NSC SP - Rigid",Not Reportable,BLURRY AND CLOUDY CLARIFICATION REQUESTED; NO ADDITIONAL DETAIL AVAILABLE AT TIME OF INTAKE,BLURRY AND CLOUDY CLARIFICATION REQUESTED; NO ADDITIONAL DETAIL AVAILABLE AT TIME OF INTAKE,"Adding additional system source Datasweep 26090416 -core to Source System Reference Number field. Pending QIR for core 26090416. TT 27Jul2026

Complaint CN-987454 is a duplicate of CN-987445 and will be closed as a duplicate complaint. VDTS/ 6August 2026",LINDELL,DOUGLAS,,7046673076,,lindell.douglas@atriumhealth.org,Y,Other Healthcare Professional,10628 PARK RD,,CHARLOTTE,,28210,8407,,NC,United States,,,USA,THE CHARLOTTE MECKLENBURG HOSP,"10628 PARK RD, CHARLOTTE, North Carolina, 28210-8407, United States",LINDELL,,7046673076,lindell.douglas@atriumhealth.org,DOUGLAS,,,Other Healthcare Professional,Y,No Information,,,No Information,No Information,No Information,No Information Available,,Reprocessing,"<a href=""/a0o68000003Yzzj"" target=""_blank"">WA2UR11A</a>",WA2UR11A,Rigid Scope,WA2UR11A,WA2UR11A,DEU,RGSC001,"Kuehnstrasse 61, Hamburg, Hamburg, <a href=""/"" target=""_blank""> </a>",4.04276E+12,,,"<a href=""/a46aa00000004oP"" target=""_blank"">Olympus Winter & Ibe GmbH</a>",Olympus Winter & Ibe GmbH,Olympus Winter & Ibe GmbH,,,,,,,800632,,0,800632,0,Unknown,1,,No,,Re-Use,Rigid Scope,,,Yes,7/31/2026,,,,No,,No,No,1,,INQ-1128583,,,,,,"The complaint was reported because BLURRY AND CLOUDY 

The product was returned and inspected. The product analysis confirmed that 
- OPTICAL FIBERS: Confirmed UR of blurry image RGSC_Optical Image Issues_PTI1
- OUTER TUBE: Bent outer tube RGSC_Material Issues_PTI2
- E/P W/U.F/CUP: Debris under E/P window

The complaint is confirmed since the device has evidence of [OPTICAL FIBERS: Confirmed UR of blurry image], which is consistent with the reported event.

One or more failure mode(s) identified has been previously investigated through the Product Technical Investigation (PTI) process and therefore does not require any further investigation. See coding table for the PTI reference number associated with these failure modes.

This complaint is not associated with a packaging issue, an incorrect labeling issue, a breach of sterile barrier packaging issue or traced to prior repair activities. Therefore, SHR review is not required.

No indication of potential user error or complaint against the IFU/label has been received. Therefore, labeling review for this complaint is not required.

Historical complaints for ""E/P W/U.F/CUP: Debris under E/P window"" have been previously reported and investigated. This indicates that no unanticipated risks, new failure modes, or additional harms have been identified.

A complaint history review of the last 12 months of complaints (8/13/2025 - 8/12/2026) was performed for ""E/P W/U.F/CUP: Debris under E/P window"" and no trends were identified. 

A CAPA History Review was performed for ""E/P W/U.F/CUP: Debris under E/P window"" and no related CAPAs were found.  

The complaint was confirmed; the device has OPTICAL FIBERS: Confirmed UR of blurry image

The most probable cause of the complaint is D02-cause traced to component failure, expected or random component failure without any design or manufacturing issue.

No further escalation is required.",A090208 | G05009 | C0601 | D02;A040609 | G04019 | C070601 | D02;A1801 | G04141 | C0602 | D15;,A090208 |;,1,"The investigation will be conducted using the information provided by the customer and the inspection findings from the Repair Center (see attached Inspection Results Report). 
As part of the evaluation, the device underwent a visual inspection and functional testing to determine its condition.

The following failures were identified: 
- OPTICAL FIBERS: Confirmed UR of blurry image RGSC_Optical Image Issues_PTI1
- OUTER TUBE: Bent outer tube RGSC_Material Issues_PTI2
- E/P W/U.F/CUP: Debris under E/P window

Based on the product analysis, the complaint is confirmed since the device has evidence of [OPTICAL FIBERS: Confirmed UR of blurry image], which is consistent with the reported event.",JeyaSuki D,Bartlett,"No indication of potential user error or complaint against the IFU/label has been received. Therefore, labeling review for this complaint is not required. One or more failure mode(s) identified has been previously investigated through the Product Technical Investigation (PTI) process and therefore does not require any further investigation.  See coding table for the PTI reference number associated with these failure modes.","This complaint is not associated with a packaging issue, an incorrect labeling issue, a breach of sterile barrier packaging issue or traced to prior repair activities. Therefore, SHR review is not required.","Historical complaints for ""E/P W/U.F/CUP: Debris under E/P window"" have been previously reported and investigated. This indicates that no unanticipated risks, new failure modes, or additional harms have been identified. One or more failure mode(s) identified has been previously investigated through the Product Technical Investigation (PTI) process and therefore does not require any further investigation.  See coding table for the PTI reference number associated with these failure modes.","A complaint history review of the last 12 months of complaints (8/13/2025 - 8/12/2026) was performed for ""E/P W/U.F/CUP: Debris under E/P window"" and no trends were identified. 

A CAPA History Review was performed for ""E/P W/U.F/CUP: Debris under E/P window"" and no related CAPAs were found. One or more failure mode(s) identified has been previously investigated through the Product Technical Investigation (PTI) process and therefore does not require any further investigation.  See coding table for the PTI reference number associated with these failure modes.","The investigation did not identify any nonconformances or issues related to this complaint that require further action; therefore, no escalation is necessary. One or more failure mode(s) identified has been previously investigated through the Product Technical Investigation (PTI) process and therefore does not require any further investigation.  See coding table for the PTI reference number associated with these failure modes.","The complaint was reported because BLURRY AND CLOUDY 

The product was returned and inspected. The product analysis confirmed that 
- OPTICAL FIBERS: Confirmed UR of blurry image RGSC_Optical Image Issues_PTI1
- OUTER TUBE: Bent outer tube RGSC_Material Issues_PTI2
- E/P W/U.F/CUP: Debris under E/P window

The complaint is confirmed since the device has evidence of [OPTICAL FIBERS: Confirmed UR of blurry image], which is consistent with the reported event.

One or more failure mode(s) identified has been previously investigated through the Product Technical Investigation (PTI) process and therefore does not require any further investigation. See coding table for the PTI reference number associated with these failure modes.

This complaint is not associated with a packaging issue, an incorrect labeling issue, a breach of sterile barrier packaging issue or traced to prior repair activities. Therefore, SHR review is not required.

No indication of potential user error or complaint against the IFU/label has been received. Therefore, labeling review for this complaint is not required.

Historical complaints for ""E/P W/U.F/CUP: Debris under E/P window"" have been previously reported and investigated. This indicates that no unanticipated risks, new failure modes, or additional harms have been identified.

A complaint history review of the last 12 months of complaints (8/13/2025 - 8/12/2026) was performed for ""E/P W/U.F/CUP: Debris under E/P window"" and no trends were identified. 

A CAPA History Review was performed for ""E/P W/U.F/CUP: Debris under E/P window"" and no related CAPAs were found.  

The complaint was confirmed; the device has OPTICAL FIBERS: Confirmed UR of blurry image

The most probable cause of the complaint is D02-cause traced to component failure, expected or random component failure without any design or manufacturing issue.

No further escalation is required.",,INV-946413,"E2403 - No Clinical Signs, Symptoms or Conditions;F27 - Problem identified during non-clinical procedure.;",;D15 - Cause Not Established;B01 - Testing of Actual/Suspected Device;B11 - Historical Data Analysis;,A090208 - Poor Quality Image;G05009 - Optical Fiber;A040609 - Material Twisted/Bent;G04019 - Cannula;A1801 - Contamination;G04141 - Window;,"A090208 - Poor Quality Image;G05009 - Optical Fiber;C0601 - Degradation Problem Identified;D02 - Cause Traced to Component Failure;A040609 - Material Twisted/Bent;G04019 - Cannula;C070601 - Deformation/Distortion Problem;A1801 - Contamination;G04141 - Window;C0602 - Inappropriate Material;D15 - Cause Not Established;E2403 - No Clinical Signs, Symptoms or Conditions;F27 - Problem identified during non-clinical procedure.;B01 - Testing of Actual/Suspected Device;B11 - Historical Data Analysis;"
CN-987460,,Pathway 2,1,CDS: OER-ELITE |  N5789340 (ENDOSCOPE REPROCESSOR),Suresh T,,No,No,,0,0,,,Health Professional; User Facility,,7/24/2026,,7/24/2026,,7/24/2026,0,English,United States,OCA-SAP-SFDC,OCA-SAP-SFDC,OCA-SAP-SFDC Ref 20260724-3351209,20260724-3351209,OER-ELITE,N5789340,Americas,,Not Reportable,"24JULY2026 - Pamela Klingensmith - TAC : FSE Mustak Azad is requesting repair parts and dispatch for E095, he is currently at a site and said that he has a bad connection to make up the cases. He also is requesting the leak test purple port tub connections RV111700 QTY of 2 
FSE Mustak Azad requests dispatch and parts per full-service contract
Verified ship to and contact.

27 JUL 2026 Stephen Shine (FSE):
FSE replaced tubing, ferrule, and tubing connectors in detergent line.  FSE then was able to successfully draw detergent from bottle.  FSE confirmed operation of detergent line through cycle.  Damaged purple leak test connectors were also replaced.  Equipment repaired according to instructions in OER-Elite technical guide.
Equipment passed the electrical safety check, and the results are included in the inspection checklist.  Software attributes have been verified and confirmed.","24JULY2026 - Pamela Klingensmith - TAC : FSE Mustak Azad is requesting repair parts and dispatch for E095, he is currently at a site and said that he has a bad connection to make up the cases. He also is requesting the leak test purple port tub connections RV111700 QTY of 2 
FSE Mustak Azad requests dispatch and parts per full-service contract
Verified ship to and contact.

27 JUL 2026 Stephen Shine (FSE):
FSE replaced tubing, ferrule, and tubing connectors in detergent line.  FSE then was able to successfully draw detergent from bottle.  FSE confirmed operation of detergent line through cycle.  Damaged purple leak test connectors were also replaced.  Equipment repaired according to instructions in OER-Elite technical guide.
Equipment passed the electrical safety check, and the results are included in the inspection checklist.  Software attributes have been verified and confirmed.","24 JUL 2026 Carolina Perez (FS): Dispatched FSE Mustak Azad 
27 JUL 2026 WENDELL MARTINEZ (FSE): 
FSE ASSISTING FSE with repair and training., Software Version: 1.10, Patch Number: N/A, Operating System: N/A, Firmware Version: null",ELAINE,KLEIN,,+1 516-663-2328,,elaine.klein@nyulangone.org,Y,Administrator/Supervisor,"211 STATION RD, 7TH FLOOR",,MINEOLA,,11501,,,NY,United States,,No,USA,NYU LANGONE HOSPITALS,211 STATION RD MINEOLA New York 11501 United States,ELAINE,,+1 516-663-2328,elaine.klein@nyulangone.org,KLEIN,,,Administrator/Supervisor,Y,Health Professional,,,NA,NA,NA,None,NA,Reprocessing,"<a href=""/a0o68000003Z2vs"" target=""_blank"">OER-ELITE</a>",N5789340,CDS,OER-ELITE,OER-ELITE,JPN,RPSR013,"3-1-1 Niiderakita, AIZUWAKAMATSU-SHI, Fukushima, <a href=""/"" target=""_blank""> </a>",4.95317E+12,,,"<a href=""/a4668000000AidX"" target=""_blank"">AIZU OLYMPUS CO., LTD.</a>",Aizu,Olympus Medical Systems Corp.,,,,,,,2100385,,0,2100385,0,Unknown,1,No,No,No,Re-Use,Reprocessor,No,,No,,,,,No,NA,No,No,0,,INQ-1128591,,,,,,"The product was not returned to Olympus for inspection; however, a field service engineer (FSE) was dispatched to Customer called and The OER-Elite generated an E095 error due to a problem in the detergent delivery system. During the repair, the FSE replaced the detergent line tubing, ferrule, and tubing connectors, which restored proper detergent draw from the bottle. The detergent line was verified through a successful cycle, and damaged purple leak test connectors were also replaced. The equipment was repaired according to the OER-Elite Technical Guide, passed electrical safety testing, and was returned to normal operation.

- dispatch for E095
-  Damaged purple leak test connectors were also replace

The investigation will be performed based on the available information.

A DHR review is not required.

A labeling review for this complaint is not required.

A risk review was performed, and no unanticipated failures or harms were identified, describe findings, or rationale for no review

A historical review of the last 12 months of complaints was performed and no trends were identified.

A CAPA History Review was performed and no related CAPAs were found.

The complaint was confirmed. FSE resolved the issue. The most probable cause of the complaint is D02 - Cause Traced to Component Failure, Expected or random component failure without any design or manufacturing issue.

No further escalation is required.",A1409 | G04110 | C0601 | D02;A0405 | G04034 | C0601 | D02;,A1409 |;,1,"The product was not returned to Olympus for inspection; however, a field service engineer (FSE) was dispatched to Customer called and The OER-Elite generated an E095 error due to a problem in the detergent delivery system. During the repair, the FSE replaced the detergent line tubing, ferrule, and tubing connectors, which restored proper detergent draw from the bottle. The detergent line was verified through a successful cycle, and damaged purple leak test connectors were also replaced. The equipment was repaired according to the OER-Elite Technical Guide, passed electrical safety testing, and was returned to normal operation.

- dispatch for E095
-  Damaged purple leak test connectors were also replaced

The Complaint was confirmed

The investigation will be performed based on the available information.",Suresh T,San Jose,"No indication of potential user error or complaint against the IFU/label has been received. Therefore, labeling review for this complaint is not required.","This complaint is not associated with a packaging issue, an incorrect labeling issue, a breach of sterile barrier packaging issue or traced to prior repair activities. Therefore, [DHR] review is not required.","A risk review was performed for the
- dispatch for E095
-  Damaged purple leak test connectors were also replaced
Based on historical complaint data from 07/31/2025 - 07/30/2026, no unanticipated risks, new failure modes, or new harms were identified.","A complaint history review of the last 12 months of complaints 07/31/2025 - 07/30/2026 was performed for
- dispatch for E095
-  Damaged purple leak test connectors were also replaced
 and no trends were identified.

A CAPA History Review was performed for
- dispatch for E095
-  Damaged purple leak test connectors were also replaced and no related CAPAs were found.","The investigation did not identify any nonconformances or issues related to this complaint that require further action; therefore, no escalation is necessary.","The product was not returned to Olympus for inspection; however, a field service engineer (FSE) was dispatched to Customer called and The OER-Elite generated an E095 error due to a problem in the detergent delivery system. During the repair, the FSE replaced the detergent line tubing, ferrule, and tubing connectors, which restored proper detergent draw from the bottle. The detergent line was verified through a successful cycle, and damaged purple leak test connectors were also replaced. The equipment was repaired according to the OER-Elite Technical Guide, passed electrical safety testing, and was returned to normal operation.

- dispatch for E095
-  Damaged purple leak test connectors were also replace

The investigation will be performed based on the available information.

A DHR review is not required.

A labeling review for this complaint is not required.

A risk review was performed, and no unanticipated failures or harms were identified, describe findings, or rationale for no review

A historical review of the last 12 months of complaints was performed and no trends were identified.

A CAPA History Review was performed and no related CAPAs were found.

The complaint was confirmed. FSE resolved the issue. The most probable cause of the complaint is D02 - Cause Traced to Component Failure, Expected or random component failure without any design or manufacturing issue.

No further escalation is required.",,INV-949027,"E2403 - No Clinical Signs, Symptoms or Conditions;F27 - Problem identified during non-clinical procedure.;",;D02 - Cause Traced to Component Failure;B01 - Testing of Actual/Suspected Device;B11 - Historical Data Analysis;B17 - Device Not Returned;,A1409 - Obstruction of Flow;G04110 - Reservoir;A0405 - Degraded;G04034 - Connector/Coupler;,"A1409 - Obstruction of Flow;G04110 - Reservoir;C0601 - Degradation Problem Identified;D02 - Cause Traced to Component Failure;A0405 - Degraded;G04034 - Connector/Coupler;E2403 - No Clinical Signs, Symptoms or Conditions;F27 - Problem identified during non-clinical procedure.;B01 - Testing of Actual/Suspected Device;B11 - Historical Data Analysis;B17 - Device Not Returned;"
CN-987506,,Pathway 2,1,"Rigid Scope: WA2T430A |  WA2T430A (Telescope ""OES ELITE"", 4 mm, 30∞, HD, autoclavable)",Anitha S,,Yes,Yes,8/20/2026,0,0,,,Health Professional,,7/24/2026,,7/24/2026,,7/22/2026,0,English,United States,OCA-DATASWEEP,OCA-DATASWEEP,26090438,26090438,WA2T430A,WA2T430A,Americas,"B11,Service Approval,NSC SP - Rigid",Not Reportable,It has a blurry lens. I can see the lens and it is glitching in there so I think it's broken. Clarification requested; no additional detail available at time of intake.,It has a blurry lens. I can see the lens and it is glitching in there so I think it‚Äôs broken. Clarification requested; no additional detail available at time of intake.,,Jairo,Quintana,,7607731274,,jquintana@eisenhowerhealth.org,Y,Administrator/Supervisor,39000 BOB HOPE DR,ATTN ACCOUNTS PAYABLE,RANCHO MIRAGE,,92270,,,CA,United States,,No,USA,EISENHOWER MEDICAL CENTER,"39000 BOB HOPE DR, ATTN ACCOUNTS PAYABLE, RANCHO MIRAGE, California, 92270, United States",Jairo,,7607731274,jquintana@eisenhowerhealth.org,Quintana,,,Administrator/Supervisor,Y,NA,,,N/A,NA,NA,None,NA,Reprocessing,"<a href=""/a0o68000003Z31z"" target=""_blank"">WA2T430A</a>",WA2T430A,Rigid Scope,WA2T430A,WA2T430A,DEU,RGSC002,"Kuehnstrasse 61, Hamburg, Hamburg, <a href=""/"" target=""_blank""> </a>",4.04276E+12,,,"<a href=""/a46aa00000004oP"" target=""_blank"">Olympus Winter & Ibe GmbH</a>",Olympus Winter & Ibe GmbH,Olympus Winter & Ibe GmbH,,,,,,,815749,,0,815749,0,Unknown,1,,No,,Re-Use,Rigid Scope,Yes,,Yes,7/31/2026,,,,No,NA,No,No,1,,INQ-1128634,,,,,,"The complaint was reported because [It has a blurry lens. I can see the lens, and it is glitching in there, so I think it's broken]. 
The product was returned and inspected. The product analysis confirmed that
-OUTER TUBE: Bent on outer tube, Received without protector tube. RGSC_Material Issues_PTI2
-OBJECT.WINDOW: 3rd party repair meniscus, Loose OBJ lens, Fiber breakage, Dent on distal frame. RGSC_Material Issues_PTI2
-OPTICAL FIBER S: Confirmed UR blurry image, caused by cracked on optical lens. RGSC_Optical Image Issues_PTI1

One or more failure mode(s) identified has been previously investigated through the Product Technical Investigation (PTI) process and therefore does not require any further investigation. See coding table for the PTI reference number associated with these failure modes.

This complaint is not associated with a packaging issue, an incorrect labeling issue, a breach of sterile barrier packaging issue or traced to prior repair activities. Therefore, [DHR] review is not required.

A labeling review was conducted, and no anomalies were found.

Historical complaints for the device malfunctions identified [Received without protector tube, 3rd party repair meniscus, Loose OBJ lens, Fiber breakage, cracked on optical lens and Dent on distal frame] have been previously reported and investigated. This indicates that no unanticipated risks, new failure modes, or additional harms have been identified.

A complaint history review of the last 12 months of complaints [8/6/2025-8/5/2026] was performed for the device malfunctions identified [Received without protector tube, 3rd party repair meniscus, Loose OBJ lens, Fiber breakage, cracked on optical lens and Dent on distal frame] and no trends were identified.

A CAPA History Review was performed for the device malfunctions identified [Received without protector tube, 3rd party repair meniscus, Loose OBJ lens, Fiber breakage, cracked on optical lens and Dent on distal frame] and no related CAPAs were found.  

The complaint was confirmed: the device has ""OPTICAL FIBER S: Confirmed UR blurry image, caused by cracked on optical lens"". The most probable cause of the complaint is [D02 - Cause Traced to Component Failure - Expected or random component failure without any design or manufacturing issue]. 

No further escalation is required.",A090208 | G05006 | C0601 | D02;A0401 | G05009 | C0601 | D02;A23 | G05006 | C17 | D11;A0501 | G04134 | C0601 | D02;A040609 | G04019 | C070601 | D02;A0401 | G05006 | C0706 | D02;A0404 | G05006 | C0601 | D02;A040602 | G04027 | C070601 | D02;A090208 | G05009 | C0601 | D02;A051207 | G05006 | C0601 | D02;,A090208 | G05006;,1,"The investigation will be conducted using the information provided by the customer and the inspection findings from the Repair Center (see attached Inspection Results Report).
As part of the evaluation, the device underwent a visual inspection and functional testing to determine its condition.

The following failures were identified:
-OUTER TUBE: Bent on outer tube, Received without protector tube. RGSC_Material Issues_PTI2
-OBJECT.WINDOW: 3rd party repair meniscus, Loose OBJ lens, Fiber breakage, Dent on distal frame. RGSC_Material Issues_PTI2
-OPTICAL FIBER S: Confirmed UR blurry image, caused by cracked on optical lens. RGSC_Optical Image Issues_PTI1

Based on the product analysis, the complaint is confirmed since the device has evidence of [OPTICAL FIBER S: Confirmed UR blurry image, caused by cracked on optical lens], which is consistent with the reported event.",Sareli Flores,San Jose,"A Labeling Review was conducted using the product label [OES_Elite_Telescope_InstructionManual]. The reported risk/ harm is included in the IFU, and there is no indication that the IFU needs to be revised.
Was the device used in accordance with the IFU/label? 
No, in the IFU it is stated in [Repair, shipment and disposal] on [page 37]: ?[Repair There is repair service for the following products only: WA2T400A, WA2T412A, WA2T430A, WA2T470A, WA2T43WA Repairs may only be performed by qualified servicing personnel that has been authorized by Olympus. Contact an Olympus representative or an authorized service center for repair and warranty information.","This complaint is not associated with a packaging issue, an incorrect labeling issue, a breach of sterile barrier packaging issue or traced to prior repair activities. Therefore, DHR review is not required.","Historical complaints for the device malfunctions identified [Received without protector tube, 3rd party repair meniscus, Loose OBJ lens, Fiber breakage, cracked on optical lens and Dent on distal frame] have been previously reported and investigated. This indicates that no unanticipated risks, new failure modes, or additional harms have been identified. One or more failure mode(s) identified has been previously investigated through the Product Technical Investigation (PTI) process and therefore does not require any further investigation.  See coding table for the PTI reference number associated with these failure modes.","A complaint history review of the last 12 months of complaints [8/6/2025-8/5/2026] was performed for the device malfunctions identified [Received without protector tube, 3rd party repair meniscus, Loose OBJ lens, Fiber breakage, cracked on optical lens and Dent on distal frame] and no trends were identified.

A CAPA History Review was performed for the device malfunctions identified [Received without protector tube, 3rd party repair meniscus, Loose OBJ lens, Fiber breakage, cracked on optical lens and Dent on distal frame] and no related CAPAs were found. One or more failure mode(s) identified has been previously investigated through the Product Technical Investigation (PTI) process and therefore does not require any further investigation.  See coding table for the PTI reference number associated with these failure modes.","The investigation did not identify any nonconformances or issues related to this complaint that require further action; therefore, no escalation is necessary. One or more failure mode(s) identified has been previously investigated through the Product Technical Investigation (PTI) process and therefore does not require any further investigation.  See coding table for the PTI reference number associated with these failure modes.","The complaint was reported because [It has a blurry lens. I can see the lens, and it is glitching in there, so I think it's broken]. 
The product was returned and inspected. The product analysis confirmed that
-OUTER TUBE: Bent on outer tube, Received without protector tube. RGSC_Material Issues_PTI2
-OBJECT.WINDOW: 3rd party repair meniscus, Loose OBJ lens, Fiber breakage, Dent on distal frame. RGSC_Material Issues_PTI2
-OPTICAL FIBER S: Confirmed UR blurry image, caused by cracked on optical lens. RGSC_Optical Image Issues_PTI1

One or more failure mode(s) identified has been previously investigated through the Product Technical Investigation (PTI) process and therefore does not require any further investigation. See coding table for the PTI reference number associated with these failure modes.

This complaint is not associated with a packaging issue, an incorrect labeling issue, a breach of sterile barrier packaging issue or traced to prior repair activities. Therefore, [DHR] review is not required.

A labeling review was conducted, and no anomalies were found.

Historical complaints for the device malfunctions identified [Received without protector tube, 3rd party repair meniscus, Loose OBJ lens, Fiber breakage, cracked on optical lens and Dent on distal frame] have been previously reported and investigated. This indicates that no unanticipated risks, new failure modes, or additional harms have been identified.

A complaint history review of the last 12 months of complaints [8/6/2025-8/5/2026] was performed for the device malfunctions identified [Received without protector tube, 3rd party repair meniscus, Loose OBJ lens, Fiber breakage, cracked on optical lens and Dent on distal frame] and no trends were identified.

A CAPA History Review was performed for the device malfunctions identified [Received without protector tube, 3rd party repair meniscus, Loose OBJ lens, Fiber breakage, cracked on optical lens and Dent on distal frame] and no related CAPAs were found.  

The complaint was confirmed: the device has ""OPTICAL FIBER S: Confirmed UR blurry image, caused by cracked on optical lens"". The most probable cause of the complaint is [D02 - Cause Traced to Component Failure - Expected or random component failure without any design or manufacturing issue]. 

No further escalation is required.",,INV-946469,"E2403 - No Clinical Signs, Symptoms or Conditions;F27 - Problem identified during non-clinical procedure.;",;B01 - Testing of Actual/Suspected Device;B11 - Historical Data Analysis;,A090208 - Poor Quality Image;G05006 - Lenses;A0401 - Break;G05009 - Optical Fiber;A23 - Use of Device Problem;A0501 - Detachment of Device or Device Component;G04134 - Tube;A040609 - Material Twisted/Bent;G04019 - Cannula;A0404 - Crack;A040602 - Dent in Material;G04027 - Chassis/Frame;A051207 - Unstable;,"A090208 - Poor Quality Image;G05006 - Lenses;C0601 - Degradation Problem Identified;D02 - Cause Traced to Component Failure;A0401 - Break;G05009 - Optical Fiber;A23 - Use of Device Problem;C17 - Maintenance Problem Identified;D11 - Cause Traced to User;A0501 - Detachment of Device or Device Component;G04134 - Tube;A040609 - Material Twisted/Bent;G04019 - Cannula;C070601 - Deformation/Distortion Problem;C0706 - Stress Problem Identified;A0404 - Crack;A040602 - Dent in Material;G04027 - Chassis/Frame;A051207 - Unstable;E2403 - No Clinical Signs, Symptoms or Conditions;F27 - Problem identified during non-clinical procedure.;B01 - Testing of Actual/Suspected Device;B11 - Historical Data Analysis;"
CN-987509,,Pathway 2,1,Video Processor: CV-190 |  N3643240 (EVIS EXERA III VIDEO SYSTEM CENTER),KarthikRajan D,,No,No,,0,0,,,Health Professional; User Facility,,7/23/2026,,7/24/2026,,,1,English,United States,OCA-SAP-SFDC,OCA-SAP-SFDC,OCA-SAP-SFDC Ref 20260724-3351248,20260724-3351248,CV-190,N3643240,Americas,,Not Reportable,"24 JUL 2026 12:23 Zack Fleming (TAC Mgmt): Received an email in the integrationsupport@olympus.com mailbox from Owen Cannon.
No patient impact or procedural information included in the email.  Email attached to case. See email for additional helpful details.
CV-190 Evis Exera III in Hendricks, Minnesota. Serial # 7634705. It seems to be intermittently dropping from the network. IT is in the process of determining whether it?s a network problem. They did suggest it?s possibly an issue with the NIC card on the device as well. What would be the options for having someone come out to take a look at it?

24 JUL 2026 17:16 Jason Hunsicker (TAC Software): 
I called customer Alex Kannenberg (605-322-6501), IT is looking into possible network issue. Informed him that CV-190 not serviced in the field and device would need to be sent in for repairs. I am sending an email with repair phone number for his reference. I will follow-up Monday.

11 AUG 2026 Kevin Petridis (TAC Software): 
I have taken ownership of this case from the escalated queue and have contacted the customer via email to request their availability.

Customer replied "" Given that your email contains the device?s serial number and model, do I need to provide them again? It?s the same device, I just need to know what options there are for network & EMR connectivity tests, if any. Or if there?s a demo mode or other way to provide dummy data for EMR connectivity testing. I?m available from 11:45-12:45 today, central time, but after that I have to go on site for a bit, and don?t know how long I?ll be out for.""  

I setup a meeting for 12:15pm CST today.

11 AUG 2026 Kevin Petridis (TAC Software): 
Joined the Teams meeting with Alex, who advised that the issue is intermittent.

During troubleshooting, I explained the available options:

Send the CV-190 in for repair to address a potential issue with the network connector.
Run a Communication Test on the CV-190 to verify packet transmission across the network.
Have a PACS administrator create a test patient, perform several test image captures on the CV-190, and send them to the PACS system so that the IT team can analyze the network traffic and verify whether any packets are being dropped.

These steps will help determine whether the issue is being caused by intermittent network connectivity.

I also emailed the customer instructions on how to run a Communication Test and attached the following Quick Reference Guides:

Backup and Restoration of CV-190 Settings
Formatting the USB Drive

The reporter was provided with the case number and advised to contact TAC directly if additional assistance is required. All necessary instructions and recommendations have been provided to assist with further troubleshooting.

At this time, the case will be closed. However, it may be reopened if additional support is needed.","24 JUL 2026 12:23 Zack Fleming (TAC Mgmt): Received an email in the integrationsupport@olympus.com mailbox from Owen Cannon.
No patient impact or procedural information included in the email.  Email attached to case. See email for additional helpful details.
CV-190 Evis Exera III in Hendricks, Minnesota. Serial # 7634705. It seems to be intermittently dropping from the network. IT is in the process of determining whether it?s a network problem. They did suggest it?s possibly an issue with the NIC card on the device as well. What would be the options for having someone come out to take a look at it?

24 JUL 2026 17:16 Jason Hunsicker (TAC Software): 
I called customer Alex Kannenberg (605-322-6501), IT is looking into possible network issue. Informed him that CV-190 not serviced in the field and device would need to be sent in for repairs. I am sending an email with repair phone number for his reference. I will follow-up Monday.

11 AUG 2026 Kevin Petridis (TAC Software): 
I have taken ownership of this case from the escalated queue and have contacted the customer via email to request their availability.

Customer replied "" Given that your email contains the device?s serial number and model, do I need to provide them again? It?s the same device, I just need to know what options there are for network & EMR connectivity tests, if any. Or if there?s a demo mode or other way to provide dummy data for EMR connectivity testing. I?m available from 11:45-12:45 today, central time, but after that I have to go on site for a bit, and don?t know how long I?ll be out for.""  

I setup a meeting for 12:15pm CST today.

11 AUG 2026 Kevin Petridis (TAC Software): 
Joined the Teams meeting with Alex, who advised that the issue is intermittent.

During troubleshooting, I explained the available options:

Send the CV-190 in for repair to address a potential issue with the network connector.
Run a Communication Test on the CV-190 to verify packet transmission across the network.
Have a PACS administrator create a test patient, perform several test image captures on the CV-190, and send them to the PACS system so that the IT team can analyze the network traffic and verify whether any packets are being dropped.

These steps will help determine whether the issue is being caused by intermittent network connectivity.

I also emailed the customer instructions on how to run a Communication Test and attached the following Quick Reference Guides:

Backup and Restoration of CV-190 Settings
Formatting the USB Drive

The reporter was provided with the case number and advised to contact TAC directly if additional assistance is required. All necessary instructions and recommendations have been provided to assist with further troubleshooting.

At this time, the case will be closed. However, it may be reopened if additional support is needed.","24 JUL 2026 12:23 Zack Fleming (TAC Mgmt): Created Case and sent to ESCCOMP for Software Team follow-up. Please ensure that Impact Questions are answered if necessary and that Occupation is filled in.
11 AUG 2026 10:59 Zack Fleming (TAC Mgmt): Placing Case in ESCCOMP for follow-up with customer, as Jason is out all week. Also attached customer emailt to case.

11 AUG 2026 Kevin Petridis (TAC Software): 
FSR check box required to Complete case. No FSR or WO created for this Complaint Inquiry.
CV-190 tech manual LM Documentation was referenced in the course of this troubleshooting., Software Version: null, Patch Number: null, Operating System: null, Firmware Version: null",Alex,kannenberg,,605-3225-6501,,alexander.kannenberg@avera.org,Y,Biomedical Engineer,503 E LINCOLN ST,,HENDRICKS,,56136,9598,,MN,United States,,No,USA,HENDRICKS HOSPITAL,503 E LINCOLN ST HENDRICKS Minnesota 56136-9598 United States,Alex,,605-3225-6501,alexander.kannenberg@avera.org,kannenberg,,,Biomedical Engineer,Y,Health Professional,,,No Information,No Information,No Information,No Information Available,No Information,No Information,"<a href=""/a0o68000003YxNk"" target=""_blank"">CV-190</a>",N3643240,Video Processor,CV-190,CV-190,JPN,CVCL006,"3-1 Okamiyama, Odakura,  Nishigo-Mura,, Nishishirakawa-Gun, Fukushima, <a href=""/"" target=""_blank""> </a>",4.95317E+12,,,"<a href=""/a4668000000AidZ"" target=""_blank"">SHIRAKAWA OLYMPUS CO., LTD.</a>",Shirakawa,Olympus Medical Systems Corp.,,,,,,,7634705,,0,7634705,0,Unknown,1,No,No,No,Re-Use,CV and CLV,No,,No,,,,,No Information,No Information,No Information,No Information,0,,INQ-1128615,,,,,,"The product was not returned to Olympus for evaluation; however, Technical Assistance Center (TAC) personnel provided remote troubleshooting. The customer reported that the CV-190 Evis Exera III processor was intermittently dropping from the network. The customer's IT department was investigating whether the issue was related to the facility network and indicated that a potential issue with the device's NIC card could not be ruled out. TAC contacted the customer and advised that the CV-190 is not serviced in the field and would need to be sent to Olympus for evaluation and repair if required. Repair contact information was provided to the customer.
Troubleshooting was not able to confirm the cause of or resolve the reported allegation.
The investigation will be performed based on the available information.

This complaint is not associated with a packaging issue, an incorrect labeling issue, a breach of sterile barrier packaging issue or traced to prior repair activities. Therefore, [DHR] review is not required.

No indication of potential user error or complaint against the IFU/label has been received. Therefore, labeling review for this complaint is not required.

Historical complaints for [It seems to be intermittently dropping from the network] have been previously reported and investigated. This indicates that no unanticipated risks, new failure modes, or additional harms have been identified.

A complaint history review of the last 12 months of complaints [31 July 2025 - 30 July 2026] was performed for [It seems to be intermittently dropping from the network] and no trends were identified.

A CAPA History Review was performed for [It seems to be intermittently dropping from the network] and no related CAPAs were found.

The complaint was confirmed; the device has It seems to be intermittently dropping from the network. The most probable cause of the complaint is D18 - Cause Traced to Software Coding. Problems traced to an error, flaw or fault in a computer program or system that causes it to produce an incorrect or unexpected result, or to behave in unintended ways.
No further escalation is required.",A11 | G0200703 | C040103 | D18;,A11 | G0200703;,1,"The product was not returned to Olympus for evaluation; however, Technical Assistance Center (TAC) personnel provided remote troubleshooting. The customer reported that the CV-190 Evis Exera III processor was intermittently dropping from the network. The customer's IT department was investigating whether the issue was related to the facility network and indicated that a potential issue with the device's NIC card could not be ruled out. TAC contacted the customer and advised that the CV-190 is not serviced in the field and would need to be sent to Olympus for evaluation and repair if required. Repair contact information was provided to the customer.
Troubleshooting was not able to confirm the cause of or resolve the reported allegation.
The investigation will be performed based on the available information.",Maria Herrera,San Jose,"No indication of potential user error or complaint against the IFU/label has been received. Therefore, labeling review for this complaint is not required.","This complaint is not associated with a packaging issue, an incorrect labeling issue, a breach of sterile barrier packaging issue or traced to prior repair activities. Therefore, [DHR] review is not required.","Historical complaints for [It seems to be intermittently dropping from the network] have been previously reported and investigated. This indicates that no unanticipated risks, new failure modes, or additional harms have been identified.","A complaint history review of the last 12 months of complaints [31 July 2025 - 30 July 2026] was performed for [It seems to be intermittently dropping from the network] and no trends were identified.

A CAPA History Review was performed for [It seems to be intermittently dropping from the network] and no related CAPAs were found.","The investigation did not identify any nonconformances or issues related to this complaint that require further action; therefore, no escalation is necessary.","The product was not returned to Olympus for evaluation; however, Technical Assistance Center (TAC) personnel provided remote troubleshooting. The customer reported that the CV-190 Evis Exera III processor was intermittently dropping from the network. The customer's IT department was investigating whether the issue was related to the facility network and indicated that a potential issue with the device's NIC card could not be ruled out. TAC contacted the customer and advised that the CV-190 is not serviced in the field and would need to be sent to Olympus for evaluation and repair if required. Repair contact information was provided to the customer.
Troubleshooting was not able to confirm the cause of or resolve the reported allegation.
The investigation will be performed based on the available information.

This complaint is not associated with a packaging issue, an incorrect labeling issue, a breach of sterile barrier packaging issue or traced to prior repair activities. Therefore, [DHR] review is not required.

No indication of potential user error or complaint against the IFU/label has been received. Therefore, labeling review for this complaint is not required.

Historical complaints for [It seems to be intermittently dropping from the network] have been previously reported and investigated. This indicates that no unanticipated risks, new failure modes, or additional harms have been identified.

A complaint history review of the last 12 months of complaints [31 July 2025 - 30 July 2026] was performed for [It seems to be intermittently dropping from the network] and no trends were identified.

A CAPA History Review was performed for [It seems to be intermittently dropping from the network] and no related CAPAs were found.

The complaint was confirmed; the device has It seems to be intermittently dropping from the network. The most probable cause of the complaint is D18 - Cause Traced to Software Coding. Problems traced to an error, flaw or fault in a computer program or system that causes it to produce an incorrect or unexpected result, or to behave in unintended ways.
No further escalation is required.",,INV-946472,"E2403 - No Clinical Signs, Symptoms or Conditions;F26 - No Health Consequences or Impact;",;D18 - Cause Traced to Software Coding;B11 - Historical Data Analysis;B15 - Analysis of Information Provided by User/Third Party;B17 - Device Not Returned;,A11 - Computer Software Problem;G0200703 - Network Interface;,"A11 - Computer Software Problem;G0200703 - Network Interface;C040103 - Network Communication Problem;D18 - Cause Traced to Software Coding;E2403 - No Clinical Signs, Symptoms or Conditions;F26 - No Health Consequences or Impact;B11 - Historical Data Analysis;B15 - Analysis of Information Provided by User/Third Party;B17 - Device Not Returned;"
CN-987542,,Pathway 2,1,CDS: OER-Pro |  N3058140 (ENDOSCOPE REPROCESSOR),Suresh T,,No,No,,0,0,,,Health Professional; User Facility,,7/24/2026,,7/24/2026,,7/24/2026,0,English,United States,OCA-SAP-SFDC,OCA-SAP-SFDC,OCA-SAP-SFDC Ref 20260724-3351327,20260724-3351327,OER-PRO,N3058140,Americas,,Not Reportable,"24 JUL 2026 ? James O'Neill (TAC) ? 
GE Biomed Drew Droste called and reported  an E005 Error   on OER-PRO | 2834071.
Explained that we could troubleshoot the issue to see if we could resolve it, Drew stated he was not on site. I asked if there were any Technicians on site that we could work with  and he stated  NO,    He was requesting dispatch
No troubleshooting performed
Entitlement Confirmed- Full Service - Coverage ends  12/31/2027

29 July 2026 David Bless(FSE) Arrived on site.  I verified the error.  I replaced the Tub level sensor and the sensor covers.  I tested the equipment for function and found no problems. Equipment passed the electrical safety test and results were attached to this service request. Equipment serviced and verified according to the OER-PRO technical guide. No further action is needed.","24 JUL 2026 ? James O'Neill (TAC) ? 
GE Biomed Drew Droste called and reported  an E005 Error   on OER-PRO | 2834071.
Explained that we could troubleshoot the issue to see if we could resolve it, Drew stated he was not on site. I asked if there were any Technicians on site that we could work with  and he stated  NO,    He was requesting dispatch
No troubleshooting performed
Entitlement Confirmed- Full Service - Coverage ends  12/31/2027

29 July 2026 David Bless(FSE) Arrived on site.  I verified the error.  I replaced the Tub level sensor and the sensor covers.  I tested the equipment for function and found no problems. Equipment passed the electrical safety test and results were attached to this service request. Equipment serviced and verified according to the OER-PRO technical guide. No further action is needed.","24 JUL 2026 ? James O'Neill (TAC) ? 
Ship To address verified as actual location of Equipment
Email and Phone Verified for Service Contact Drew Droste
Since Drew was not on site  No Cycle count was Provided

24 JUL 2026 - Magdelyn Guerrero (FS) Dispatched FSE Robert Bless

28 JUL 2026 Sarah Barettino (TAC)
Drew, biomed, callinf in to follow up on case. Provided FSE email address for customer to contact directly.

29 JUL 2026 ? Jesus Deleon (TAC) ? Drew, biomed called asking for an update on this case, I emailed the FSE and copied the customer.

29 July 2026 David Bless(FSE) Sent back all unused parts.  Cancelled 1 part order

12 AUG 2026 Lauren Sumereau (SQ): Reopening Case due to Sprint Program auditing activity corrections, Software Version: 3.06, Updated Patch Number: N/A, Updated Operating System: N/A, Firmware Version: null",Drew,Droste,,3868649170,,drew.droste@gehealthcare.com,Y,Biomedical Engineer,301 MEMORIAL MEDICAL PKWY,,DAYTONA BEACH,,32117,5167,,FL,United States,,No,USA,MEMORIAL HEALTH SYSTEMS INC,301 MEMORIAL MEDICAL PKWY DAYTONA BEACH Florida 32117-5167 United States,Drew,,3868649170,drew.droste@gehealthcare.com,Droste,,,Biomedical Engineer,Y,Health Professional,,,NA,NA,NA,None,,Reprocessing,"<a href=""/a0o68000003YzcG"" target=""_blank"">OER-Pro</a>",N3058140,CDS,OER-Pro,OER-Pro,JPN,RPSR011,"3-1-1 Niiderakita, AIZUWAKAMATSU-SHI, Fukushima, <a href=""/"" target=""_blank""> </a>",4.95317E+12,,,"<a href=""/a4668000000AidX"" target=""_blank"">AIZU OLYMPUS CO., LTD.</a>",Aizu,Olympus Medical Systems Corp.,,,,,,,2834071,,0,2834071,0,Unknown,1,No,No,No,Re-Use,Reprocessor,Yes,,No,,,,,No,NA,No,No,0,,INQ-1128670,,,,,,"The product was not returned to Olympus for inspection; however, a field service engineer (FSE) was dispatched to Customer called and GE Biomed Drew Droste called and reported an E005 Error on OER-PRO | 2834071.Explained that we could troubleshoot the issue to see if we could resolve it, Drew stated he was not on site. I asked if there were any Technicians on site that we could work with and he stated NO, He was requesting dispatch No troubleshooting perform David Bless(FSE) Arrived on site. I verified the error. I replaced the Tub level sensor and the sensor covers. I tested the equipment for function and found no problems. Equipment passed the electrical safety test and results were attached to this service request. Equipment serviced and verified according to the OER-PRO technical guide. No further action is needed.

- reported an E005 Error
- replaced the Tub level sensor
- replaced  the sensor covers

The investigation will be performed based on the available information.

A DHR review is not required.

A labeling review for this complaint is not required.

A risk review was performed, and no unanticipated failures or harms were identified, describe findings, or rationale for no review

A historical review of the last 12 months of complaints was performed and no trends were identified.

A CAPA History Review was performed and no related CAPAs were found.

The complaint was confirmed. FSE  replaced the Tub level sensor and the sensor covers. The most probable cause of the complaint is D02 - Cause Traced to Component Failure, Expected or random component failure without any design or manufacturing issue.

No further escalation is required.",A14 | G04110 | C0601 | D02;A0405 | G03012 | C0601 | D02;A0405 | G04037 | C0601 | D02;,A14 |;,1,"The product was not returned to Olympus for inspection; however, a field service engineer (FSE) was dispatched to Customer called and GE Biomed Drew Droste called and reported an E005 Error on OER-PRO | 2834071.Explained that we could troubleshoot the issue to see if we could resolve it, Drew stated he was not on site. I asked if there were any Technicians on site that we could work with and he stated NO, He was requesting dispatch No troubleshooting perform David Bless(FSE) Arrived on site. I verified the error. I replaced the Tub level sensor and the sensor covers. I tested the equipment for function and found no problems. Equipment passed the electrical safety test and results were attached to this service request. Equipment serviced and verified according to the OER-PRO technical guide. No further action is needed.

- reported an E005 Error
- replaced the Tub level sensor
- replaced  the sensor covers

The Complaint was confirmed

The investigation will be performed based on the available information.",Suresh T,San Jose,"No indication of potential user error or complaint against the IFU/label has been received. Therefore, labeling review for this complaint is not required.","This complaint is not associated with a packaging issue, an incorrect labeling issue, a breach of sterile barrier packaging issue or traced to prior repair activities. Therefore, [DHR] review is not required.","A risk review was performed for the
- reported an E005 Error
- replaced the Tub level sensor
- replaced  the sensor covers
Based on historical complaint data from 07/31/2025 - 07/30/2026, no unanticipated risks, new failure modes, or new harms were identified.","A complaint history review of the last 12 months of complaints 07/31/2025 - 07/30/2026 was performed for
- reported an E005 Error
- replaced the Tub level sensor
- replaced  the sensor covers and no trends were identified.

A CAPA History Review was performed for
- reported an E005 Error
- replaced the Tub level sensor
- replaced  the sensor covers and no related CAPAs were found.","The investigation did not identify any nonconformances or issues related to this complaint that require further action; therefore, no escalation is necessary.","The product was not returned to Olympus for inspection; however, a field service engineer (FSE) was dispatched to Customer called and GE Biomed Drew Droste called and reported an E005 Error on OER-PRO | 2834071.Explained that we could troubleshoot the issue to see if we could resolve it, Drew stated he was not on site. I asked if there were any Technicians on site that we could work with and he stated NO, He was requesting dispatch No troubleshooting perform David Bless(FSE) Arrived on site. I verified the error. I replaced the Tub level sensor and the sensor covers. I tested the equipment for function and found no problems. Equipment passed the electrical safety test and results were attached to this service request. Equipment serviced and verified according to the OER-PRO technical guide. No further action is needed.

- reported an E005 Error
- replaced the Tub level sensor
- replaced  the sensor covers

The investigation will be performed based on the available information.

A DHR review is not required.

A labeling review for this complaint is not required.

A risk review was performed, and no unanticipated failures or harms were identified, describe findings, or rationale for no review

A historical review of the last 12 months of complaints was performed and no trends were identified.

A CAPA History Review was performed and no related CAPAs were found.

The complaint was confirmed. FSE  replaced the Tub level sensor and the sensor covers. The most probable cause of the complaint is D02 - Cause Traced to Component Failure, Expected or random component failure without any design or manufacturing issue.

No further escalation is required.",,INV-948679,"E2403 - No Clinical Signs, Symptoms or Conditions;F27 - Problem identified during non-clinical procedure.;",;D02 - Cause Traced to Component Failure;B01 - Testing of Actual/Suspected Device;B11 - Historical Data Analysis;B17 - Device Not Returned;,A14 - Infusion or Flow Problem;G04110 - Reservoir;A0405 - Degraded;G03012 - Sensor;G04037 - Cover;,"A14 - Infusion or Flow Problem;G04110 - Reservoir;C0601 - Degradation Problem Identified;D02 - Cause Traced to Component Failure;A0405 - Degraded;G03012 - Sensor;G04037 - Cover;E2403 - No Clinical Signs, Symptoms or Conditions;F27 - Problem identified during non-clinical procedure.;B01 - Testing of Actual/Suspected Device;B11 - Historical Data Analysis;B17 - Device Not Returned;"
CN-987663,,Pathway 2,1,CDS: OER-Pro |  N3058140 (ENDOSCOPE REPROCESSOR),Suresh T,,No,No,,0,0,,,Health Professional; User Facility,,7/23/2026,,7/23/2026,,7/23/2026,0,English,United States,OCA-SAP-SFDC,OCA-SAP-SFDC,OCA-SAP-SFDC Ref 20260723-3349683,20260723-3349683,OER-PRO,N3058140,Americas,,Not Reportable,"23JUL2026 - Miguel Lugo - TAC: Manolo Benitez called TAC to report that the OER-PRO SN: 2633230 got error  E16 - It takes too long to fill disinfectant tub. Manolo was not near the device at time of call to troubleshoot the error. I asked if he can get there or provide the number for contact to continue with troubleshooting, and he provided contact details for SDP Tech Valeria Jimenez. 
- Called Valeria and it went into her voicemail, asked her to call back and provided case number.

24 JUl 2026- Tam Do <FSE> FSE arrived onsite and performed the repair. Using the OER Pro maintenance tool, FSE tested the disinfectant pump and confirmed that the disinfectant flow was slow. Insufficient disinfectant flow into the basin can cause an E16 error.

FSE found a piece of yellow rubber lodged inside the **disinfectant candy cane dispenser**, restricting the disinfectant flow. The source of the rubber is unknown; however, it may have been accidentally placed in the basin and pulled into the dispenser. FSE removed the obstruction and confirmed that the disinfectant was flowing properly.

During the repair, FSE also identified a leak from the OER Pro drain hose. The drain hose is considered an accessory and is not covered under the service contract. FSE informed the customer and immediately provided a quote for the replacement hose. Since a replacement hose was available in FSE trunk stock, FSE replaced it during the same visit.

FSE ran the OER Pro through several cycles and confirmed that the unit was operating properly with no further E16 errors or leaks.

Repair was performed in accordance with the OER Pro Technical Guide. The equipment passed the electrical safety test, with the results attached.","23JUL2026 - Miguel Lugo - TAC: Manolo Benitez called TAC to report that the OER-PRO SN: 2633230 got error  E16 - It takes too long to fill disinfectant tub. Manolo was not near the device at time of call to troubleshoot the error. I asked if he can get there or provide the number for contact to continue with troubleshooting, and he provided contact details for SDP Tech Valeria Jimenez. 
- Called Valeria and it went into her voicemail, asked her to call back and provided case number.

24 JUl 2026- Tam Do <FSE> FSE arrived onsite and performed the repair. Using the OER Pro maintenance tool, FSE tested the disinfectant pump and confirmed that the disinfectant flow was slow. Insufficient disinfectant flow into the basin can cause an E16 error.

FSE found a piece of yellow rubber lodged inside the **disinfectant candy cane dispenser**, restricting the disinfectant flow. The source of the rubber is unknown; however, it may have been accidentally placed in the basin and pulled into the dispenser. FSE removed the obstruction and confirmed that the disinfectant was flowing properly.

During the repair, FSE also identified a leak from the OER Pro drain hose. The drain hose is considered an accessory and is not covered under the service contract. FSE informed the customer and immediately provided a quote for the replacement hose. Since a replacement hose was available in FSE trunk stock, FSE replaced it during the same visit.

FSE ran the OER Pro through several cycles and confirmed that the unit was operating properly with no further E16 errors or leaks.

Repair was performed in accordance with the OER Pro Technical Guide. The equipment passed the electrical safety test, with the results attached.","23JUL2026 - Miguel Lugo - TAC: Contact details for SPD tech provided by Manolo:  
Valery Jimenez 
Tel: 909-985-2811 ext. 24886

24 JUL 2026- Tam Do <FSE> FSE replace hose with customer promise to provide PO.
28 JUL 2026- Tam Do <FSE> Customer provided PO for hose part replacement., Software Version: 3.06, Patch Number: N/A, Operating System: N/A, Firmware Version: null",Manolo,Benitez,,+1(909)985-2811,,hserrano@srh.org,Y,Biomedical Engineer,999 SAN BERNARDINO RD,,UPLAND,,91786,4992,,CA,United States,,No,USA,SAN ANTONIO COMM HOSPITAL,999 SAN BERNARDINO RD UPLAND California 91786-4992 United States,Valerie,,+1(908) 920-4705,vjimenez@sarh.org,Jimenez,,,Administrator/Supervisor,Y,Health Professional,,,No Information,No Information,No Information,No Information Available,No Information,Asked but unknown,"<a href=""/a0o68000003YzcG"" target=""_blank"">OER-Pro</a>",N3058140,CDS,OER-Pro,OER-Pro,JPN,RPSR011,"3-1-1 Niiderakita, AIZUWAKAMATSU-SHI, Fukushima, <a href=""/"" target=""_blank""> </a>",4.95317E+12,,,"<a href=""/a4668000000AidX"" target=""_blank"">AIZU OLYMPUS CO., LTD.</a>",Aizu,Olympus Medical Systems Corp.,,,,,,,2633230,,0,2633230,0,Unknown,1,No,No,No,Re-Use,Reprocessor,Yes,,No,,,,,No,No Information,No,No,0,,INQ-1126886,,,,,,"The product was not returned to Olympus for inspection; however, a field service engineer (FSE) was dispatched to Customer called and The customer reported an E16 error (disinfectant tub filling too slowly). During onsite troubleshooting, the FSE confirmed slow disinfectant flow and found a piece of yellow rubber lodged in the disinfectant candy cane dispenser, restricting the flow of disinfectant into the basin. The obstruction was removed, restoring normal flow. The FSE then ran multiple test cycles and verified that the OER-PRO operated correctly with no further E16 errors. During the visit, a separate issue involving a leaking drain hose was also identified and corrected. The unit passed all functional and electrical safety tests, and the issue was resolved.

- got error E16 - It takes too long to fill disinfectant tub
-leak from the OER Pro drain hose

The investigation will be performed based on the available information.

A DHR review is not required.

A labeling review for this complaint is not required.

A risk review was performed, and no unanticipated failures or harms were identified, describe findings, or rationale for no review

A historical review of the last 12 months of complaints was performed and no trends were identified.

A CAPA History Review was performed and no related CAPAs were found.

The complaint was confirmed. FSE replaced drain hose.  The most probable cause of the complaint is D02 - Cause Traced to Component Failure, Expected or random component failure without any design or manufacturing issue.

No further escalation is required.",A1409 | G04110 | C0601 | D02;A050402 | G04069 | C0601 | D02;,A1409 |;,1,"The product was not returned to Olympus for inspection; however, a field service engineer (FSE) was dispatched to Customer called and The customer reported an E16 error (disinfectant tub filling too slowly). During onsite troubleshooting, the FSE confirmed slow disinfectant flow and found a piece of yellow rubber lodged in the disinfectant candy cane dispenser, restricting the flow of disinfectant into the basin. The obstruction was removed, restoring normal flow. The FSE then ran multiple test cycles and verified that the OER-PRO operated correctly with no further E16 errors. During the visit, a separate issue involving a leaking drain hose was also identified and corrected. The unit passed all functional and electrical safety tests, and the issue was resolved.

- got error E16 - It takes too long to fill disinfectant tub
-leak from the OER Pro drain hose

The Complaint was confirmed

The investigation will be performed based on the available information.",Franciny Miranda,San Jose,"No indication of potential user error or complaint against the IFU/label has been received. Therefore, labeling review for this complaint is not required.","This complaint is not associated with a packaging issue, an incorrect labeling issue, a breach of sterile barrier packaging issue or traced to prior repair activities. Therefore, [DHR] review is not required.","A risk review was performed for the
- got error E16 - It takes too long to fill disinfectant tub
-leak from the OER Pro drain hose
Based on historical complaint data from 07/31/2025 - 07/30/2026, no unanticipated risks, new failure modes, or new harms were identified.","A complaint history review of the last 12 months of complaints 07/31/2025 - 07/30/2026 was performed for
- got error E16 - It takes too long to fill disinfectant tub
-leak from the OER Pro drain hose

A CAPA History Review was performed for
- got error E16 - It takes too long to fill disinfectant tub
-leak from the OER Pro drain hose and no related CAPAs were found.","The investigation did not identify any nonconformances or issues related to this complaint that require further action; therefore, no escalation is necessary.","The product was not returned to Olympus for inspection; however, a field service engineer (FSE) was dispatched to Customer called and The customer reported an E16 error (disinfectant tub filling too slowly). During onsite troubleshooting, the FSE confirmed slow disinfectant flow and found a piece of yellow rubber lodged in the disinfectant candy cane dispenser, restricting the flow of disinfectant into the basin. The obstruction was removed, restoring normal flow. The FSE then ran multiple test cycles and verified that the OER-PRO operated correctly with no further E16 errors. During the visit, a separate issue involving a leaking drain hose was also identified and corrected. The unit passed all functional and electrical safety tests, and the issue was resolved.

- got error E16 - It takes too long to fill disinfectant tub
-leak from the OER Pro drain hose

The investigation will be performed based on the available information.

A DHR review is not required.

A labeling review for this complaint is not required.

A risk review was performed, and no unanticipated failures or harms were identified, describe findings, or rationale for no review

A historical review of the last 12 months of complaints was performed and no trends were identified.

A CAPA History Review was performed and no related CAPAs were found.

The complaint was confirmed. FSE replaced drain hose.  The most probable cause of the complaint is D02 - Cause Traced to Component Failure, Expected or random component failure without any design or manufacturing issue.

No further escalation is required.",,INV-948470,"E2403 - No Clinical Signs, Symptoms or Conditions;F26 - No Health Consequences or Impact;",;D02 - Cause Traced to Component Failure;B01 - Testing of Actual/Suspected Device;B11 - Historical Data Analysis;B17 - Device Not Returned;,A1409 - Obstruction of Flow;G04110 - Reservoir;A050402 - Gas/Air Leak;G04069 - Hose;,"A1409 - Obstruction of Flow;G04110 - Reservoir;C0601 - Degradation Problem Identified;D02 - Cause Traced to Component Failure;A050402 - Gas/Air Leak;G04069 - Hose;E2403 - No Clinical Signs, Symptoms or Conditions;F26 - No Health Consequences or Impact;B01 - Testing of Actual/Suspected Device;B11 - Historical Data Analysis;B17 - Device Not Returned;"
CN-987714,,Pathway 2,1,CDS: OER-Pro |  N3058140 (ENDOSCOPE REPROCESSOR),ShaikAbdul Wahaab,,No,No,,0,0,,,Health Professional; User Facility,,7/24/2026,,7/24/2026,,7/24/2026,0,English,United States,OCA-SAP-SFDC,OCA-SAP-SFDC,OCA-SAP-SFDC Ref 20260724-3351812,20260724-3351812,OER-PRO,N3058140,Americas,,Not Reportable,"24 JUL 2026 ? Jesus Deleon (TAC) ? Scott called to report that the OER-PRO | 2532389 is displaying an E05
The TCC for unit 15949 said he has tried cleaning the fluid water sensor and has also made sure the cover on the unit is not broken. it seems to be an internal issue with the equipment; please dispatch FSE.

Verified the unit location and the reporter's contact information. If any parts need to be shipped, please add attention to Mark Pantuso

The unit is under a full-service contract.
27 Jul 2026 Troy Jones (FSE) - Replaced the fluid level sensor, Equipment repaired and verified according to OER Pro Technical manual. Software attributes have been verified and confirmed. Equipment passed the electrical safety test, and results were attached to this service request.","24 JUL 2026 ? Jesus Deleon (TAC) ? Scott called to report that the OER-PRO | 2532389 is displaying an E05
The TCC for unit 15949 said he has tried cleaning the fluid water sensor and has also made sure the cover on the unit is not broken. it seems to be an internal issue with the equipment; please dispatch FSE.

Verified the unit location and the reporter's contact information. If any parts need to be shipped, please add attention to Mark Pantuso

The unit is under a full-service contract.
27 Jul 2026 Troy Jones (FSE) - Replaced the fluid level sensor, Equipment repaired and verified according to OER Pro Technical manual. Software attributes have been verified and confirmed. Equipment passed the electrical safety test, and results were attached to this service request.","24 JUL 2026 Carolina Perez (FS): dispatched FSE Troy Jones
27 Jul 2026 Troy Jones (FSE) - Replaced the fluid level sensor, Equipment repaired and verified according to OER Pro Technical manual. Software attributes have been verified and confirmed. Equipment passed the electrical safety test, and results were attached to this service request.

12 Aug 2026 Brad Decker (SQ): Reopening Case due to Sprint Program auditing activity corrections., Software Version: 3.06, Patch Number: N/A, Operating System: N/A, Firmware Version: null",Scott,Pollock,,+1 (575)-444-7526,,scott_pollock@chs.net,Y,Biomedical Engineer,405 W COUNTRY RD,,ROSWELL,,88201,,,NM,United States,,No,USA,ROSWELL HOSPITAL CORPORATION,405 W COUNTRY CLUB RD ROSWELL New Mexico 88201 United States,Mark,,+1 (575) 622 8170,mark_pantuso@chs.net,Pantuso,,,Biomedical Engineer,Y,Health Professional,,,NA,NA,NA,None,NA,Reprocessing,"<a href=""/a0o68000003YzcG"" target=""_blank"">OER-Pro</a>",N3058140,CDS,OER-Pro,OER-Pro,JPN,RPSR011,"3-1-1 Niiderakita, AIZUWAKAMATSU-SHI, Fukushima, <a href=""/"" target=""_blank""> </a>",4.95317E+12,,,"<a href=""/a4668000000AidX"" target=""_blank"">AIZU OLYMPUS CO., LTD.</a>",Aizu,Olympus Medical Systems Corp.,,,,,,,2532389,,0,2532389,0,Unknown,1,No,No,No,Re-Use,Reprocessor,No,,No,,,,,No,NA,No,No,0,,INQ-1129293,,,,,,"The product was not returned to Olympus for inspection; however, a field service engineer (FSE) was dispatched to customer site and displaying an E05 and Replaced the fluid level sensor
The complaint is confirmed
The investigation will be performed based on the available information.

A Device History Review was not completed, and no issues were identified, describe findings, or rationale for no review.

A labeling review was not conducted, and [no anomalies were found, describe findings, or rationale for no review].

A CAPA, complaint and risk review was completed for the reported allegation of displaying an E05 and Replaced the fluid level sensor, where no related CAPAs were found, no related trends were observed and no unanticipated risks, new failures, and new harms were identified.

The complaint was confirmed; the device has displaying an E05 and Replaced the fluid level sensor. The most probable cause of the complaint is D02 - Cause Traced to Component Failure
No further escalation is required.",A140302 | G03012 | C0601 | D02;,A140302 | G03012;,1,"The product was not returned to Olympus for inspection; however, a field service engineer (FSE) was dispatched to customer site and displaying an E05 and Replaced the fluid level sensor
The complaint is confirmed
The investigation will be performed based on the available information.",ShaikAbdul Wahaab,San Jose,"No indication of potential user error or complaint against the IFU/label has been received. Therefore, labeling review for this complaint is not required.","This complaint is not associated with a packaging issue, an incorrect labeling issue, a breach of sterile barrier packaging issue or traced to prior repair activities. Therefore, DHR review is not required.","A risk review was performed for displaying an E05 and Replaced the fluid level sensor, based on historical data of the last 12 months 07/31/2025 - 07/30/2026 and no unanticipated risks, new failures, and/or new harms were identified.","A complaint history review of the last 12 months of complaints 07/31/2025 - 07/30/2026 was performed for displaying an E05 and Replaced the fluid level sensor and no trends were identified.

A CAPA History Review was performed for [displaying an E05 and Replaced the fluid level sensor] and no related CAPAs were found","The investigation did not identify any nonconformances or issues related to this complaint that require further action; therefore, no escalation is necessary","The product was not returned to Olympus for inspection; however, a field service engineer (FSE) was dispatched to customer site and displaying an E05 and Replaced the fluid level sensor
The complaint is confirmed
The investigation will be performed based on the available information.

A Device History Review was not completed, and no issues were identified, describe findings, or rationale for no review.

A labeling review was not conducted, and [no anomalies were found, describe findings, or rationale for no review].

A CAPA, complaint and risk review was completed for the reported allegation of displaying an E05 and Replaced the fluid level sensor, where no related CAPAs were found, no related trends were observed and no unanticipated risks, new failures, and new harms were identified.

The complaint was confirmed; the device has displaying an E05 and Replaced the fluid level sensor. The most probable cause of the complaint is D02 - Cause Traced to Component Failure
No further escalation is required.",,INV-946664,"E2403 - No Clinical Signs, Symptoms or Conditions;F27 - Problem identified during non-clinical procedure.;",;D02 - Cause Traced to Component Failure;B17 - Device Not Returned;B11 - Historical Data Analysis;B01 - Testing of Actual/Suspected Device;,A140302 - Overfill;G03012 - Sensor;,"A140302 - Overfill;G03012 - Sensor;C0601 - Degradation Problem Identified;D02 - Cause Traced to Component Failure;E2403 - No Clinical Signs, Symptoms or Conditions;F27 - Problem identified during non-clinical procedure.;B17 - Device Not Returned;B11 - Historical Data Analysis;B01 - Testing of Actual/Suspected Device;"
CN-987733,,Pathway 2,1,Work Station: K10021611 |  K10021611 (WM-NP2 WORKSTATION SET 4 (US)),Shyam Yallamla,,No,No,,0,0,,,Health Professional; User Facility,,7/24/2026,,7/24/2026,Email,7/24/2026,0,English,United States,OCA-SAP-SFDC,OCA-SAP-SFDC,OCA-SAP-SFDC Ref 20260724-3351845,20260724-3351845,K10021611,K10021611,Americas,,Not Reportable,"24 JUL 2026 ? Gregory Swope (FSE) ?  Lemlem Zikarge ""Biomed"" emailed FSE for a quote for the replacement of Castors on WM-NP2 cart. Quote provided to customer.","24 JUL 2026 ? Gregory Swope (FSE) ?  Lemlem Zikarge ""Biomed"" emailed FSE for a quote for the replacement of Castors on WM-NP2 cart. Quote provided to customer.","Software Version: null, Patch Number: null, Operating System: null, Firmware Version: null",Lemlem,Zikarge,,+1(508)239-9815,,lemlem.zikarge@intelashealth.com,Y,Biomedical Engineer,55 LAKE AVE N,,WORCESTER,,1655,,,MA,United States,,,USA,UMASS MEMORIAL MEDICAL CTR,55 LAKE AVE N WORCESTER Massachusetts 01655 United States,Lemlem,,+1(508)239-9815,lemlem.zikarge@intelashealth.com,Zikarge,,,Biomedical Engineer,Y,Health Professional,,,NA,NA,NA,No Information Available,NA,Service / Maintenance (not in a clinical setting),"<a href=""/a0o68000003Z4xb"" target=""_blank"">K10021611</a>",K10021611,Work Station,K10021611,K10021611,GBR,OKWS002,"KeyMed House, Stock Road, Southend on Sea, Essex, <a href=""/"" target=""_blank""> </a>",1.50198E+13,,,"<a href=""/a4668000000Aidy"" target=""_blank"">KeyMed (Medical and Industrial Equipment) Ltd.</a>",KeyMed (Medical and Industrial Equipment) Ltd.,KEYMED (MEDICAL AND INDUSTRIAL EQUIPMENT) LTD.,,,,,,,21608871,,0,21608871,0,Unknown,1,No,No,No,Re-Use,OKM Workstations,No,,No,,,,,No,NA,No,No,0,,INQ-1129318,,,,,,"The product was not returned to Olympus for inspection; however, a field service engineer (FSE) determined that the customer requested a quotation for replacement of the castors on the WM-NP2 cart. A quotation was provided to the customer.

This complaint is not associated with a packaging issue, an incorrect labeling issue, a breach of sterile barrier packaging issue or traced to prior repair activities. Therefore, DHR review is not required. 
No indication of potential user error or complaint against the IFU/label has been received. Therefore, labeling review for this complaint is not required.
A risk review was performed for Replaced castor A0405 - Degraded based on historical data of the last 12 months 04-August-2025 To 03-August-2026 and no unanticipated risks, new failures, and/or new harms were identified.
A historical review of the last 12 months of complaints was performed and no trends were identified. 
A CAPA History Review was performed and no related CAPAs were found.  
FSE mailed for a quotation for replacement of the castors. The most probable cause of the complaint is D02 - Cause Traced to Component Failure Expected or random component failure without any design or manufacturing issue.
No further escalation is required.",A0405 | G04022 | C0601 | D02;,A0405 | G04022;,1,"The product was not returned to Olympus for inspection; however, a field service engineer (FSE) determined that the customer requested a quotation for replacement of the castors on the WM-NP2 cart. A quotation was provided to the customer.

The investigation will be performed based on the available information.",ShaikAbdul Wahaab,San Jose,"No indication of potential user error or complaint against the IFU/label has been received. Therefore, labeling review for this complaint is not required.","This complaint is not associated with a packaging issue, an incorrect labeling issue, a breach of sterile barrier packaging issue or traced to prior repair activities. Therefore, DHR review is not required.","A risk review was performed for Replaced castor A0405 - Degraded based on historical data of the last 12 months 04-August-2025 To 03-August-2026 and no unanticipated risks, new failures, and/or new harms were identified.","A complaint history review of the last 12 months of complaints 04-August-2025 To 03-August-2026  was performed for Replaced castor A0405 - Degraded and no trends were identified. 

A CAPA History Review was performed for Replaced castor A0405 - Degraded and no related CAPAs were found.","The investigation did not identify any nonconformances or issues related to this complaint that require further action; therefore, no escalation is necessary.","The product was not returned to Olympus for inspection; however, a field service engineer (FSE) determined that the customer requested a quotation for replacement of the castors on the WM-NP2 cart. A quotation was provided to the customer.

This complaint is not associated with a packaging issue, an incorrect labeling issue, a breach of sterile barrier packaging issue or traced to prior repair activities. Therefore, DHR review is not required. 
No indication of potential user error or complaint against the IFU/label has been received. Therefore, labeling review for this complaint is not required.
A risk review was performed for Replaced castor A0405 - Degraded based on historical data of the last 12 months 04-August-2025 To 03-August-2026 and no unanticipated risks, new failures, and/or new harms were identified.
A historical review of the last 12 months of complaints was performed and no trends were identified. 
A CAPA History Review was performed and no related CAPAs were found.  
FSE mailed for a quotation for replacement of the castors. The most probable cause of the complaint is D02 - Cause Traced to Component Failure Expected or random component failure without any design or manufacturing issue.
No further escalation is required.",,INV-946681,"E2403 - No Clinical Signs, Symptoms or Conditions;F27 - Problem identified during non-clinical procedure.;",;D02 - Cause Traced to Component Failure;B17 - Device Not Returned;B11 - Historical Data Analysis;B15 - Analysis of Information Provided by User/Third Party;,A0405 - Degraded;G04022 - Caster;,"A0405 - Degraded;G04022 - Caster;C0601 - Degradation Problem Identified;D02 - Cause Traced to Component Failure;E2403 - No Clinical Signs, Symptoms or Conditions;F27 - Problem identified during non-clinical procedure.;B17 - Device Not Returned;B11 - Historical Data Analysis;B15 - Analysis of Information Provided by User/Third Party;"
CN-987752,,Pathway 2,1,Video Processor: CV-1500 |  N6011240 (EVIS X1 VIDEO SYSTEM CENTER),KarthikRajan D,,No,No,,0,0,,,Health Professional; User Facility,,7/24/2026,,7/24/2026,,7/24/2026,0,English,United States,OCA-SAP-SFDC,OCA-SAP-SFDC,OCA-SAP-SFDC Ref 20260724-3351913,20260724-3351913,CV-1500,N6011240,Americas,,Not Reportable,"24 JUL 2026 Doug Whitaker (TAC):
Tommy Holmes Sales Rep, is requesting assistance with 1 of his OEP-6 installation, no patient involvement, to a CV-1500 processor.
The function is functioning on another tower that he has recently installed but not on this particular any longer.
He is under the impression that it has to do with a settings issues that he mentioned he had adjusted in the security settings referenced in the CV-1500 device connection reference.
He is wanting to be able to print the patient data on the print out. 
He is able to print out the image from the internal buffer with the patient data saved.
Settings for the both devices thru the cabling reference guide were used to complete the installs according to Tommy.
In order for complete troubleshooting I suggested we review the complete set up and offered assistance with TEAM Lead Vincent B. who made recommendation of settings be reviewed.
Upon attempt to inform Tommy of the next step he did not respond to contact.
An attempt was made to call Tommy via phone for further assistance/case data completion was made but no answer.

27 JUL 2026 Doug Whitaker (TAC):
Email attached has been sent to Tommy with case number reference an offer for troubleshooting should be needed.
Awaiting follow up/update from Tommy.

29-JUL-2026-DougWhitaker-TAC-323p-No response/update from Tommy.
No further assistance has been requested of TAC.
Case can be closed.","24 JUL 2026 Doug Whitaker (TAC):
Tommy Holmes Sales Rep, is requesting assistance with 1 of his OEP-6 installation, no patient involvement, to a CV-1500 processor.
The function is functioning on another tower that he has recently installed but not on this particular any longer.
He is under the impression that it has to do with a settings issues that he mentioned he had adjusted in the security settings referenced in the CV-1500 device connection reference.
He is wanting to be able to print the patient data on the print out. 
He is able to print out the image from the internal buffer with the patient data saved.
Settings for the both devices thru the cabling reference guide were used to complete the installs according to Tommy.
In order for complete troubleshooting I suggested we review the complete set up and offered assistance with TEAM Lead Vincent B. who made recommendation of settings be reviewed.
Upon attempt to inform Tommy of the next step he did not respond to contact.
An attempt was made to call Tommy via phone for further assistance/case data completion was made but no answer.

27 JUL 2026 Doug Whitaker (TAC):
Email attached has been sent to Tommy with case number reference an offer for troubleshooting should be needed.
Awaiting follow up/update from Tommy.

29-JUL-2026-DougWhitaker-TAC-323p-No response/update from Tommy.
No further assistance has been requested of TAC.
Case can be closed.","24 JUL 2026 Doug Whitaker (TAC):
Tommy Holmes Sales Rep
Phone: 2055330071
The ""Service Report provided to Customer"" box checked to close the case. No Field Service Report was sent to customer.

28-JUL-2026-DougWhitaker-TAC-805a-No response/update from Tommy

29-JUL-2026-DougWhitaker-TAC-323pa-Closing the case, Software Version: null, Patch Number: null, Operating System: null, Firmware Version: null",THOMAS,JONES,,+1(334)320-0228,(334) 273-4265,tljones5@baptistfirst.org,Y,Biomedical Engineer,470 TAYLOR RD,,MONTGOMERY,,36117,3563,,AL,United States,,No,USA,"MONTGOMERY SURGICAL CENTER, LLC",470 TAYLOR RD MONTGOMERY Alabama 36117-3563 United States,THOMAS,,+1(334)320-0228,tljones5@baptistfirst.org,JONES,,,Biomedical Engineer,Y,Health Professional,,,NA,NA,NA,None,NA,Service / Maintenance (not in a clinical setting),"<a href=""/a0o68000003Z217"" target=""_blank"">CV-1500</a>",N6011240,Video Processor,CV-1500,CV-1500,JPN,CVCL056,"3-1 Okamiyama, Odakura,  Nishigo-Mura,, Nishishirakawa-Gun, Fukushima, <a href=""/"" target=""_blank""> </a>",4.95317E+12,,,"<a href=""/a4668000000AidZ"" target=""_blank"">SHIRAKAWA OLYMPUS CO., LTD.</a>",Shirakawa,Olympus Medical Systems Corp.,,,,,,,7679906,,0,7679906,0,Unknown,1,No,No,No,Re-Use,CV and CLV,No,,No,,,,,No Information,NA,No Information,No Information,0,,INQ-1129339,,,,,,"The product was not returned to Olympus for inspection; however, Technical Assistance Center (TAC) provided remote troubleshooting and reviewed the OEP-6 installation with the CV-1500 processor. The customer reported that the system was able to print images from the internal buffer; however, patient data was not being included on the printouts. The customer indicated that settings within the CV-1500 security configuration may have been modified and could be related to the issue. The installation was reportedly completed using the applicable cabling reference guide. TAC recommended reviewing the complete system setup and configuration settings and offered additional troubleshooting assistance. Attempts to continue troubleshooting by phone were unsuccessful, as the customer did not respond. A follow-up email with the case number and an offer for further assistance was sent.
Troubleshooting was not able to resolve the reported allegation.
The investigation will be performed based on the available information.

This complaint is not associated with a packaging issue, an incorrect labeling issue, a breach of sterile barrier packaging issue or traced to prior repair activities. Therefore, DHR review is not required.

No indication of potential user error or complaint against the IFU/label has been received. Therefore, labeling review for this complaint is not required.

Historical complaints for [OEP-6 installation to a CV-1500 processor] have been previously reported and investigated. This indicates that no unanticipated risks, new failure modes, or additional harms have been identified.

A complaint history review of the last 12 months of complaints [31 July 2025 - 30 July 2026] was performed for [OEP-6 installation to a CV-1500 processor] and no trends were identified.

A CAPA History Review was performed for [OEP-6 installation to a CV-1500 processor] and no related CAPAs were found.

The complaint was confirmed; the device has OEP-6 installation to a CV-1500 processor. The most probable cause of the complaint is D02 - Cause Traced to Component Failure. Expected or random component failure without any design or manufacturing issue.
No further escalation is required.",A09 | G02029 | C1001 | D02;,A09 | G02029;,1,"The product was not returned to Olympus for inspection; however, Technical Assistance Center (TAC) provided remote troubleshooting and reviewed the OEP-6 installation with the CV-1500 processor. The customer reported that the system was able to print images from the internal buffer; however, patient data was not being included on the printouts. The customer indicated that settings within the CV-1500 security configuration may have been modified and could be related to the issue. The installation was reportedly completed using the applicable cabling reference guide. TAC recommended reviewing the complete system setup and configuration settings and offered additional troubleshooting assistance. Attempts to continue troubleshooting by phone were unsuccessful, as the customer did not respond. A follow-up email with the case number and an offer for further assistance was sent.
Troubleshooting was not able to resolve the reported allegation.
The investigation will be performed based on the available information.",KarthikRajan D,San Jose,"No indication of potential user error or complaint against the IFU/label has been received. Therefore, labeling review for this complaint is not required.","This complaint is not associated with a packaging issue, an incorrect labeling issue, a breach of sterile barrier packaging issue or traced to prior repair activities. Therefore, DHR review is not required.","Historical complaints for [OEP-6 installation to a CV-1500 processor] have been previously reported and investigated. This indicates that no unanticipated risks, new failure modes, or additional harms have been identified.","A complaint history review of the last 12 months of complaints [31 July 2025 - 30 July 2026] was performed for [OEP-6 installation to a CV-1500 processor] and no trends were identified.

A CAPA History Review was performed for [OEP-6 installation to a CV-1500 processor] and no related CAPAs were found.","The investigation did not identify any nonconformances or issues related to this complaint that require further action; therefore, no escalation is necessary.","The product was not returned to Olympus for inspection; however, Technical Assistance Center (TAC) provided remote troubleshooting and reviewed the OEP-6 installation with the CV-1500 processor. The customer reported that the system was able to print images from the internal buffer; however, patient data was not being included on the printouts. The customer indicated that settings within the CV-1500 security configuration may have been modified and could be related to the issue. The installation was reportedly completed using the applicable cabling reference guide. TAC recommended reviewing the complete system setup and configuration settings and offered additional troubleshooting assistance. Attempts to continue troubleshooting by phone were unsuccessful, as the customer did not respond. A follow-up email with the case number and an offer for further assistance was sent.
Troubleshooting was not able to resolve the reported allegation.
The investigation will be performed based on the available information.

This complaint is not associated with a packaging issue, an incorrect labeling issue, a breach of sterile barrier packaging issue or traced to prior repair activities. Therefore, DHR review is not required.

No indication of potential user error or complaint against the IFU/label has been received. Therefore, labeling review for this complaint is not required.

Historical complaints for [OEP-6 installation to a CV-1500 processor] have been previously reported and investigated. This indicates that no unanticipated risks, new failure modes, or additional harms have been identified.

A complaint history review of the last 12 months of complaints [31 July 2025 - 30 July 2026] was performed for [OEP-6 installation to a CV-1500 processor] and no trends were identified.

A CAPA History Review was performed for [OEP-6 installation to a CV-1500 processor] and no related CAPAs were found.

The complaint was confirmed; the device has OEP-6 installation to a CV-1500 processor. The most probable cause of the complaint is D02 - Cause Traced to Component Failure. Expected or random component failure without any design or manufacturing issue.
No further escalation is required.",,INV-946702,"F27 - Problem identified during non-clinical procedure.;E2403 - No Clinical Signs, Symptoms or Conditions;",;D02 - Cause Traced to Component Failure;B11 - Historical Data Analysis;B15 - Analysis of Information Provided by User/Third Party;B17 - Device Not Returned;,A09 - Output Problem;G02029 - Printer;,"A09 - Output Problem;G02029 - Printer;C1001 - Configuration Issue;D02 - Cause Traced to Component Failure;F27 - Problem identified during non-clinical procedure.;E2403 - No Clinical Signs, Symptoms or Conditions;B11 - Historical Data Analysis;B15 - Analysis of Information Provided by User/Third Party;B17 - Device Not Returned;"
CN-987806,,Pathway 2,1,CDS: OER-ELITE |  N5789340 (ENDOSCOPE REPROCESSOR),ShaikAbdul Wahaab,,No,No,,0,0,,,Health Professional; User Facility,,7/24/2026,,7/24/2026,Email,7/24/2026,0,English,United States,OCA-SAP-SFDC,OCA-SAP-SFDC,OCA-SAP-SFDC Ref 20260724-3351989,20260724-3351989,OER-ELITE,N5789340,Americas,,Not Reportable,"It was found during the PM that the E1 and E2 connectors were damaged.

24 JUL 2026 Jim Lynch (FSE) Generated service quote and provided to customer for approval.

24 JUL 2026 Jim Lynch (FSE) Replaced E1 and E2 purple connectors. FSE performed the ALT leak test function and observed a completed cycle with no errors and no leaks. Repair is complete. Equipment repaired and verified according to OER-Elite Technical guide. FSE left the machine in working order and returned the machine back to the customer for normal operation. FSE completed the repair checklist and attached it to the service case. A copy of the FSR was emailed to the customer.
Equipment passed the electrical safety test with results attached. Repair is complete, no further action required.","It was found during the PM that the E1 and E2 connectors were damaged.

24 JUL 2026 Jim Lynch (FSE) Generated service quote and provided to customer for approval.

24 JUL 2026 Jim Lynch (FSE) Replaced E1 and E2 purple connectors. FSE performed the ALT leak test function and observed a completed cycle with no errors and no leaks. Repair is complete. Equipment repaired and verified according to OER-Elite Technical guide. FSE left the machine in working order and returned the machine back to the customer for normal operation. FSE completed the repair checklist and attached it to the service case. A copy of the FSR was emailed to the customer.
Equipment passed the electrical safety test with results attached. Repair is complete, no further action required.","24 JUL 2026 Jim Lynch (FSE) Travel time difference is due to the following conditions and might be a combination with one another. Traffic conditions, travel from distant account, already at customer site, and working outside of territory. Travel tracked on case: 20260716-3337371

30 Jul 2026 Jeff Niekum (Team Lead FSE)  Updated discounting to match the service being performed., Software Version: 1.10.01, Patch Number: N/A, Operating System: N/A, Firmware Version: null",Ron,Beisner,,+1 940-613-5544,,ronald.beisner@adventhealth.com,Y,Biomedical Engineer,410 S 11TH ST,,LAKE WALES,,33853,,,FL,United States,,No,USA,ADVENTHEALTH POLK SOUTH INC,410 S 11TH ST LAKE WALES Florida 33853 United States,Ron,,+1 940-613-5544,ronald.beisner@adventhealth.com,Beisner,,,Biomedical Engineer,Y,Health Professional,,,NA,NA,NA,None,NA,Service / Maintenance (not in a clinical setting),"<a href=""/a0o68000003Z2vs"" target=""_blank"">OER-ELITE</a>",N5789340,CDS,OER-ELITE,OER-ELITE,JPN,RPSR013,"3-1-1 Niiderakita, AIZUWAKAMATSU-SHI, Fukushima, <a href=""/"" target=""_blank""> </a>",4.95317E+12,,,"<a href=""/a4668000000AidX"" target=""_blank"">AIZU OLYMPUS CO., LTD.</a>",Aizu,Olympus Medical Systems Corp.,,,,,,,2503299,,0,2503299,0,Reuse,1,No,No,No,Re-Use,Reprocessor,Yes,,No,,,,,No,No,No,No,0,,INQ-1129397,,,,,,"The product was not returned to Olympus for inspection; however, a field service engineer (FSE) was dispatched to customer site and PM that the E1 and E2 connectors were damaged.
The complaint is preventative maintenance with no reported allegation
The investigation will be performed based on the available information.

A Device History Review was not completed, and no issues were identified, describe findings, or rationale for no review.

A labeling review was not conducted, and [no anomalies were found, describe findings, or rationale for no review].

A CAPA, complaint and risk review was completed for the reported allegation of E1, and E2 connectors were damaged, where no related CAPAs were found, no related trends were observed and no unanticipated risks, new failures, and new harms were identified.

A risk review, complaint history review, and CAPA history review was not performed for A26 (Insufficient Device Problem Information) due to no user allegation. 

This is a preventative maintenance with no reported allegation. The inspection identified the above findings. The most probable cause of the discovered damages is D02 - Cause Traced to Component Failure

No further escalation is required.",A26 |  | C0601 | D02;A0401 | G04034 | C0601 | D02;,A26 |;,1,"The product was not returned to Olympus for inspection; however, a field service engineer (FSE) was dispatched to customer site and PM that the E1 and E2 connectors were damaged.
The complaint is preventative maintenance with no reported allegation
The investigation will be performed based on the available information.",AlexNarayanan Balakrishnan,San Jose,"No indication of potential user error or complaint against the IFU/label has been received. Therefore, labeling review for this complaint is not required.","This complaint is not associated with a packaging issue, an incorrect labeling issue, a breach of sterile barrier packaging issue or traced to prior repair activities. Therefore, DHR review is not required.","A risk review was performed for E1, and E2 connectors were damaged, based on historical data of the last 12 months 07/31/2025 - 07/30/2026 and no unanticipated risks, new failures, and/or new harms were identified.

A risk review was not performed for A26 (Insufficient Device Problem Information) due to no user allegation.","A complaint history review of the last 12 months of complaints 07/31/2025 - 07/30/2026 was performed for E1, and E2 connectors were damaged and no trends were identified.

A CAPA History Review was performed for [E1, and E2 connectors were damaged] and no related CAPAs were found

A complaint history review, and CAPA history review was not performed for A26 (Insufficient Device Problem Information) due to no user allegation.","The investigation did not identify any nonconformances or issues related to this complaint that require further action; therefore, no escalation is necessary","The product was not returned to Olympus for inspection; however, a field service engineer (FSE) was dispatched to customer site and PM that the E1 and E2 connectors were damaged.
The complaint is preventative maintenance with no reported allegation
The investigation will be performed based on the available information.

A Device History Review was not completed, and no issues were identified, describe findings, or rationale for no review.

A labeling review was not conducted, and [no anomalies were found, describe findings, or rationale for no review].

A CAPA, complaint and risk review was completed for the reported allegation of E1, and E2 connectors were damaged, where no related CAPAs were found, no related trends were observed and no unanticipated risks, new failures, and new harms were identified.

A risk review, complaint history review, and CAPA history review was not performed for A26 (Insufficient Device Problem Information) due to no user allegation. 

This is a preventative maintenance with no reported allegation. The inspection identified the above findings. The most probable cause of the discovered damages is D02 - Cause Traced to Component Failure

No further escalation is required.",,INV-948395,"E2403 - No Clinical Signs, Symptoms or Conditions;F27 - Problem identified during non-clinical procedure.;",;D02 - Cause Traced to Component Failure;B11 - Historical Data Analysis;B17 - Device Not Returned;B01 - Testing of Actual/Suspected Device;,A26 - Insufficient Device Problem Information;;A0401 - Break;G04034 - Connector/Coupler;,"A26 - Insufficient Device Problem Information;;C0601 - Degradation Problem Identified;D02 - Cause Traced to Component Failure;A0401 - Break;G04034 - Connector/Coupler;E2403 - No Clinical Signs, Symptoms or Conditions;F27 - Problem identified during non-clinical procedure.;B11 - Historical Data Analysis;B17 - Device Not Returned;B01 - Testing of Actual/Suspected Device;"
CN-987878,,Pathway 2,1,Flex Video Scope: MAF-GM |  N4501540 (AIRWAY MOBILESCOPE),Ananthabalan V,,No,No,,0,0,,,Health Professional; User Facility,,7/24/2026,,7/21/2026,,7/24/2026,0,English,United States,OCA-SAP-SFDC,OCA-SAP-SFDC,OCA-SAP-SFDC Ref 20260721-3342721,20260721-3342721,MAF-GM,N4501540,Americas,,Not Reportable,"20 JUL 2026 - Nancy Ishizawa - (ESS) - made an appointment with Assistant Nurse Manager Christine Javier.  This is for a scope preventative maintenance.  The appointment is scheduled for 24 JUL 2026.  No concerns were reported.

24 JUL 2026 - Nancy Ishizawa - (ESS) - completed:

Scope Preventative Maintenance: Completed a Preventative Maintenance inspection on the facilities scopes per customer request.  MAF-GM serial number 2050818  failed the inspection.  Twenty nine scopes passed the inspection and one scope failed the inspection. See Cross-Referenced Cases section of case for total number of cases related to this visit.  See attached Endoscope And Accessory Evaluation form for inspection results that were inspected in accordance to the  Endoscope and Accessory Evaluation Procedure. Completed copy of form was provided to Assistant Nurse Manager Christine Javier following inspection.

30 JUL 2026 - Nancy Ishizawa - (ESS) - worked on the case.  1 total case","20 JUL 2026 - Nancy Ishizawa - (ESS) - made an appointment with Assistant Nurse Manager Christine Javier.  This is for a scope preventative maintenance.  The appointment is scheduled for 24 JUL 2026.  No concerns were reported.

24 JUL 2026 - Nancy Ishizawa - (ESS) - completed:

Scope Preventative Maintenance: Completed a Preventative Maintenance inspection on the facilities scopes per customer request.  MAF-GM serial number 2050818  failed the inspection.  Twenty nine scopes passed the inspection and one scope failed the inspection. See Cross-Referenced Cases section of case for total number of cases related to this visit.  See attached Endoscope And Accessory Evaluation form for inspection results that were inspected in accordance to the  Endoscope and Accessory Evaluation Procedure. Completed copy of form was provided to Assistant Nurse Manager Christine Javier following inspection.

30 JUL 2026 - Nancy Ishizawa - (ESS) - worked on the case.  1 total case","20 JUL 2026 - Nancy Ishizawa - (ESS) - expect to close case by 30 JUL 2026 - more than two days due to schedule limits and STI

30 JUL 2026 - Nancy Ishizawa - (ESS) - worked on the case.  1 total case, Software Version: null, Patch Number: null, Operating System: null, Firmware Version: null",Christine,Javier,,310-423-8964,,christine.javier@cshs.org,Y,Nurse,8700 BEVERLY BLVD,,LOS ANGELES,,90048,1804,,CA,United States,,No,USA,CEDARS SINAI MEDICAL CENTER,8700 BEVERLY BLVD LOS ANGELES California 90048-1804 United States,Christine,,310-423-8964,christine.javier@cshs.org,Javier,,,Nurse,Y,Health Professional,,,NA,NA,NA,None,NA,Service / Maintenance (not in a clinical setting),"<a href=""/a0o68000003Z0Qr"" target=""_blank"">MAF-GM</a>",N4501540,Flex Video Scope,MAF-GM,MAF-GM,JPN,SUSC019,"3-1-1 Niiderakita, AIZUWAKAMATSU-SHI, Fukushima, <a href=""/"" target=""_blank""> </a>",4.95317E+12,,,"<a href=""/a4668000000AidX"" target=""_blank"">AIZU OLYMPUS CO., LTD.</a>",Aizu,Olympus Medical Systems Corp.,,,,,,,2050818,,0,2050818,0,Unknown,0,No,No,No,Re-Use,Surgical scope,No,,No,,,,,No,NA,No,No,0,,INQ-1129568,,,,,,"The product was not returned to Olympus for inspection; however, a Endoscope Support Specialist (ESS) was dispatched to customer site and Preventative Maintenance inspection on the facilities scopes per customer request. MAF-GM serial number 2050818 failed the inspection. Twenty-nine scopes passed the inspection, and one scope failed the inspection dent on insertion tube.

This is preventative maintenance with no reported allegation.

The investigation will be performed based on the available information.

One or more failure mode(s) identified has been previously investigated through the Product Technical Investigation (PTI) process and therefore does not require any further investigation. See coding table for the PTI reference number associated with these failure modes.

This complaint is not associated with a packaging issue, an incorrect labeling issue, a breach of sterile barrier packaging issue or traced to prior repair activities. Therefore, DHR review is not required.

No indication of potential user error or complaint against the IFU/label has been received. Therefore, labeling review for this complaint is not required.

A risk review was not performed for the reported event Preventative Maintenance because this failure description does not provide sufficient data to support a risk assessment. 

A Complaint / CAPA History Review was not conducted for the reported event Preventative Maintenance because this failure description does not provide sufficient data to support a complaint/CAPA history review.

This is an Preventative Maintenance with no reported allegation. The inspection identified the above findings. The most probable cause of the discovered damages is D02 - Cause Traced to Component Failure, Expected or random component failure without any design or manufacturing issue.

No further escalation is required",A25 |  | C0706 | D02;A040602 | G04134 | C0706 | D02;,A25 |;,1,"The product was not returned to Olympus for inspection; however, a Endoscope Support Specialist (ESS) was dispatched to customer site and Preventative Maintenance inspection on the facilities scopes per customer request. MAF-GM serial number 2050818 failed the inspection. Twenty-nine scopes passed the inspection, and one scope failed the inspection dent on insertion tube.

This is preventative maintenance with no reported allegation.

The investigation will be performed based on the available information.",Gabriela Moreno,San Jose,"No indication of potential user error or complaint against the IFU/label has been received. Therefore, labeling review for this complaint is not required. One or more failure mode(s) identified has been previously investigated through the Product Technical Investigation (PTI) process and therefore does not require any further investigation. See coding table for the PTI reference number associated with these failure modes.","This complaint is not associated with a packaging issue, an incorrect labeling issue, a breach of sterile barrier packaging issue or traced to prior repair activities. Therefore, DHR review is not required.",A risk review was not performed for the reported event Preventative Maintenance because this failure description does not provide sufficient data to support a risk assessment. One or more failure mode(s) identified has been previously investigated through the Product Technical Investigation (PTI) process and therefore does not require any further investigation. See coding table for the PTI reference number associated with these failure modes.,A Complaint / CAPA History Review was not conducted for the reported event Preventative Maintenance because this failure description does not provide sufficient data to support a complaint/CAPA history review. One or more failure mode(s) identified has been previously investigated through the Product Technical Investigation (PTI) process and therefore does not require any further investigation. See coding table for the PTI reference number associated with these failure modes.,"The investigation did not identify any nonconformances or issues related to this complaint that require further action; therefore, no escalation is necessary. One or more failure mode(s) identified has been previously investigated through the Product Technical Investigation (PTI) process and therefore does not require any further investigation. See coding table for the PTI reference number associated with these failure modes.","The product was not returned to Olympus for inspection; however, a Endoscope Support Specialist (ESS) was dispatched to customer site and Preventative Maintenance inspection on the facilities scopes per customer request. MAF-GM serial number 2050818 failed the inspection. Twenty-nine scopes passed the inspection, and one scope failed the inspection dent on insertion tube.

This is preventative maintenance with no reported allegation.

The investigation will be performed based on the available information.

One or more failure mode(s) identified has been previously investigated through the Product Technical Investigation (PTI) process and therefore does not require any further investigation. See coding table for the PTI reference number associated with these failure modes.

This complaint is not associated with a packaging issue, an incorrect labeling issue, a breach of sterile barrier packaging issue or traced to prior repair activities. Therefore, DHR review is not required.

No indication of potential user error or complaint against the IFU/label has been received. Therefore, labeling review for this complaint is not required.

A risk review was not performed for the reported event Preventative Maintenance because this failure description does not provide sufficient data to support a risk assessment. 

A Complaint / CAPA History Review was not conducted for the reported event Preventative Maintenance because this failure description does not provide sufficient data to support a complaint/CAPA history review.

This is an Preventative Maintenance with no reported allegation. The inspection identified the above findings. The most probable cause of the discovered damages is D02 - Cause Traced to Component Failure, Expected or random component failure without any design or manufacturing issue.

No further escalation is required",,INV-948585,"E2403 - No Clinical Signs, Symptoms or Conditions;F27 - Problem identified during non-clinical procedure.;",;D02 - Cause Traced to Component Failure;B01 - Testing of Actual/Suspected Device;B17 - Device Not Returned;,A25 - No Apparent Adverse Event;;A040602 - Dent in Material;G04134 - Tube;,"A25 - No Apparent Adverse Event;;C0706 - Stress Problem Identified;D02 - Cause Traced to Component Failure;A040602 - Dent in Material;G04134 - Tube;E2403 - No Clinical Signs, Symptoms or Conditions;F27 - Problem identified during non-clinical procedure.;B01 - Testing of Actual/Suspected Device;B17 - Device Not Returned;"
CN-987879,,Pathway 2,1,CDS: OER-ELITE |  N5789340 (ENDOSCOPE REPROCESSOR),Yashwanthreddy Patlolla,,No,No,,0,0,,,Health Professional; User Facility,,7/24/2026,,7/25/2026,,7/24/2026,0,English,United States,OCA-SAP-SFDC,OCA-SAP-SFDC,OCA-SAP-SFDC Ref 20260725-3352207,20260725-3352207,OER-ELITE,N5789340,Americas,,Not Reportable,"23 JUL 2026 Ryan Kless (FSE) - while FSE was performing test cycle for PM OER had E95. FSE could not get the sensor to spin. Ordering parts

28 JUL 2026 Ryan Kless (FSE) - FSE replaced detergent sensor and ran a test cycle to confirm equipment functionality. Performed repair per OER-Elite Technical Guide. Equipment passed the electrical safety test with results attached.","23 JUL 2026 Ryan Kless (FSE) - while FSE was performing test cycle for PM OER had E95. FSE could not get the sensor to spin. Ordering parts

28 JUL 2026 Ryan Kless (FSE) - FSE replaced detergent sensor and ran a test cycle to confirm equipment functionality. Performed repair per OER-Elite Technical Guide. Equipment passed the electrical safety test with results attached.","28 JUL 2026 Ryan Kless (FSE) - PM ticket 20260710-3327402

29 JUL 2026 Brad Decker (SQ), Reopened case for the FR to replace/update attachments., Software Version: 1.10, Patch Number: N/A, Operating System: N/A, Firmware Version: null",Kervin,Faustin,,8572647700,,kfaustin@bidmc.harvard.edu,Y,Administrator/Supervisor,330 BROOKLINE AVE,,BOSTON,,2215,5491,,MA,United States,,No,USA,BETH ISRAEL DEACONESS MEDICAL,330 BROOKLINE AVE BOSTON Massachusetts 02215-5491 United States,Kervin,,8572647700,kfaustin@bidmc.harvard.edu,Faustin,,,Administrator/Supervisor,Y,Health Professional,,,NA,NA,NA,None,NA,Service / Maintenance (not in a clinical setting),"<a href=""/a0o68000003Z2vs"" target=""_blank"">OER-ELITE</a>",N5789340,CDS,OER-ELITE,OER-ELITE,JPN,RPSR013,"3-1-1 Niiderakita, AIZUWAKAMATSU-SHI, Fukushima, <a href=""/"" target=""_blank""> </a>",4.95317E+12,,,"<a href=""/a4668000000AidX"" target=""_blank"">AIZU OLYMPUS CO., LTD.</a>",Aizu,Olympus Medical Systems Corp.,,,,,,,2201138,,0,2201138,0,Unknown,1,No,No,No,Re-Use,Reprocessor,No,,No,,,,,No,NA,No,No,0,,INQ-1129569,,,,,,"There is no reported complaint as this device is preventive maintenance. 


The product was not returned to Olympus for inspection; however, a field service engineer (FSE) was dispatched to customer site and
1. Error E095

This complaint is not associated with a packaging issue, an incorrect labeling issue, a breach of sterile barrier packaging issue or traced to prior repair activities. Therefore, DHR review is not required.

No indication of potential user error or complaint against the IFU/label has been received. Therefore, labeling review for this complaint is not required.

A risk review, complaint history review, and CAPA history review was not performed for A26 (Insufficient Device Problem Information) due to no user allegation. 


A risk review was performed, and no unanticipated failures or harms were identified.

A complaint historical review of the last 12 months of complaints was performed and no trends were identified.

A CAPA History Review was performed and no related CAPAs were found.

This is a preventative maintenance with no reported allegation. The inspection identified the above findings. The most probable cause of the discovered damages is D02 - Cause Traced to Component Failure, Expected or random component failure without any design or manufacturing issue.


No further escalation is required.",A26 |  | C0601 | D02;A14 | G03012 | C0601 | D02;,A26 |;,1,"The product was not returned to Olympus for inspection; however, a field service engineer (FSE) was dispatched to customer site and
1. Error E095

The complaint cannot confirm as it is a Preventive maintenance.

The investigation will be performed based on the available information.",Roberto Siles,San Jose,"No indication of potential user error or complaint against the IFU/label has been received. Therefore, labeling review for this complaint is not required.","This complaint is not associated with a packaging issue, an incorrect labeling issue, a breach of sterile barrier packaging issue or traced to prior repair activities. Therefore, DHR review is not required.","A risk review was not performed for A26 due to no user allegation 

A risk review was performed for below listed failure,
1. Error E095 based on historical data of the last 12 months 7/31/2025 to 7/30/2026 and no unanticipated risks, new failures, and/or new harms were identified.","A CAPA History Review was not performed for A26 due to no user allegation 
A historical review of the last 12 months of complaints was not performed for A26 due to no user allegation

A complaint history review of the last 12 months of complaints 7/31/2025 to 7/30/2026 was performed for below listed failure,
1. Error E095 and no trends were identified.

A CAPA History Review was performed for below listed failure,
1. Error E095 and no related CAPAs were found.","The investigation did not identify any nonconformances or issues related to this complaint that require further action; therefore, no escalation is necessary.","There is no reported complaint as this device is preventive maintenance. 


The product was not returned to Olympus for inspection; however, a field service engineer (FSE) was dispatched to customer site and
1. Error E095

This complaint is not associated with a packaging issue, an incorrect labeling issue, a breach of sterile barrier packaging issue or traced to prior repair activities. Therefore, DHR review is not required.

No indication of potential user error or complaint against the IFU/label has been received. Therefore, labeling review for this complaint is not required.

A risk review, complaint history review, and CAPA history review was not performed for A26 (Insufficient Device Problem Information) due to no user allegation. 


A risk review was performed, and no unanticipated failures or harms were identified.

A complaint historical review of the last 12 months of complaints was performed and no trends were identified.

A CAPA History Review was performed and no related CAPAs were found.

This is a preventative maintenance with no reported allegation. The inspection identified the above findings. The most probable cause of the discovered damages is D02 - Cause Traced to Component Failure, Expected or random component failure without any design or manufacturing issue.


No further escalation is required.",,INV-948462,"E2403 - No Clinical Signs, Symptoms or Conditions;F27 - Problem identified during non-clinical procedure.;",;D02 - Cause Traced to Component Failure;B11 - Historical Data Analysis;B01 - Testing of Actual/Suspected Device;B17 - Device Not Returned;,A26 - Insufficient Device Problem Information;;A14 - Infusion or Flow Problem;G03012 - Sensor;,"A26 - Insufficient Device Problem Information;;C0601 - Degradation Problem Identified;D02 - Cause Traced to Component Failure;A14 - Infusion or Flow Problem;G03012 - Sensor;E2403 - No Clinical Signs, Symptoms or Conditions;F27 - Problem identified during non-clinical procedure.;B11 - Historical Data Analysis;B01 - Testing of Actual/Suspected Device;B17 - Device Not Returned;"
CN-987883,,Pathway 2,1,CDS: OER-Pro |  N3058140 (ENDOSCOPE REPROCESSOR),Shirisha K,,No,No,,0,0,,,Health Professional; User Facility,,7/24/2026,,7/25/2026,,7/24/2026,0,English,United States,OCA-SAP-SFDC,OCA-SAP-SFDC,OCA-SAP-SFDC Ref 20260725-3352214,20260725-3352214,OER-PRO,N3058140,Americas,,Not Reportable,"24 JUL 2026 - Wayne Richardson(FSE) Customer, Jessica, Reports Difficult to load paper. Request on-site visit.
Unit passed Cycle test print. 	Performed service per OER-Pro Technical Guide. Unit operational.
The covers of the equipment were not removed so an electrical safety check was not required.","24 JUL 2026 - Wayne Richardson(FSE) Customer, Jessica, Reports Difficult to load paper. Request on-site visit.
Unit passed Cycle test print. 	Performed service per OER-Pro Technical Guide. Unit operational.
The covers of the equipment were not removed so an electrical safety check was not required.","24 JUL 2026 - Wayne Richardson(FSE)    The covers of the equipment were not removed so an electrical safety check was not required., Software Version: 3.06, Patch Number: N/A, Operating System: N/A, Firmware Version: null",Jessica,Shackelton,,9727133500,,jshackelton@uspi.com,,,4825 ALLIANCE BLVD,,PLANO,,75093,5504,,TX,United States,,No,USA,BAYLOR SURGICARE AT BAYLOR PLANO,4825 ALLIANCE BLVD PLANO Texas 75093-5504 United States,Jessica,,9727133500,jshackelton@uspi.com,Shackelton,,,,,Health Professional,,,NA,NA,NA,No Serious Injury/No Adverse Patient Effects,NA,During set up / Inspection for use (during set up in room / before patient in room),"<a href=""/a0o68000003YzcG"" target=""_blank"">OER-Pro</a>",N3058140,CDS,OER-Pro,OER-Pro,JPN,RPSR011,"3-1-1 Niiderakita, AIZUWAKAMATSU-SHI, Fukushima, <a href=""/"" target=""_blank""> </a>",4.95317E+12,,,"<a href=""/a4668000000AidX"" target=""_blank"">AIZU OLYMPUS CO., LTD.</a>",Aizu,Olympus Medical Systems Corp.,,,,,,,2834045,,0,2834045,0,Unknown,0,No,No,No,Re-Use,Reprocessor,No,,No,,,,,No,NA,No,No,0,,INQ-1129573,,,,,,"The product was not returned to Olympus for inspection; however, a field service engineer (FSE) was dispatched to customer site and Difficult to load paper. Unit passed Cycle test print. Performed service per OER-Pro Technical Guide. Unit operational. The covers of the equipment were not removed so an electrical safety check was not required.

This complaint is not associated with a packaging issue, an incorrect labeling issue, a breach of sterile barrier packaging issue or traced to prior repair activities. Therefore, [DHR] review is not required.

No indication of potential user error or complaint against the IFU/label has been received. Therefore, labeling review for this complaint is not required.

A risk review was performed, and no unanticipated failures or harms were identified.
A historical review of the last 12 months of complaints was performed and no trends were identified.
A CAPA History Review was performed and no related CAPAs were found.

The complaint was confirmed, the device has Difficult to load paper. The most probable cause of the complaint is D02 - Cause Traced to Component Failure, Expected or random component failure without any design or manufacturing issue.

No further escalation is required.",A0506 | G02029 | C07 | D02;,A0506 |;,1,"The product was not returned to Olympus for inspection; however, a field service engineer (FSE) was dispatched to customer site and Difficult to load paper. Unit passed Cycle test print. Performed service per OER-Pro Technical Guide. Unit operational. The covers of the equipment were not removed so an electrical safety check was not required.

The complaint was confirmed.

The investigation will be performed based on the available information.",DeepthiManasa Bhamidipati,San Jose,"No indication of potential user error or complaint against the IFU/label has been received. Therefore, labeling review for this complaint is not required.","This complaint is not associated with a packaging issue, an incorrect labeling issue, a breach of sterile barrier packaging issue or traced to prior repair activities. Therefore, [DHR] review is not required.","A risk review was performed for Difficult to load paper, based on historical data of the last 12 months [7/31/2025 to 7/30/2026] and no unanticipated risks, new failures, and/or new harms were identified.","A complaint history review of the last 12 months of complaints [7/31/2025 to 7/30/2026] was performed for Difficult to load paper and no trends were identified.

A CAPA History Review was performed Difficult to load paper and no related CAPAs were found.","The investigation did not identify any nonconformances or issues related to this complaint that require further action; therefore, no escalation is necessary.","The product was not returned to Olympus for inspection; however, a field service engineer (FSE) was dispatched to customer site and Difficult to load paper. Unit passed Cycle test print. Performed service per OER-Pro Technical Guide. Unit operational. The covers of the equipment were not removed so an electrical safety check was not required.

This complaint is not associated with a packaging issue, an incorrect labeling issue, a breach of sterile barrier packaging issue or traced to prior repair activities. Therefore, [DHR] review is not required.

No indication of potential user error or complaint against the IFU/label has been received. Therefore, labeling review for this complaint is not required.

A risk review was performed, and no unanticipated failures or harms were identified.
A historical review of the last 12 months of complaints was performed and no trends were identified.
A CAPA History Review was performed and no related CAPAs were found.

The complaint was confirmed, the device has Difficult to load paper. The most probable cause of the complaint is D02 - Cause Traced to Component Failure, Expected or random component failure without any design or manufacturing issue.

No further escalation is required.",,INV-946837,"E2403 - No Clinical Signs, Symptoms or Conditions;F2601 - Problem identified before clinical use/exposure;",;D02 - Cause Traced to Component Failure;B11 - Historical Data Analysis;B01 - Testing of Actual/Suspected Device;B17 - Device Not Returned;,A0506 - Mechanical Jam;G02029 - Printer;,"A0506 - Mechanical Jam;G02029 - Printer;C07 - Mechanical Problem Identified;D02 - Cause Traced to Component Failure;E2403 - No Clinical Signs, Symptoms or Conditions;F2601 - Problem identified before clinical use/exposure;B11 - Historical Data Analysis;B01 - Testing of Actual/Suspected Device;B17 - Device Not Returned;"
CN-987950,,Pathway 2,1,"Rigid Scope: WA4KL530 |  WA4KL530 (Telescope ""ULTRA"", 5.4 mm, 30∞)",Sriharan S,,No,No,,0,1,,,Health Professional; User Facility,,7/26/2026,,7/26/2026,Email,7/25/2026,0,English,United States,OCA-DATASWEEP,OCA-DATASWEEP,68283078,68283078,WA4KL530,WA4KL530,Americas,"B11,,NSC SP - Rigid",Not Reportable,lens is very dark,lens is very dark,,Lindsay,Tinsley,,+1 (678) 552-7481,,lindsay.tinsley@piedmont.org,Y,Biomedical Engineer,2151 W SPRING ST,,MONROE,,30655,,,GA,United States,,,USA,PIEDMONT WALTON HOSPITAL INC,"2151 W SPRING ST, MONROE, Georgia, 30655, United States",Lindsay,,+1 (678) 552-7481,lindsay.tinsley@piedmont.org,Tinsley,,,Biomedical Engineer,Y,Health Professional,,,NA,NA,NA,None,NA,During set up / Inspection for use (during set up in room / before patient in room),"<a href=""/a0o68000003Z2Sw"" target=""_blank"">WA4KL530</a>",WA4KL530,Rigid Scope,WA4KL530,WA4KL530,DEU,RGSC004,"Kuehnstrasse 61, Hamburg, Hamburg, <a href=""/"" target=""_blank""> </a>",4.04276E+12,,,"<a href=""/a46aa00000004oP"" target=""_blank"">Olympus Winter & Ibe GmbH</a>",Olympus Winter & Ibe GmbH,Olympus Winter & Ibe GmbH,,,,,,,807454,,0,807454,0,Reuse,1,No,No,No,Re-Use,Rigid Scope,Yes,,Yes,7/28/2026,,,,No,NA,No,No,1,,INQ-1129649,,,,,,"""The complaint was reported because lens is very dark  Caused by cracked on optical lens

The product was returned and inspected. The product analysis confirmed that 
-lens is very dark
-OUTER TUBE Condition: Dents and Bent edge on outer tube
-OBJECT.WINDOW Condition: scratches on distal frame .
-OPTICAL FIBER S Condition: Confirmed UR dark image , Caused by cracked on optical lens. 

This complaint is not associated with a packaging issue, an incorrect labeling issue, a breach of sterile barrier packaging issue or traced to prior repair activities. Therefore, DHR review is not required.

No indication of potential user error or complaint against the IFU/label has been received. Therefore, labeling review for this complaint is not required.

""Risk review was not completed failure modes associated with PTI, as established in GWI-00045.

A risk review was performed for lens is very dark -OUTER TUBE Condition: Dents and Bent edge on outer tube-OBJECT.WINDOW Condition: scratches on distal frame .-OPTICAL FIBER S Condition: Confirmed UR dark image , Caused by cracked on optical lens.  based on historical data of the last 12 months [8/5/2025- 8/4/2026] and no unanticipated risks, new failures, and/or new harms were identified.

""A complaint history review of the last 12 months of complaints  [8/5/2025- 8/4/2026] was performed for lens is very dark -OUTER TUBE Condition: Dents and Bent edge on outer tube-OBJECT.WINDOW Condition: scratches on distal frame .-OPTICAL FIBER S Condition: Confirmed UR dark image , Caused by cracked on optical Len reported event and device malfunctions identified during product analysis] and no trends were identified. 

""A CAPA History Review was performed for lens is very dark -OUTER TUBE Condition: Dents and Bent edge on outer tube-OBJECT.WINDOW Condition: scratches on distal frame .-OPTICAL FIBER S Condition: Confirmed UR dark image , Caused by cracked on optical Len  and no related CAPAs were found.  

The complaint was confirmed, the device has dark image , Caused by cracked on optical lens.. The most probable cause of the complaint is D02 - Cause Traced to Component Failure Expected or random component failure without any design or manufacturing issue.

No further escalation is required.""",A06 | G05006 | C0601 | D02;A040609 | G04134 | C0706 | D02;A0404 | G05006 | C0601 | D02;A040602 | G04134 | C0706 | D02;A0415 | G05006 | C0706 | D02;,A06 |;,1,"The investigation will be conducted using the information provided by the customer and the inspection findings from the Repair Center (see attached Inspection Results Report). 
As part of the evaluation, the device underwent a visual inspection and functional testing to determine its condition.

The following failures were identified: 
-lens is very dark
-OUTER TUBE Condition: Dents and Bent edge on outer tube
-OBJECT.WINDOW Condition: scratches on distal frame .
-OPTICAL FIBER S Condition: Confirmed UR dark image , Caused by cracked on optical lens. 

Based on the product analysis, the complaint is confirmed since the device has evidence of lens is very dark  Caused by cracked on optical lens, which is consistent with the reported event.",Yashwanthreddy Patlolla,San Jose,"No indication of potential user error or complaint against the IFU/label has been received. Therefore, labeling review for this complaint is not required.","This complaint is not associated with a packaging issue, an incorrect labeling issue, a breach of sterile barrier packaging issue or traced to prior repair activities. Therefore, DHR review is not required.","""Risk review was not completed failure modes associated with PTI, as established in GWI-00045.

A risk review was performed for lens is very dark -OUTER TUBE Condition: Dents and Bent edge on outer tube-OBJECT.WINDOW Condition: scratches on distal frame .-OPTICAL FIBER S Condition: Confirmed UR dark image , Caused by cracked on optical lens.  based on historical data of the last 12 months [8/5/2025- 8/4/2026] and no unanticipated risks, new failures, and/or new harms were identified.","""A complaint history review of the last 12 months of complaints  [8/5/2025- 8/4/2026] was performed for lens is very dark -OUTER TUBE Condition: Dents and Bent edge on outer tube-OBJECT.WINDOW Condition: scratches on distal frame .-OPTICAL FIBER S Condition: Confirmed UR dark image , Caused by cracked on optical Len reported event and device malfunctions identified during product analysis] and no trends were identified. 

""A CAPA History Review was performed for lens is very dark -OUTER TUBE Condition: Dents and Bent edge on outer tube-OBJECT.WINDOW Condition: scratches on distal frame .-OPTICAL FIBER S Condition: Confirmed UR dark image , Caused by cracked on optical Len  and no related CAPAs were found.","The investigation did not identify any nonconformances or issues related to this complaint that require further action; therefore, no escalation is necessary.","""The complaint was reported because lens is very dark  Caused by cracked on optical lens

The product was returned and inspected. The product analysis confirmed that 
-lens is very dark
-OUTER TUBE Condition: Dents and Bent edge on outer tube
-OBJECT.WINDOW Condition: scratches on distal frame .
-OPTICAL FIBER S Condition: Confirmed UR dark image , Caused by cracked on optical lens. 

This complaint is not associated with a packaging issue, an incorrect labeling issue, a breach of sterile barrier packaging issue or traced to prior repair activities. Therefore, DHR review is not required.

No indication of potential user error or complaint against the IFU/label has been received. Therefore, labeling review for this complaint is not required.

""Risk review was not completed failure modes associated with PTI, as established in GWI-00045.

A risk review was performed for lens is very dark -OUTER TUBE Condition: Dents and Bent edge on outer tube-OBJECT.WINDOW Condition: scratches on distal frame .-OPTICAL FIBER S Condition: Confirmed UR dark image , Caused by cracked on optical lens.  based on historical data of the last 12 months [8/5/2025- 8/4/2026] and no unanticipated risks, new failures, and/or new harms were identified.

""A complaint history review of the last 12 months of complaints  [8/5/2025- 8/4/2026] was performed for lens is very dark -OUTER TUBE Condition: Dents and Bent edge on outer tube-OBJECT.WINDOW Condition: scratches on distal frame .-OPTICAL FIBER S Condition: Confirmed UR dark image , Caused by cracked on optical Len reported event and device malfunctions identified during product analysis] and no trends were identified. 

""A CAPA History Review was performed for lens is very dark -OUTER TUBE Condition: Dents and Bent edge on outer tube-OBJECT.WINDOW Condition: scratches on distal frame .-OPTICAL FIBER S Condition: Confirmed UR dark image , Caused by cracked on optical Len  and no related CAPAs were found.  

The complaint was confirmed, the device has dark image , Caused by cracked on optical lens.. The most probable cause of the complaint is D02 - Cause Traced to Component Failure Expected or random component failure without any design or manufacturing issue.

No further escalation is required.""",,INV-946898,"E2403 - No Clinical Signs, Symptoms or Conditions;F2601 - Problem identified before clinical use/exposure;",;B11 - Historical Data Analysis;B01 - Testing of Actual/Suspected Device;,A06 - Optical Problem;G05006 - Lenses;A040609 - Material Twisted/Bent;G04134 - Tube;A0404 - Crack;A040602 - Dent in Material;A0415 - Scratched Material;,"A06 - Optical Problem;G05006 - Lenses;C0601 - Degradation Problem Identified;D02 - Cause Traced to Component Failure;A040609 - Material Twisted/Bent;G04134 - Tube;C0706 - Stress Problem Identified;A0404 - Crack;A040602 - Dent in Material;A0415 - Scratched Material;E2403 - No Clinical Signs, Symptoms or Conditions;F2601 - Problem identified before clinical use/exposure;B11 - Historical Data Analysis;B01 - Testing of Actual/Suspected Device;"
CN-987951,,Pathway 2,1,"Rigid Video Scope: WA50042A |  WA50042A (Video telescope ""ENDOEYE HD II"", 10 mm, 30∞, autoclavable)",Sriharan S,,No,No,,0,1,,,Health Professional; User Facility,,7/26/2026,,7/26/2026,Email,,1,English,United States,OCA-DATASWEEP,OCA-DATASWEEP,68283080,68283080,WA50042A,WA50042A,Americas,"B11,,NSC SP - Rigid",Not Reportable,note from OR staff: camera has multiple dents.....not sure if it has dents...note attached,note from OR staff: camera has multiple dents.....not sure if it has dents...note attached,,DAISI,NASCIMENTO,,+1 (860)714-0103,,dnascime@trinityhealthofne.org,Y,Biomedical Engineer,114 WOODLAND ST,DAISI NASCIMENTO,HARTFORD,,6105,1299,,CT,United States,,No,USA,ST FRANCIS HOSP & MEDICAL CENTER,"114 WOODLAND ST, DAISI NASCIMENTO, HARTFORD, Connecticut, 06105-1299, United States",DAISI,,+1 (860)714-0103,dnascime@trinityhealthofne.org,NASCIMENTO,,,Biomedical Engineer,Y,No Information,,,No Information,No Information,No Information,No Information Available,No Information,Asked but unknown,"<a href=""/a0o68000003Z2qy"" target=""_blank"">WA50042A</a>",WA50042A,Rigid Video Scope,WA50042A,WA50042A,DEU,RGVS001,"Kuehnstrasse 61, Hamburg, Hamburg, <a href=""/"" target=""_blank""> </a>",4.04276E+12,,,"<a href=""/a46aa00000004oP"" target=""_blank"">Olympus Winter & Ibe GmbH</a>",Olympus Winter & Ibe GmbH,Olympus Winter & Ibe GmbH,,,,,,,701453,,0,701453,0,Reuse,1,No,No,No,Re-Use,Rigid Video Scope,Yes,,Yes,7/28/2026,,,,No,No Information,No,No,1,,INQ-1129650,,,,,,"The complaint was reported because note from OR staff: camera has multiple dents.....not sure if it has dents...note attached

The product was returned and inspected. The product analysis confirmed that 
-camera has multiple dents.
-OUTER TUBE Condition: : Confirmed UR of dents on scope RGVS_Material Issues_PTI1.
-Video Connector Condition:  Cracked on sides RGVS_Material Issues_PTI1.

One or more failure mode(s) identified has been previously investigated through the Product Technical Investigation (PTI) process and therefore does not require any further investigation. See coding table for the PTI reference number associated with these failure modes.

This complaint is not associated with a packaging issue, an incorrect labeling issue, a breach of sterile barrier packaging issue or traced to prior repair activities. Therefore, [SHR] review is not required.

No indication of potential user error or complaint against the IFU/label has been received. Therefore, labeling review for this complaint is not required.

Historical complaints  for  camera has multiple dents. based have been previously reported and investigated. This indicates that no unanticipated risks, new failure modes, or additional harms have been identified.

A complaint history review of the last 12 months of complaints  [8/5/2025- 8/4/2026] was performed for  camera has multiple dents and no trends were identified. 

A CAPA History Review was performed for camera has multiple dents.  and no related CAPAs were found.  

The complaint was confirmed, the device has camera has multiple dents Confirmed UR of dents on scope The most probable cause of the complaint is D02 - Cause Traced to Component Failure Expected or random component failure without any design or manufacturing issue.

No further escalation is required.",A0404 | G04034 | C0706 | D02;A040602 | G05001 | C0601 | D02;A040602 | G04019 | C0706 | D02;,A040602 | G05001;,1,"""The investigation will be conducted using the information provided by the customer and the inspection findings from the Repair Center (see attached Inspection Results Report). 
As part of the evaluation, the device underwent a visual inspection and functional testing to determine its condition.

The following failures were identified: 
-camera has multiple dents.
-OUTER TUBE Condition: : Confirmed UR of dents on scope RGVS_Material Issues_PTI1.
-Video Connector Condition:  Cracked on sides RGVS_Material Issues_PTI1.

Based on the product analysis, the complaint is confirmed since the device has evidence of [camera has multiple dents Confirmed UR of dents on scope], which is consistent with the reported event.""",AlexNarayanan Balakrishnan,San Jose,"No indication of potential user error or complaint against the IFU/label has been received. Therefore, labeling review for this complaint is not required. One or more failure mode(s) identified has been previously investigated through the Product Technical Investigation (PTI) process and therefore does not require any further investigation.  See coding table for the PTI reference number associated with these failure modes.","This complaint is not associated with a packaging issue, an incorrect labeling issue, a breach of sterile barrier packaging issue or traced to prior repair activities. Therefore, [SHR] review is not required.","Historical complaints for  camera have multiple dents. based have been previously reported and investigated. This indicates that no unanticipated risks, new failure modes, or additional harms have been identified.","A complaint history review of the last 12 months of complaints  [8/5/2025- 8/4/2026] was performed for camera has multiple dents. and no trends were identified. 

A CAPA History Review was performed for camera has multiple dents.  and no related CAPAs were found. One or more failure mode(s) identified has been previously investigated through the Product Technical Investigation (PTI) process and therefore does not require any further investigation.  See coding table for the PTI reference number associated with these failure modes.","The investigation did not identify any nonconformances or issues related to this complaint that require further action; therefore, no escalation is necessary. One or more failure mode(s) identified has been previously investigated through the Product Technical Investigation (PTI) process and therefore does not require any further investigation.  See coding table for the PTI reference number associated with these failure modes.","The complaint was reported because note from OR staff: camera has multiple dents.....not sure if it has dents...note attached

The product was returned and inspected. The product analysis confirmed that 
-camera has multiple dents.
-OUTER TUBE Condition: : Confirmed UR of dents on scope RGVS_Material Issues_PTI1.
-Video Connector Condition:  Cracked on sides RGVS_Material Issues_PTI1.

One or more failure mode(s) identified has been previously investigated through the Product Technical Investigation (PTI) process and therefore does not require any further investigation. See coding table for the PTI reference number associated with these failure modes.

This complaint is not associated with a packaging issue, an incorrect labeling issue, a breach of sterile barrier packaging issue or traced to prior repair activities. Therefore, [SHR] review is not required.

No indication of potential user error or complaint against the IFU/label has been received. Therefore, labeling review for this complaint is not required.

Historical complaints  for  camera has multiple dents. based have been previously reported and investigated. This indicates that no unanticipated risks, new failure modes, or additional harms have been identified.

A complaint history review of the last 12 months of complaints  [8/5/2025- 8/4/2026] was performed for  camera has multiple dents and no trends were identified. 

A CAPA History Review was performed for camera has multiple dents.  and no related CAPAs were found.  

The complaint was confirmed, the device has camera has multiple dents Confirmed UR of dents on scope The most probable cause of the complaint is D02 - Cause Traced to Component Failure Expected or random component failure without any design or manufacturing issue.

No further escalation is required.",,INV-946899,F24 - Insufficient Health Impact Information;E2401 - Insufficient Information;,;B01 - Testing of Actual/Suspected Device;B11 - Historical Data Analysis;,A040602 - Dent in Material;G05001 - Camera;A0404 - Crack;G04034 - Connector/Coupler;G04019 - Cannula;,A040602 - Dent in Material;G05001 - Camera;A0404 - Crack;G04034 - Connector/Coupler;C0706 - Stress Problem Identified;D02 - Cause Traced to Component Failure;C0601 - Degradation Problem Identified;G04019 - Cannula;B01 - Testing of Actual/Suspected Device;B11 - Historical Data Analysis;F24 - Insufficient Health Impact Information;E2401 - Insufficient Information;
CN-989316,,Pathway 2,1,CDS: OER-ELITE |  N5789340 (ENDOSCOPE REPROCESSOR),Shirisha K,,No,No,,0,0,,,Health Professional; User Facility,,7/27/2026,,7/27/2026,,7/27/2026,0,English,United States,OCA-SAP-SFDC,OCA-SAP-SFDC,OCA-SAP-SFDC Ref 20260727-3352751,20260727-3352751,OER-ELITE,N5789340,Americas,,Not Reportable,"27 7 2026 Sarah Barettino (TAC)
OER-ELITE | 2402515 - E051","27 JUL 2026 Sarah Barettino (TAC)
OER-ELITE | 2402515 - E051","Software Version: 1.10, Patch Number: N/A, Operating System: N/A",Tyrone,Luckey,,+1 609-597-6011,,tyrone.luckey@hmhn.org,N,NA,1140 ROUTE 72 W,,MANAHAWKIN,,8050,,,NJ,United States,,No,USA,HMH HOSPITALS CORPORATION,1140 ROUTE 72 W MANAHAWKIN New Jersey 08050 United States,Tyrone,,609-597-6011,tyrone.luckey@hmhn.org,Luckey,,,NA,N,Health Professional,,,NA,NA,NA,None,NA,During set up / Inspection for use (during set up in room / before patient in room),"<a href=""/a0o68000003Z2vs"" target=""_blank"">OER-ELITE</a>",N5789340,CDS,OER-ELITE,OER-ELITE,JPN,RPSR013,"3-1-1 Niiderakita, AIZUWAKAMATSU-SHI, Fukushima, <a href=""/"" target=""_blank""> </a>",4.95317E+12,,,"<a href=""/a4668000000AidX"" target=""_blank"">AIZU OLYMPUS CO., LTD.</a>",Aizu,Olympus Medical Systems Corp.,,,,,,,2402515,,0,2402515,0,Unknown,1,No,No,No,Re-Use,Reprocessor,No,,No,,,,,No,No,No,No,0,,INQ-1130885,,,,,,"The product was not returned to Olympus for inspection; however, technical assistance center (TAC) provided remote troubleshooting and E051.
This complaint is not associated with a packaging issue, an incorrect labeling issue, a breach of sterile barrier packaging issue or traced to prior repair activities. Therefore, [DHR] review is not required.

No indication of potential user error or complaint against the IFU/label has been received. Therefore, labeling review for this complaint is not required.

A risk review was performed, and no unanticipated failures or harms were identified.
A historical review of the last 12 months of complaints was performed and no trends were identified.
A CAPA History Review was performed and no related CAPAs were found.

The complaint was not confirmed, the device has E051 error. The most probable cause of the complaint is D15 - Cause Not Established-The investigation findings do not lead to a clear conclusion about the cause of the reported adverse event.
No further escalation is required.",A050402 |  | C19 | D15;,A050402 |;,1,"The product was not returned to Olympus for inspection; however, technical assistance center (TAC) provided remote troubleshooting and E051.

Troubleshooting was not able to resolve the reported allegation.

The investigation will be performed based on the available information.",Maria Jimenezmontero,San Jose,"No indication of potential user error or complaint against the IFU/label has been received. Therefore, labeling review for this complaint is not required.","This complaint is not associated with a packaging issue, an incorrect labeling issue, a breach of sterile barrier packaging issue or traced to prior repair activities. Therefore, [DHR] review is not required.","A risk review was performed for E051, based on historical data of the last 12 months [7/31/2025 to 7/30/2026] and no unanticipated risks, new failures, and/or new harms were identified.","A complaint history review of the last 12 months of complaints [7/31/2025 to 7/30/2026] was performed for E051 and no trends were identified.

A CAPA History Review was performed E051 and no related CAPAs were found.","The investigation did not identify any nonconformances or issues related to this complaint that require further action; therefore, no escalation is necessary.","The product was not returned to Olympus for inspection; however, technical assistance center (TAC) provided remote troubleshooting and E051.
This complaint is not associated with a packaging issue, an incorrect labeling issue, a breach of sterile barrier packaging issue or traced to prior repair activities. Therefore, [DHR] review is not required.

No indication of potential user error or complaint against the IFU/label has been received. Therefore, labeling review for this complaint is not required.

A risk review was performed, and no unanticipated failures or harms were identified.
A historical review of the last 12 months of complaints was performed and no trends were identified.
A CAPA History Review was performed and no related CAPAs were found.

The complaint was not confirmed, the device has E051 error. The most probable cause of the complaint is D15 - Cause Not Established-The investigation findings do not lead to a clear conclusion about the cause of the reported adverse event.
No further escalation is required.",,INV-948291,"E2403 - No Clinical Signs, Symptoms or Conditions;F2601 - Problem identified before clinical use/exposure;",;D15 - Cause Not Established;B15 - Analysis of Information Provided by User/Third Party;B11 - Historical Data Analysis;B17 - Device Not Returned;,A050402 - Gas/Air Leak;;,"A050402 - Gas/Air Leak;;C19 - No Device Problem Found;D15 - Cause Not Established;E2403 - No Clinical Signs, Symptoms or Conditions;F2601 - Problem identified before clinical use/exposure;B15 - Analysis of Information Provided by User/Third Party;B11 - Historical Data Analysis;B17 - Device Not Returned;"
CN-989350,,Pathway 2,1,CDS: OER-ELITE |  N5789340 (ENDOSCOPE REPROCESSOR),DeepthiManasa Bhamidipati,,No,No,,0,0,,,Health Professional; User Facility,,7/24/2026,,7/24/2026,,7/24/2026,0,English,United States,OCA-SAP-SFDC,OCA-SAP-SFDC,OCA-SAP-SFDC Ref 20260724-3351527,20260724-3351527,OER-ELITE,N5789340,Americas,,Not Reportable,"OER-Elite: E051 leak
24 JUL 2026 Gustavo Molina (TAC): Churchill called to report an E051. I asked him to check under the water filter tray and he did not see any fluid there that would cause the error. But did notice the Acecide drawer was not closed all the way and is not closing all the way. He said no matter what he tries the acecide tray comes right back out.

Customer contact and shipping info confirmed***
Placed Asset***

30JUL2026 - Chris Vouvalis (FSE): Went to facility to troubleshoot. Found the acecide drawer lock was bent out of position and will need to be replaced. There was no active leak in the unit. Found acecide residue on the tray underneath the acecide drawer, cleaned the tray. Placed part request for new drawer lock.

04 AUG 2026 ? Chris Vouvalis (FSE) ? Replaced acecide drawer lock on unit. Tested with maintenance tool to ensure it locks/unlocks properly. Completed test cycle successfully with no errors.  Performed repair per OER-Elite Technical Guide.  Equipment passed the electrical safety test with results attached.","OER-Elite: E051 leak
24 JUL 2026 Gustavo Molina (TAC): Churchill called to report an E051. I asked him to check under the water filter tray and he did not see any fluid there that would cause the error. But did notice the Acecide drawer was not closed all the way and is not closing all the way. He said no matter what he tries the acecide tray comes right back out.

Customer contact and shipping info confirmed***
Placed Asset***

30JUL2026 - Chris Vouvalis (FSE): Went to facility to troubleshoot. Found the acecide drawer lock was bent out of position and will need to be replaced. There was no active leak in the unit. Found acecide residue on the tray underneath the acecide drawer, cleaned the tray. Placed part request for new drawer lock.

04 AUG 2026 ? Chris Vouvalis (FSE) ? Replaced acecide drawer lock on unit. Tested with maintenance tool to ensure it locks/unlocks properly. Completed test cycle successfully with no errors.  Performed repair per OER-Elite Technical Guide.  Equipment passed the electrical safety test with results attached.","27 JUL 2026 - Magdelyn Guerrero (FS) Dispatched FSE Christopher Vouvalis, Software Version: 1.10, Patch Number: N/A, Operating System: N/A, Firmware Version: null",Churchill,Schrader,,724-968-9495,,,Y,Other Healthcare Professional,200 LOTHROP ST,,PITTSBURGH,,15213,,,PA,United States,,No,USA,UNIVERSITY OF PITTSBURGH,200 LOTHROP ST PITTSBURGH Pennsylvania 15213 United States,Churchill,,724-968-9495,,Schrader,,,Other Healthcare Professional,Y,Health Professional,,,NA,NA,NA,None,NA,Reprocessing,"<a href=""/a0o68000003Z2vs"" target=""_blank"">OER-ELITE</a>",N5789340,CDS,OER-ELITE,OER-ELITE,JPN,RPSR013,"3-1-1 Niiderakita, AIZUWAKAMATSU-SHI, Fukushima, <a href=""/"" target=""_blank""> </a>",4.95317E+12,,,"<a href=""/a4668000000AidX"" target=""_blank"">AIZU OLYMPUS CO., LTD.</a>",Aizu,Olympus Medical Systems Corp.,,,,,,,2100411,,0,2100411,1,Unknown,0,No,No,No,Re-Use,Reprocessor,Yes,,No,,,,,No,NA,No,No,0,,INQ-1128756,,,,,,"The product was not returned to Olympus for inspection; however, a field service engineer (FSE) was dispatched to customer site and E051
The Acecide drawer was not closed all the way and is not closing all the way. No matter what he tries the acecide tray comes right back out. 
Found the acecide drawer lock was bent out of position
There was no active leak in the unit. Found acecide residue on the tray underneath the acecide drawer, cleaned the tray

The investigation will be performed based on the available information.

This complaint is not associated with a packaging issue, an incorrect labeling issue, a breach of sterile barrier packaging issue or traced to prior repair activities. Therefore, [DHR] review is not required.

No indication of potential user error or complaint against the IFU/label has been received. Therefore, labeling review for this complaint is not required.

The complaint history review identified additional historical complaints for the reported event and device malfunctions identified during product analysis. Therefore, risk review for Pathway 2 complaints is not required.

A historical review of the last 12 months of complaints was performed and no trends were identified. 

A CAPA History Review was performed and no related CAPAs were found. 

The complaint was confirmed, FSE found the acecide drawer lock was bent out of position and found acecide residue on the tray underneath the acecide drawer, cleaned the tray. The most probable cause of the complaint is D02 - Component Failure, expected or random component failure without any design or manufacturing issue.

No further escalation is required.",A050402 |  | C0703 | D02;A051104 | G03016 | C070601 | D02;A040609 | G06004 | C070601 | D02;A1803 | G03016 | C0601 | D15;,A050402 |;,1,"The product was not returned to Olympus for inspection; however, a field service engineer (FSE) was dispatched to customer site and E051
The Acecide drawer was not closed all the way and is not closing all the way. No matter what he tries the acecide tray comes right back out. 
Found the acecide drawer lock was bent out of position
There was no active leak in the unit. Found acecide residue on the tray underneath the acecide drawer, cleaned the tray

The complaint was confirmed.

The investigation will be performed based on the available information.",Perla Lopez,San Jose,"No indication of potential user error or complaint against the IFU/label has been received. Therefore, labeling review for this complaint is not required.","This complaint is not associated with a packaging issue, an incorrect labeling issue, a breach of sterile barrier packaging issue or traced to prior repair activities. Therefore, [DHR] review is not required.","The complaint history review identified additional historical complaints for the reported event and device malfunctions identified during product analysis. Therefore, risk review for Pathway 2 complaints is not required.","A complaint history review of the last 12 months of complaints [8/5/2025 to 08/04/2026] was performed for following failures and no trends were identified. 
E051
The Acecide drawer was not closed all the way and is not closing all the way. No matter what he tries the acecide tray comes right back out. 
Found the acecide drawer lock was bent out of position
There was no active leak in the unit. Found acecide residue on the tray underneath the acecide drawer, cleaned the tray

A CAPA History Review was performed for following failures and no related CAPAs were found.  
E051
The Acecide drawer was not closed all the way and is not closing all the way. No matter what he tries the acecide tray comes right back out. 
Found the acecide drawer lock was bent out of position
There was no active leak in the unit. Found acecide residue on the tray underneath the acecide drawer, cleaned the tray","The investigation did not identify any nonconformances or issues related to this complaint that require further action; therefore, no escalation is necessary.","The product was not returned to Olympus for inspection; however, a field service engineer (FSE) was dispatched to customer site and E051
The Acecide drawer was not closed all the way and is not closing all the way. No matter what he tries the acecide tray comes right back out. 
Found the acecide drawer lock was bent out of position
There was no active leak in the unit. Found acecide residue on the tray underneath the acecide drawer, cleaned the tray

The investigation will be performed based on the available information.

This complaint is not associated with a packaging issue, an incorrect labeling issue, a breach of sterile barrier packaging issue or traced to prior repair activities. Therefore, [DHR] review is not required.

No indication of potential user error or complaint against the IFU/label has been received. Therefore, labeling review for this complaint is not required.

The complaint history review identified additional historical complaints for the reported event and device malfunctions identified during product analysis. Therefore, risk review for Pathway 2 complaints is not required.

A historical review of the last 12 months of complaints was performed and no trends were identified. 

A CAPA History Review was performed and no related CAPAs were found. 

The complaint was confirmed, FSE found the acecide drawer lock was bent out of position and found acecide residue on the tray underneath the acecide drawer, cleaned the tray. The most probable cause of the complaint is D02 - Component Failure, expected or random component failure without any design or manufacturing issue.

No further escalation is required.",,INV-948323,"E2403 - No Clinical Signs, Symptoms or Conditions;F27 - Problem identified during non-clinical procedure.;",;D15 - Cause Not Established;B15 - Analysis of Information Provided by User/Third Party;B01 - Testing of Actual/Suspected Device;B11 - Historical Data Analysis;B17 - Device Not Returned;,A050402 - Gas/Air Leak;;A051104 - Difficult to Open or Close;G03016 - Tray;A040609 - Material Twisted/Bent;G06004 - Locking Mechanism;A1803 - Device Reprocessing Problem;,"A050402 - Gas/Air Leak;;C0703 - Leakage/Seal;D02 - Cause Traced to Component Failure;A051104 - Difficult to Open or Close;G03016 - Tray;C070601 - Deformation/Distortion Problem;A040609 - Material Twisted/Bent;G06004 - Locking Mechanism;A1803 - Device Reprocessing Problem;C0601 - Degradation Problem Identified;D15 - Cause Not Established;E2403 - No Clinical Signs, Symptoms or Conditions;F27 - Problem identified during non-clinical procedure.;B15 - Analysis of Information Provided by User/Third Party;B01 - Testing of Actual/Suspected Device;B11 - Historical Data Analysis;B17 - Device Not Returned;"
CN-989441,,Pathway 2,1,Monitor: OEV321UH |  N6018140 (4K UHD LCD MONITOR),KarthikRajan D,,No,No,,0,0,,,Health Professional; User Facility,,7/24/2026,,7/27/2026,,7/24/2026,0,English,United States,OCA-SAP-SFDC,OCA-SAP-SFDC,OCA-SAP-SFDC Ref 20260727-3352915,20260727-3352915,OEV321UH,N6018140,Americas,,Malfunction,"27 JUL 2026 Doug Whitaker (TAC):
Matt Meyers, Sales Representative, reported an out-of-box experience (OOBX) issue on behalf of Gwynne Thompson, Administrator/Supervisor, for device OEV321UH (S/N 7506836).
The reported issue is that the device will not power on. 
Two alternate power sources were tested in addition to the supplied power source, with no success. 
A constant orange indicator light is observed during power-on attempts.
Matt Meyers referenced the device IFU, which recommends service, repair, or possible replacement depending on the circumstances. 
He requested an RMA for evaluation and resolution.
A case was created, and the request was escalated to Sales Support (Julie B.) for RMA processing. 
Awaiting RMA details from Julie B. and/or Matt Meyers.

29-JUL-2026-DougWhitaker-TAC-330p-No RMA has been provided from Matt or Julie.
Case can be closed.
No further assistance is needed from TAC.","27 JUL 2026 Doug Whitaker (TAC):
Matt Meyers, Sales Representative, reported an out-of-box experience (OOBX) issue on behalf of Gwynne Thompson, Administrator/Supervisor, for device OEV321UH (S/N 7506836).
The reported issue is that the device will not power on. 
Two alternate power sources were tested in addition to the supplied power source, with no success. 
A constant orange indicator light is observed during power-on attempts.
Matt Meyers referenced the device IFU, which recommends service, repair, or possible replacement depending on the circumstances. 
He requested an RMA for evaluation and resolution.
A case was created, and the request was escalated to Sales Support (Julie B.) for RMA processing. 
Awaiting RMA details from Julie B. and/or Matt Meyers.

29-JUL-2026-DougWhitaker-TAC-330p-No RMA has been provided from Matt or Julie.
Case can be closed.
No further assistance is needed from TAC.","27 JUL 2026 Doug Whitaker (TAC):
937
Matt Meyers, Sales Rep. Endo West
405-315-3017
For facility,
Gwynne Thompson
Administrator/Supervisor
Email verified in contacts.
The ""Service Report provided to Customer"" box checked to close the case. No Field Service Report was sent to customer.

28-JUL-2026-DougWhitaker-TAC-806a-No RMA from Matt or Julie.

29-JUL-2026-DougWhitaker-TAC-Closing the case, Software Version: null, Patch Number: null, Operating System: null, Firmware Version: null",Gwynne,Thompson,,651-278-7860,,gwynne.thompson@mercy.net,Y,Administrator/Supervisor,4300 W MEMORIAL RD,,OKLAHOMA CITY,,73120,8362,,OK,United States,,No,USA,MERCY HOSPITAL OKLAHOMA CITY INC,4300 W MEMORIAL RD OKLAHOMA CITY Oklahoma 73120-8362 United States,Gwynne,,651-278-7860,gwynne.thompson@mercy.net,Thompson,,,Administrator/Supervisor,Y,No Information,,,NA,NA,NA,None,NA,"Out of the Box Failure (e.g., upon receipt or unpacking)","<a href=""/a0o68000003Z2hs"" target=""_blank"">OEV321UH</a>",N6018140,Monitor,OEV321UH,OEV321UH,JPN,CVCL058,"3-1 Okamiyama, Odakura,  Nishigo-Mura,, Nishishirakawa-Gun, Fukushima, <a href=""/"" target=""_blank""> </a>",4.95317E+12,1/15/2026,1/15/2026,"<a href=""/a4668000000AidZ"" target=""_blank"">SHIRAKAWA OLYMPUS CO., LTD.</a>",Shirakawa,Olympus Medical Systems Corp.,,,,,,,7506836,,0,7506836,0,Unknown,0,No,No,No,Re-Use,CV and CLV,No,,No,,,,,No,No,No,No,0,,INQ-1131027,,,,,,"The product was not returned to Olympus for inspection; however, Technical Assistance Center (TAC) provided remote troubleshooting and confirmed that the device would not power on. The supplied power source and two alternate power sources were tested without success. A constant orange indicator light was observed during power-on attempts. Based on the Instructions for Use (IFU), service, repair, or replacement was recommended, and an RMA was requested for further evaluation.

Troubleshooting was not able to resolve the reported allegation.
The investigation will be performed based on the available information.

One or more failure mode(s) identified has been previously investigated through the Product Technical Investigation (PTI) process and therefore does not require any further investigation.  See coding table for the PTI reference number associated with these failure modes.

A DHR review was conducted and no issues were identified. 

Historical complaints for [out-of-box experience (OOBX) issue, device will not power on] have been previously reported and investigated. This indicates that no unanticipated risks, new failure modes, or additional harms have been identified.

A complaint history review of the last 12 months of complaints [6 Aug 2025- 5 Aug 2026] was performed for [out-of-box experience (OOBX) issue, device will not power on] and no trends were identified. 

A CAPA History Review was performed for [out-of-box experience (OOBX) issue, device will not power on] and no related CAPAs were found.

The complaint was confirmed; the device will not power on but Troubleshooting was not able to resolve the reported allegation. The most probable cause of the complaint is D02 - Cause Traced to Component Failure. Expected or random component failure without any design or manufacturing issue.
No further escalation is required.",A070803 | G02027 | C0207 | D02;A02 |  | C07 | D02;,A070803 | G02027;A02 |;,1,"The product was not returned to Olympus for inspection; however, Technical Assistance Center (TAC) provided remote troubleshooting and confirmed that the device would not power on. The supplied power source and two alternate power sources were tested without success. A constant orange indicator light was observed during power-on attempts. Based on the Instructions for Use (IFU), service, repair, or replacement was recommended, and an RMA was requested for further evaluation.

Troubleshooting was not able to resolve the reported allegation.
The investigation will be performed based on the available information.",KarthikRajan D,San Jose,"No indication of potential user error or complaint against the IFU/label has been received. Therefore, labeling review for this complaint is not required. One or more failure mode(s) identified has been previously investigated through the Product Technical Investigation (PTI) process and therefore does not require any further investigation. See coding table for the PTI reference number associated with these failure modes.",A DHR review was conducted and no issues were identified.,"Historical complaints for [out-of-box experience (OOBX) issue, device will not power on] have been previously reported and investigated. This indicates that no unanticipated risks, new failure modes, or additional harms have been identified. One or more failure mode(s) identified has been previously investigated through the Product Technical Investigation (PTI) process and therefore does not require any further investigation. See coding table for the PTI reference number associated with these failure modes.","A complaint history review of the last 12 months of complaints [6 Aug 2025- 5 Aug 2026] was performed for [out-of-box experience (OOBX) issue, device will not power on] and no trends were identified. 

A CAPA History Review was performed for [out-of-box experience (OOBX) issue, device will not power on] and no related CAPAs were found. One or more failure mode(s) identified has been previously investigated through the Product Technical Investigation (PTI) process and therefore does not require any further investigation. See coding table for the PTI reference number associated with these failure modes.","The investigation did not identify any nonconformances or issues related to this complaint that require further action; therefore, no escalation is necessary. One or more failure mode(s) identified has been previously investigated through the Product Technical Investigation (PTI) process and therefore does not require any further investigation. See coding table for the PTI reference number associated with these failure modes.","The product was not returned to Olympus for inspection; however, Technical Assistance Center (TAC) provided remote troubleshooting and confirmed that the device would not power on. The supplied power source and two alternate power sources were tested without success. A constant orange indicator light was observed during power-on attempts. Based on the Instructions for Use (IFU), service, repair, or replacement was recommended, and an RMA was requested for further evaluation.

Troubleshooting was not able to resolve the reported allegation.
The investigation will be performed based on the available information.

One or more failure mode(s) identified has been previously investigated through the Product Technical Investigation (PTI) process and therefore does not require any further investigation.  See coding table for the PTI reference number associated with these failure modes.

A DHR review was conducted and no issues were identified. 

Historical complaints for [out-of-box experience (OOBX) issue, device will not power on] have been previously reported and investigated. This indicates that no unanticipated risks, new failure modes, or additional harms have been identified.

A complaint history review of the last 12 months of complaints [6 Aug 2025- 5 Aug 2026] was performed for [out-of-box experience (OOBX) issue, device will not power on] and no trends were identified. 

A CAPA History Review was performed for [out-of-box experience (OOBX) issue, device will not power on] and no related CAPAs were found.

The complaint was confirmed; the device will not power on but Troubleshooting was not able to resolve the reported allegation. The most probable cause of the complaint is D02 - Cause Traced to Component Failure. Expected or random component failure without any design or manufacturing issue.
No further escalation is required.",,INV-948420,"F26 - No Health Consequences or Impact;E2403 - No Clinical Signs, Symptoms or Conditions;",;B15 - Analysis of Information Provided by User/Third Party;B11 - Historical Data Analysis;B17 - Device Not Returned;,"A070803 - Failure to Power Up;G02027 - Power Supply;A02 - Manufacturing, Packaging or Shipping Problem;;","A070803 - Failure to Power Up;G02027 - Power Supply;A02 - Manufacturing, Packaging or Shipping Problem;C0207 - Power Source Problem Identified;D02 - Cause Traced to Component Failure;;C07 - Mechanical Problem Identified;F26 - No Health Consequences or Impact;E2403 - No Clinical Signs, Symptoms or Conditions;B15 - Analysis of Information Provided by User/Third Party;B11 - Historical Data Analysis;B17 - Device Not Returned;"
CN-989463,,Pathway 2,1,CDS: OER-ELITE |  N5789340 (ENDOSCOPE REPROCESSOR),Kalesha Shaik,,No,No,,0,0,,,Health Professional; User Facility,,7/27/2026,,7/27/2026,,7/27/2026,0,English,United States,OCA-SAP-SFDC,OCA-SAP-SFDC,OCA-SAP-SFDC Ref 20260727-3352934,20260727-3352934,OER-ELITE,N5789340,Americas,,Not Reportable,OER-ELITE | 2100266 E005,"27JUL2026 TOM KRAMER TAC CORE: OER-ELITE | 2100266 E005 the electrode water level sensor or the float switch in the reprocessing basin indicates an overflow level advised verified contact. Contact advised that all sensors are maintained and the sensor covers are intact. Four other OERs are operating properly at location. Contact requested dispatch.

Agreement End Date
5/25/2027

Send recommended parts to Reporter Contact and Account Ship-To address confirmed by customer.

Dispatch Field Service Engineer to Reporter Contact and Account Ship-To address confirmed by customer.

27 JUL 2026 chris stolzman (FSE): E-mailed site admin Pat Graham that parts have been ordered for their OER-ELITE for error code E-005. Will update customer with parts tracking when available. Once parts have been received service date will be scheduled

28 JUL 2026 chris stolzman (FSE): Notified site admin Pat Graham that parts have been received. onsite servive is scheduled for 7/28/26.","27 JUL 2026 - Magdelyn Guerrero (FS) Dispatched FSE Christopher Stolzman, Software Version: 1.10, Patch Number: N/A, Operating System: N/A, Firmware Version: null


From UR-4072797 
28 JUL 2026 chris stolzman (FSE): Replaced long and short float switch on customers OER-ELITE for error code E-005.Completed test cycle successfully with no errors. Performed repair per OER-Elite Technical Guide. Equipment passed the electrical safety test with results attached.",KATIE,PRZYBYLSKI,,716-332-1000,,katie.przybylski@scasurgery.com,Y,Other Healthcare Professional,60 MAPLE RD,,BUFFALO,,14221,2917,,NY,United States,,No,USA,ENDOSCOPY CENTER OF WESTERN NEW,60 MAPLE RD BUFFALO New York 14221-2917 United States,KATIE,,716-332-1000,katie.przybylski@scasurgery.com,PRZYBYLSKI,,,Other Healthcare Professional,Y,Health Professional,,,No Information,No Information,No Information,No Information Available,NA,Reprocessing,"<a href=""/a0o68000003Z2vs"" target=""_blank"">OER-ELITE</a>",N5789340,CDS,OER-ELITE,OER-ELITE,JPN,RPSR013,"3-1-1 Niiderakita, AIZUWAKAMATSU-SHI, Fukushima, <a href=""/"" target=""_blank""> </a>",4.95317E+12,,,"<a href=""/a4668000000AidX"" target=""_blank"">AIZU OLYMPUS CO., LTD.</a>",Aizu,Olympus Medical Systems Corp.,,,,,,,2100266,,0,2100266,0,Reuse,1,No,No,No,Re-Use,Reprocessor,Yes,,No,,,,,No,No,No,No,0,,INQ-1131050,,,,,,"The complaint was reported because error E005.

The product was not returned to Olympus for inspection; however, a field service engineer (FSE) was dispatched to customer site and the electrode water level sensor or the float switch in the reprocessing basin indicates an overflow level advised. Replaced long and short float switch on customers OER-ELITE for error code E-005.Completed test cycle successfully with no errors. Performed repair per OER-Elite.
The complaint is confirmed since the device has evidence of replace float switch, which is consistent with the reported event.

A DHR Review was not completed, and This complaint is not associated with a packaging issue, an incorrect labeling issue, a breach of sterile barrier packaging issue or traced to prior repair activities.

A labeling review was not conducted, and No indication of potential user error or complaint against the IFU/label has been received.

A risk review was performed and no unanticipated failures or harms were identified

A historical review of the last 12 months of complaints was performed and no trends were identified.

A CAPA History Review was performed and no related CAPAs were found.

The complaint was confirmed; replaced float switch. The most probable cause of the complaint is D02 - Cause Traced to Component Failure, Expected or random component failure without any design or manufacturing issue.

No further escalation is required.",A140302 | G03012 | C0601 | D02;,A140302 | G03012;,1,"The complaint was reported because error E005.

The product was not returned to Olympus for inspection; however, a field service engineer (FSE) was dispatched to customer site and the electrode water level sensor or the float switch in the reprocessing basin indicates an overflow level advised. Replaced long and short float switch on customers OER-ELITE for error code E-005.Completed test cycle successfully with no errors. Performed repair per OER-Elite.

The complaint is confirmed since the device has evidence of replaced float switch, which is consistent with the reported event.",Kalesha Shaik,San Jose,"No indication of potential user error or complaint against the IFU/label has been received. Therefore, labeling review for this complaint is not required.","This complaint is not associated with a packaging issue, an incorrect labeling issue, a breach of sterile barrier packaging issue or traced to prior repair activities. Therefore, [DHR] review is not required.","A risk review was performed for error E005  based on historical data of the last 12 months 08/18/2025 - 08/17/2026 and no unanticipated risks, new failures, and/or new harms were identified.","A complaint history review of the last 12 months of complaints [08/18/2025 - 08/17/2026] was performed for error E005 and no trends were identified. 

A CAPA History Review was performed for error E005 and no related CAPAs were found.","The investigation did not identify any nonconformances or issues related to this complaint that require further action; therefore, no escalation is necessary.","The complaint was reported because error E005.

The product was not returned to Olympus for inspection; however, a field service engineer (FSE) was dispatched to customer site and the electrode water level sensor or the float switch in the reprocessing basin indicates an overflow level advised. Replaced long and short float switch on customers OER-ELITE for error code E-005.Completed test cycle successfully with no errors. Performed repair per OER-Elite.
The complaint is confirmed since the device has evidence of replace float switch, which is consistent with the reported event.

A DHR Review was not completed, and This complaint is not associated with a packaging issue, an incorrect labeling issue, a breach of sterile barrier packaging issue or traced to prior repair activities.

A labeling review was not conducted, and No indication of potential user error or complaint against the IFU/label has been received.

A risk review was performed and no unanticipated failures or harms were identified

A historical review of the last 12 months of complaints was performed and no trends were identified.

A CAPA History Review was performed and no related CAPAs were found.

The complaint was confirmed; replaced float switch. The most probable cause of the complaint is D02 - Cause Traced to Component Failure, Expected or random component failure without any design or manufacturing issue.

No further escalation is required.",,INV-948442,"E2403 - No Clinical Signs, Symptoms or Conditions;F27 - Problem identified during non-clinical procedure.;",;D02 - Cause Traced to Component Failure;B01 - Testing of Actual/Suspected Device;B11 - Historical Data Analysis;B17 - Device Not Returned;,A140302 - Overfill;G03012 - Sensor;,"A140302 - Overfill;G03012 - Sensor;C0601 - Degradation Problem Identified;D02 - Cause Traced to Component Failure;E2403 - No Clinical Signs, Symptoms or Conditions;F27 - Problem identified during non-clinical procedure.;B01 - Testing of Actual/Suspected Device;B11 - Historical Data Analysis;B17 - Device Not Returned;"
CN-989480,,Pathway 2,1,CDS: OER-ELITE |  N5789340 (ENDOSCOPE REPROCESSOR),ShaikAbdul Wahaab,,No,No,,0,0,,,Health Professional; User Facility,,7/27/2026,,7/27/2026,,7/27/2026,0,English,United States,OCA-SAP-SFDC,OCA-SAP-SFDC,OCA-SAP-SFDC Ref 20260727-3352974,20260727-3352974,OER-ELITE,N5789340,Americas,,Not Reportable,"27 JUL 2026 Steve Hayes (FSE) Scope Tech Evelynn reported the scope connector labels located in the OER's Basin are peeling off. FSE is ordering new Basin labels. The ORER is fully operational.
28 JUL 2026 Steve Hayes (FSE) Replaced Connector Label L & R, and LT2(LT1 Connector Label is on back-order). The OER if fully operational following repair. Completed test cycle successfully with no errors.  Performed repair per OER-Elite Technical Guide. The covers of the equipment were not removed so an electrical safety check was not required.

28 JUL 2026 Steve Hayes (FSE) Connector Label LT1 is currently on back-order. A 2nd FSE visit is required when Connector LT1 is available.
07 AUG 2020 Steve Hayes (FSE) Connector Label LT1 was replaced. Completed test cycle successfully with no errors.  Performed repair per OER-Pro Technical Guide. The covers of the equipment were not removed so an electrical safety check was not required.","27 JUL 2026 Steve Hayes (FSE) Scope Tech Evelynn reported the scope connector labels located in the OER's Basin are peeling off. FSE is ordering new Basin labels. The ORER is fully operational.
28 JUL 2026 Steve Hayes (FSE) Replaced Connector Label L & R, and LT2(LT1 Connector Label is on back-order). The OER if fully operational following repair. Completed test cycle successfully with no errors.  Performed repair per OER-Elite Technical Guide. The covers of the equipment were not removed so an electrical safety check was not required.

28 JUL 2026 Steve Hayes (FSE) Connector Label LT1 is currently on back-order. A 2nd FSE visit is required when Connector LT1 is available.
07 AUG 2020 Steve Hayes (FSE) Connector Label LT1 was replaced. Completed test cycle successfully with no errors.  Performed repair per OER-Pro Technical Guide. The covers of the equipment were not removed so an electrical safety check was not required.","28 JUL 2026 Steve Hayes (FSE) Connector Label LT1 is currently on back-order. A 2nd FSE visit is required when Connector LT1 is available.
07 AUG 2026 Steve Hayes (FSE) Connector Label LT1 is currently on back-order. A 2nd FSE visit is required when Connector LT1 is available., Updated Software Version: 1.10, Updated Patch Number: N/A, Updated Operating System: N/A",Martha,Bollella,,+1 860-683-9991,(860) 683-4077,mbollella@sfgie.com,Y,Other Healthcare Professional,360 BLOOMFIELD AVE,,WINDSOR,,6095,2700,,CT,United States,,No,USA,SAINT FRANCIS GI ENDOSCOPY LLC,360 BLOOMFIELD AVE WINDSOR Connecticut 06095-2700 United States,Martha,,+1 860-683-9991,mbollella@sfgie.com,Bollella,,,Other Healthcare Professional,Y,Health Professional,,,NA,NA,NA,None,NA,Reprocessing,"<a href=""/a0o68000003Z2vs"" target=""_blank"">OER-ELITE</a>",N5789340,CDS,OER-ELITE,OER-ELITE,JPN,RPSR013,"3-1-1 Niiderakita, AIZUWAKAMATSU-SHI, Fukushima, <a href=""/"" target=""_blank""> </a>",4.95317E+12,,,"<a href=""/a4668000000AidX"" target=""_blank"">AIZU OLYMPUS CO., LTD.</a>",Aizu,Olympus Medical Systems Corp.,,,,,,,2100563,,0,2100563,0,Unknown,1,No,No,No,Re-Use,Reprocessor,No,,No,,,,,No,NA,No,No,0,,INQ-1131066,,,,,,"The product was not returned to Olympus for inspection; however, a field service engineer (FSE) was dispatched to customer site and connector labels located in the OER's Basin are peeling off and Replaced Connector Label
The complaint is confirmed 
The investigation will be performed based on the available information.

This complaint is not associated with a packaging issue, an incorrect labeling issue, a breach of sterile barrier packaging issue or traced to prior repair activities. Therefore, DHR review is not required.

A labeling review was not conducted.

A CAPA, complaint and risk review was completed for the reported allegation of connector labels located in the OER's Basin are peeling off and Replaced Connector Label, where no related CAPAs were found, no related trends were observed and no unanticipated risks, new failures, and new harms were identified.

The complaint was confirmed; the device has connector labels located in the OER's Basin are peeling off and Replaced Connector Label. The most probable cause of the complaint is D02 - Cause Traced to Component Failure
No further escalation is required.",A040506 | G04080 | C0601 | D02;,A040506 | G04080;,1,"The product was not returned to Olympus for inspection; however, a field service engineer (FSE) was dispatched to customer site and connector labels located in the OER's Basin are peeling off and Replaced Connector Label
The complaint is confirmed 
The investigation will be performed based on the available information.",Maria Herrera,San Jose,"No indication of potential user error or complaint against the IFU/label has been received. Therefore, labeling review for this complaint is not required.","This complaint is not associated with a packaging issue, an incorrect labeling issue, a breach of sterile barrier packaging issue or traced to prior repair activities. Therefore, DHR review is not required.","A risk review was performed for connector labels located in the OER's Basin are peeling off and Replaced Connector Label, based on historical data of the last 12 months 07/31/2025 - 07/30/2026 and no unanticipated risks, new failures, and/or new harms were identified.","A complaint history review of the last 12 months of complaints 07/31/2025 - 07/30/2026 was performed for connector labels located in the OER's Basin are peeling off and Replaced Connector Label and no trends were identified.

A CAPA History Review was performed for [connector labels located in the OER's Basin are peeling off and Replaced Connector Label] and no related CAPAs were found","The investigation did not identify any nonconformances or issues related to this complaint that require further action; therefore, no escalation is necessary","The product was not returned to Olympus for inspection; however, a field service engineer (FSE) was dispatched to customer site and connector labels located in the OER's Basin are peeling off and Replaced Connector Label
The complaint is confirmed 
The investigation will be performed based on the available information.

This complaint is not associated with a packaging issue, an incorrect labeling issue, a breach of sterile barrier packaging issue or traced to prior repair activities. Therefore, DHR review is not required.

A labeling review was not conducted.

A CAPA, complaint and risk review was completed for the reported allegation of connector labels located in the OER's Basin are peeling off and Replaced Connector Label, where no related CAPAs were found, no related trends were observed and no unanticipated risks, new failures, and new harms were identified.

The complaint was confirmed; the device has connector labels located in the OER's Basin are peeling off and Replaced Connector Label. The most probable cause of the complaint is D02 - Cause Traced to Component Failure
No further escalation is required.",,INV-948460,"E2403 - No Clinical Signs, Symptoms or Conditions;F27 - Problem identified during non-clinical procedure.;",;D02 - Cause Traced to Component Failure;B11 - Historical Data Analysis;B17 - Device Not Returned;B01 - Testing of Actual/Suspected Device;,A040506 - Peeled/Delaminated;G04080 - Label;,"A040506 - Peeled/Delaminated;G04080 - Label;C0601 - Degradation Problem Identified;D02 - Cause Traced to Component Failure;E2403 - No Clinical Signs, Symptoms or Conditions;F27 - Problem identified during non-clinical procedure.;B11 - Historical Data Analysis;B17 - Device Not Returned;B01 - Testing of Actual/Suspected Device;"
CN-989491,,Pathway 2,1,SI / Diag / Image rec: OEP-6 |  N6019840 (COLOR VIDEO PRINTER),KarthikRajan D,,No,No,,0,0,,,Health Professional; User Facility,,7/27/2026,,7/27/2026,,7/27/2026,0,English,United States,OCA-SAP-SFDC,OCA-SAP-SFDC,OCA-SAP-SFDC Ref 20260727-3352996,20260727-3352996,OEP-6,N6019840,Americas,,Not Reportable,"27 JULY 2026 Kimberly McShane(TAC)Unable to print images from OEP-6.
Derek called to report the staff was attempting to print a second set of images from the OEP-6 printer. I advised per the CV-190 Quick Reference Guide- Print Images from Buffer. He was only able to print when the printer was turned off, then back on. The staff was getting ready to perform a procedure. The staff alerted him that they had to turn off the printer after each procedure. Then back on to print the images. It was noted an E405 flashed on the monitor, however the printer was printing when they took pictures around the room. Derek informed me at the end of the call, the CV-190 is a loaner. The staff had to start the procedure, Derek will call back after the procedure is finished. Case number provided.","27 JULY 2026 Kimberly McShane(TAC)Unable to print images from OEP-6.
Derek called to report the staff was attempting to print a second set of images from the OEP-6 printer. I advised per the CV-190 Quick Reference Guide- Print Images from Buffer. He was only able to print when the printer was turned off, then back on. The staff was getting ready to perform a procedure. The staff alerted him that they had to turn off the printer after each procedure. Then back on to print the images. It was noted an E405 flashed on the monitor, however the printer was printing when they took pictures around the room. Derek informed me at the end of the call, the CV-190 is a loaner. The staff had to start the procedure, Derek will call back after the procedure is finished. Case number provided.","30 July 2026 Kimberly McShane(TAC) Customer did not call back to request further assistance. No Service Report provided., Software Version: null, Patch Number: null, Operating System: null, Firmware Version: null",Derrick,Corbitt,,+1 470-261-1909,,derrick.corbitt@piedmont.org,Y,Biomedical Engineer,1133 EAGLES LANDING PKWY,,STOCKBRIDGE,,30281,5085,,GA,United States,,No,USA,PIEDMONT HENRY HOSPITAL,1133 EAGLES LANDING PKWY STOCKBRIDGE Georgia 30281-5085 United States,Derrick,,+1 470-261-1909,derrick.corbitt@piedmont.org,Corbitt,,,Biomedical Engineer,Y,Health Professional,,,NA,NA,NA,No Serious Injury/No Adverse Patient Effects,NA,During set up / Inspection for use (during set up in room / before patient in room),"<a href=""/a0o68000003Yzwr"" target=""_blank"">OEP-6</a>",N6019840,SI / Diag / Image rec,OEP-6,OEP-6,JPN,CVCL070,"3-1 Okamiyama, Odakura,  Nishigo-Mura,, Nishishirakawa-Gun, Fukushima, <a href=""/"" target=""_blank""> </a>",4.95317E+12,,,"<a href=""/a4668000000AidZ"" target=""_blank"">SHIRAKAWA OLYMPUS CO., LTD.</a>",Shirakawa,Olympus Medical Systems Corp.,,,,,,,7312188,,0,7312188,0,Unknown,1,No,No,No,Re-Use,CV and CLV,No,,No,,,,,No,No,No,No,0,,INQ-1131076,,,,,,"The product was not returned to Olympus for inspection; however, Technical Assistance Center (TAC) provided remote troubleshooting and advised the customer to follow the CV-190 Quick Reference Guide procedure for printing images from the buffer. During troubleshooting, it was determined that image printing could be restored by powering the printer off and back on. The customer also reported that an E405 message briefly flashed on the monitor; however, the printer was able to print images during troubleshooting. No additional information or service evaluation was provided, as the customer did not call back for further assistance.

Troubleshooting was able to temporarily resolve the reported allegation by restoring printing functionality after a power cycle; however, the underlying cause of the reported issue could not be determined.

The investigation will be performed based on the available information.

This complaint is not associated with a packaging issue, an incorrect labeling issue, a breach of sterile barrier packaging issue or traced to prior repair activities. Therefore, DHR review is not required.

No indication of potential user error or complaint against the IFU/label has been received. Therefore, labeling review for this complaint is not required.

Historical complaints for [Unable to print images from OEP-6, E405 flashed on the monitor] have been previously reported and investigated. This indicates that no unanticipated risks, new failure modes, or additional harms have been identified.

A complaint history review of the last 12 months of complaints [04 August 2025 - 03 August 2026] was performed for [Unable to print images from OEP-6, E405 flashed on the monitor] and no trends were identified. 

A CAPA History Review was performed for [Unable to print images from OEP-6, E405 flashed on the monitor] and no related CAPAs were found.  

The complaint was confirmed; the device has Unable to print images from OEP-6. The most probable cause of the complaint is D02 - Cause Traced to Component Failure. Expected or random component failure without any design or manufacturing issue.
No further escalation is required.",A09 | G02029 | C0401 | D02;A13 | G02014 | C0201 | D02;,A09 | G02029;A13 | G02014;,1,"The product was not returned to Olympus for inspection; however, Technical Assistance Center (TAC) provided remote troubleshooting and advised the customer to follow the CV-190 Quick Reference Guide procedure for printing images from the buffer. During troubleshooting, it was determined that image printing could be restored by powering the printer off and back on. The customer also reported that an E405 message briefly flashed on the monitor; however, the printer was able to print images during troubleshooting. No additional information or service evaluation was provided, as the customer did not call back for further assistance.

Troubleshooting was able to temporarily resolve the reported allegation by restoring printing functionality after a power cycle; however, the underlying cause of the reported issue could not be determined.

The investigation will be performed based on the available information.",Byron Solis Rodriguez,San Jose,"No indication of potential user error or complaint against the IFU/label has been received. Therefore, labeling review for this complaint is not required.","This complaint is not associated with a packaging issue, an incorrect labeling issue, a breach of sterile barrier packaging issue or traced to prior repair activities. Therefore, DHR review is not required.","Historical complaints for [Unable to print images from OEP-6, E405 flashed on the monitor] have been previously reported and investigated. This indicates that no unanticipated risks, new failure modes, or additional harms have been identified.","A complaint history review of the last 12 months of complaints [04 August 2025 - 03 August 2026] was performed for [Unable to print images from OEP-6, E405 flashed on the monitor] and no trends were identified. 

A CAPA History Review was performed for [Unable to print images from OEP-6, E405 flashed on the monitor] and no related CAPAs were found.","The investigation did not identify any nonconformances or issues related to this complaint that require further action; therefore, no escalation is necessary.","The product was not returned to Olympus for inspection; however, Technical Assistance Center (TAC) provided remote troubleshooting and advised the customer to follow the CV-190 Quick Reference Guide procedure for printing images from the buffer. During troubleshooting, it was determined that image printing could be restored by powering the printer off and back on. The customer also reported that an E405 message briefly flashed on the monitor; however, the printer was able to print images during troubleshooting. No additional information or service evaluation was provided, as the customer did not call back for further assistance.

Troubleshooting was able to temporarily resolve the reported allegation by restoring printing functionality after a power cycle; however, the underlying cause of the reported issue could not be determined.

The investigation will be performed based on the available information.

This complaint is not associated with a packaging issue, an incorrect labeling issue, a breach of sterile barrier packaging issue or traced to prior repair activities. Therefore, DHR review is not required.

No indication of potential user error or complaint against the IFU/label has been received. Therefore, labeling review for this complaint is not required.

Historical complaints for [Unable to print images from OEP-6, E405 flashed on the monitor] have been previously reported and investigated. This indicates that no unanticipated risks, new failure modes, or additional harms have been identified.

A complaint history review of the last 12 months of complaints [04 August 2025 - 03 August 2026] was performed for [Unable to print images from OEP-6, E405 flashed on the monitor] and no trends were identified. 

A CAPA History Review was performed for [Unable to print images from OEP-6, E405 flashed on the monitor] and no related CAPAs were found.  

The complaint was confirmed; the device has Unable to print images from OEP-6. The most probable cause of the complaint is D02 - Cause Traced to Component Failure. Expected or random component failure without any design or manufacturing issue.
No further escalation is required.",,INV-948472,"E2403 - No Clinical Signs, Symptoms or Conditions;F2601 - Problem identified before clinical use/exposure;",;B11 - Historical Data Analysis;B15 - Analysis of Information Provided by User/Third Party;B17 - Device Not Returned;,A09 - Output Problem;G02029 - Printer;A13 - Communication or Transmission Problem;G02014 - Display;,"A09 - Output Problem;G02029 - Printer;A13 - Communication or Transmission Problem;G02014 - Display;C0401 - Communications Problem Identified;D02 - Cause Traced to Component Failure;C0201 - Electrical/Electronic Component Problem Identified;E2403 - No Clinical Signs, Symptoms or Conditions;F2601 - Problem identified before clinical use/exposure;B11 - Historical Data Analysis;B15 - Analysis of Information Provided by User/Third Party;B17 - Device Not Returned;"
CN-989799,,Pathway 2,1,Fluid Mngt Cap Equip: K10001141 |  K10001141 (FLUSHING PUMP OFP-2 (US)),Shyam Yallamla,,No,No,,0,0,,,Health Professional; User Facility,,7/27/2026,,7/27/2026,,7/24/2026,0,English,United States,OCA-SAP-SFDC,OCA-SAP-SFDC,OCA-SAP-SFDC Ref 20260727-3353620,20260727-3353620,K10001141,K10001141,Americas,,Not Reportable,"27 JUL 2026 Ralph Zito TAC ? 
Biomed Jacob Martinez reports that the Pump Head Locking Lever came apart from the Pump Head Assembly Part K10011134 ?PUMP HEAD OFP-2? on OFP-2 | 30010952. 
*I used LM Documents OFP-2_InstructionManual and OFP-2_MaintenanceRepair_Manual as my references.
*I explained that the Pump Head Locking Lever is not designed to be detachable. Under the described condition, I do not recommend the unit be used clinically and that a replacement Part K10011134 be ordered and installed. 
*I offered to warm-transfer Biomed Jacob Martinez?s call to Olympus Customer Care for ordering, but he declined. 
*Completed case.

27JUL2026 Dima Bilal - TAC -
Jacob Martinez called and provided the case number. He inquired whether the unit was still under warranty and if the requested part could be replaced under the one-year warranty.

I advised the customer that the unit's warranty expired in June, therefore the part is not eligible for warranty replacement.

The customer did not require any further assistance.","27 JUL 2026 Ralph Zito TAC ? 
Biomed Jacob Martinez reports that the Pump Head Locking Lever came apart from the Pump Head Assembly Part K10011134 ?PUMP HEAD OFP-2? on OFP-2 | 30010952. 
*I used LM Documents OFP-2_InstructionManual and OFP-2_MaintenanceRepair_Manual as my references.
*I explained that the Pump Head Locking Lever is not designed to be detachable. Under the described condition, I do not recommend the unit be used clinically and that a replacement Part K10011134 be ordered and installed. 
*I offered to warm-transfer Biomed Jacob Martinez?s call to Olympus Customer Care for ordering, but he declined. 
*Completed case.

27JUL2026 Dima Bilal - TAC -
Jacob Martinez called and provided the case number. He inquired whether the unit was still under warranty and if the requested part could be replaced under the one-year warranty.

I advised the customer that the unit's warranty expired in June, therefore the part is not eligible for warranty replacement.

The customer did not require any further assistance.","An FSR was not provided to the customer., Software Version: null, Patch Number: null, Operating System: null, Firmware Version: null",Jacob,Martinez,,+1 (224)261-6880,,jacob.martinez@trimedx.com,Y,Biomedical Engineer,5835 S COTTAGE GROVE,,CHICAGO,,60637,,,IL,United States,,No,USA,THE UNIVERSITY OF CHICAGO MEDICAL,5835 S COTTAGE GROVE CHICAGO Illinois 60637 United States,Jacob,,+1 (224)261-6880,jacob.martinez@trimedx.com,Martinez,,,Biomedical Engineer,Y,Health Professional,,,NA,NA,NA,None,NA,Service / Maintenance (not in a clinical setting),"<a href=""/a0o68000003Z0Ep"" target=""_blank"">K10001141</a>",K10001141,Fluid Mngt Cap Equip,K10001141,K10001141,GBR,FLPU001,"KeyMed House, Stock Road, Southend on Sea, Essex, <a href=""/"" target=""_blank""> </a>",1.50198E+13,,,"<a href=""/a4668000000Aidy"" target=""_blank"">KeyMed (Medical and Industrial Equipment) Ltd.</a>",KeyMed (Medical and Industrial Equipment) Ltd.,KEYMED (MEDICAL AND INDUSTRIAL EQUIPMENT) LTD.,,,,,,,30010952,,0,30010952,0,Unknown,1,No,No,NI,Re-Use,OKM Flush. Pumps and consum.,No,,No,,,,,No,NA,No,No,0,,INQ-1131298,,,,,,"The product was not returned to Olympus for inspection; however, Technical Assistance Center (TAC) provided remote troubleshooting and confirmed that the Pump Head Locking Lever had separated from the Pump Head Assembly (K10011134). TAC advised that the Pump Head Locking Lever is not designed to be detachable, recommended that the unit not be used clinically, and instructed the customer to replace the Pump Head Assembly with a new part (K10011134).

Troubleshooting was not able to resolve the reported allegation.
This complaint is not associated with a packaging issue, an incorrect labeling issue, a breach of sterile barrier packaging issue or traced to prior repair activities. Therefore, DHR  review is not required. 
A labeling review was not conducted, and no anomalies were found, 
A risk review was performed, and no unanticipated failures or harms were identified,
A historical review of the last 12 months of complaints was performed and no trends were identified.  
A CAPA History Review was performed and no related CAPAs were found.  
Troubleshooting was not able to resolve the reported allegation. The most probable cause of the complaint is D15 - Cause not Established
The investigation findings do not lead to a clear conclusion about the cause of the reported adverse event.
No further escalation is required.",A0501 | G04082 | C19 | D15;,A0501 | G04082;,1,"The product was not returned to Olympus for inspection; however, Technical Assistance Center (TAC) provided remote troubleshooting and confirmed that the Pump Head Locking Lever had separated from the Pump Head Assembly (K10011134). TAC advised that the Pump Head Locking Lever is not designed to be detachable, recommended that the unit not be used clinically, and instructed the customer to replace the Pump Head Assembly with a new part (K10011134).

Troubleshooting was not able to resolve the reported allegation.

The investigation will be performed based on the available information.",Malayvanh Tan,San Jose,"No indication of potential user error or complaint against the IFU/label has been received. Therefore, labeling review for this complaint is not required.","This complaint is not associated with a packaging issue, an incorrect labeling issue, a breach of sterile barrier packaging issue or traced to prior repair activities. Therefore, DHR review is not required.","Risk review was not completed failure modes associated with PTI, as established in GWI-00045.

A risk review was performed for Pump Head Locking Lever came apart from the Pump Head Assembly based on historical data of the last 12 months [12-August-2025 To 11-August-2026] and no unanticipated risks, new failures, and/or new harms were identified.""","A complaint history review of the last 12 months of complaints  [12-August-2025 To 11-August-2026] was performed for Pump Head Locking Lever came apart from the Pump Head Assembly and no trends were identified.  

A CAPA History Review was performed for Pump Head Locking Lever came apart from the Pump Head Assembly   and no related CAPAs were found.","The investigation did not identify any nonconformances or issues related to this complaint that require further action; therefore, no escalation is necessary.","The product was not returned to Olympus for inspection; however, Technical Assistance Center (TAC) provided remote troubleshooting and confirmed that the Pump Head Locking Lever had separated from the Pump Head Assembly (K10011134). TAC advised that the Pump Head Locking Lever is not designed to be detachable, recommended that the unit not be used clinically, and instructed the customer to replace the Pump Head Assembly with a new part (K10011134).

Troubleshooting was not able to resolve the reported allegation.
This complaint is not associated with a packaging issue, an incorrect labeling issue, a breach of sterile barrier packaging issue or traced to prior repair activities. Therefore, DHR  review is not required. 
A labeling review was not conducted, and no anomalies were found, 
A risk review was performed, and no unanticipated failures or harms were identified,
A historical review of the last 12 months of complaints was performed and no trends were identified.  
A CAPA History Review was performed and no related CAPAs were found.  
Troubleshooting was not able to resolve the reported allegation. The most probable cause of the complaint is D15 - Cause not Established
The investigation findings do not lead to a clear conclusion about the cause of the reported adverse event.
No further escalation is required.",,INV-948754,"F27 - Problem identified during non-clinical procedure.;E2403 - No Clinical Signs, Symptoms or Conditions;",;D15 - Cause Not Established;B11 - Historical Data Analysis;B15 - Analysis of Information Provided by User/Third Party;B17 - Device Not Returned;,A0501 - Detachment of Device or Device Component;G04082 - Lever;,"A0501 - Detachment of Device or Device Component;G04082 - Lever;C19 - No Device Problem Found;D15 - Cause Not Established;F27 - Problem identified during non-clinical procedure.;E2403 - No Clinical Signs, Symptoms or Conditions;B11 - Historical Data Analysis;B15 - Analysis of Information Provided by User/Third Party;B17 - Device Not Returned;"
CN-989969,,Pathway 2,1,"GI Imaging Others: LMD-2451MT/3G4 |  U3233782 (LMD-2451MT/3G4 24"" FLT SCREEN SONY 2D/3D)",DeviPriya Mudige,,No,No,,0,0,,,Health Professional; User Facility,,7/27/2026,,7/27/2026,,7/27/2026,0,English,United States,OCA-SAP-SFDC,OCA-SAP-SFDC,OCA-SAP-SFDC Ref 20260727-3354100,20260727-3354100,LMD-2451MT/3G4,U3233782,Americas,,Not Reportable,"27JUL2026 TOM KRAMER TAC CORE: LMD-2451MT/3G4 resolution issue advised OCA OSS. OCA OSS advised image issue with robot image.  OCA OSS advised monitors resolution is set to 1920 X 1200.  Location is using DVI video signal from OEV-S300 to monitor.  OCA OSS wants to change the resolution on the monitor in an attempt to correct image for robot that is in use with cart while the case is underway.  OCA OSS advised a case was about to start and had to end the call.  Advised OCA OSS I would research and advise via email.  See attached email to OCA OSS with direction to select the F2 SCAN and F3 ASPECT function buttons as well as instruction on how to enter user control/resolution in the menu on monitor listed in the LMD-2451MT/3G4: Sony LCD Monitor listed on Endowise.

05AUG2026 ? Tom Kramer (TAC CORE) ? follow-up attempt made, closing case.","27JUL2026 TOM KRAMER TAC CORE: LMD-2451MT/3G4 resolution issue advised OCA OSS. OCA OSS advised image issue with robot image.  OCA OSS advised monitors resolution is set to 1920 X 1200.  Location is using DVI video signal from OEV-S300 to monitor.  OCA OSS wants to change the resolution on the monitor in an attempt to correct image for robot that is in use with cart while the case is underway.  OCA OSS advised a case was about to start and had to end the call.  Advised OCA OSS I would research and advise via email.  See attached email to OCA OSS with direction to select the F2 SCAN and F3 ASPECT function buttons as well as instruction on how to enter user control/resolution in the menu on monitor listed in the LMD-2451MT/3G4: Sony LCD Monitor listed on Endowise.

05AUG2026 ? Tom Kramer (TAC CORE) ? follow-up attempt made, closing case.","05AUG2026 ? Tom Kramer (TAC CORE) ? The Service Report provided to Customer box was checked to complete the case. A Service Report was not provided to the customer., Software Version: null, Patch Number: null, Operating System: null, Firmware Version: null",Autumn,Te,,909-644-0202,,autumn.te@olympus.com,Y,Other Healthcare Professional,25333 BARTON RD,,LOMA LINDA,,92354,3171,,CA,United States,,No,USA,LOMA LINDA UNIVERSITY MEDICAL CENTE,25333 BARTON RD LOMA LINDA California 92354-3171 United States,Autumn,,909-644-0202,autumn.te@olympus.com,Te,,,Other Healthcare Professional,Y,Health Professional,,,NA,NA,NA,None,NA,During set up / Inspection for use (during set up in room / before patient in room),"<a href=""/a0o68000003YxXq"" target=""_blank"">LMD-2451MT/3G4</a>",U3233782,GI Imaging Others,LMD-2451MT/3G4,LMD-2451MT/3G4,USA,No Reference,"ESSEX, NEWARK, <a href=""/a1S68000005mGDk"" target=""_blank"">New Jersey</a>, 07188, 0189",4.90552E+12,,,"<a href=""/a46aa00000027P0"" target=""_blank"">SONY MEDICAL</a>",SONY MEDICAL,SONY MEDICAL,,,,,,,,,1,,0,Unknown,1,No,No,No,Re-Use,Other,No,,No,,,,,No,NA,No,No,0,,INQ-1131780,,,,,,"This complaint has been notified to the Third-Party Manufacturer. Per the Quality Assurance Agreement, Olympus is not responsible for the Complaint Investigation. Third-Party Manufacturer [SONY MEDICAL] will conduct the complaint investigation.",A20 |  | C20 | D16;,A20 |;,1,Not applicable.,Mariangela Neri,San Jose,Not applicable.,Not applicable.,Not applicable.,Not applicable.,Not applicable.,"This complaint has been notified to the Third-Party Manufacturer. Per the Quality Assurance Agreement, Olympus is not responsible for the Complaint Investigation. Third-Party Manufacturer [SONY MEDICAL] will conduct the complaint investigation.",,INV-948916,"E2403 - No Clinical Signs, Symptoms or Conditions;F2601 - Problem identified before clinical use/exposure;",;D16 - Conclusion Not Yet Available;B16 - Device Not Manufactured by Reporting Manufacturer;,A20 - Installation-Related Problem;;,"A20 - Installation-Related Problem;;C20 - No Findings Available;D16 - Conclusion Not Yet Available;E2403 - No Clinical Signs, Symptoms or Conditions;F2601 - Problem identified before clinical use/exposure;B16 - Device Not Manufactured by Reporting Manufacturer;"
CN-989974,,Pathway 2,1,GI Imaging Others: IS40116 |  U00000014480 (ZeroWire G2 Pair Transm & Receiver),DeviPriya Mudige,,No,No,,0,0,,,Health Professional; User Facility,,7/27/2026,,7/27/2026,,7/24/2026,0,English,United States,OCA-SAP-SFDC,OCA-SAP-SFDC,OCA-SAP-SFDCRef20260727-3354121,20260727-3354121,IS40116,U00000014480,Americas,,Not Reportable,7/27/2026 ? Kevin Phan (TAC Hybrid) ? IS40116: Power Supply Connector Damaged: pending updated notes,"27 JUL 2026 ? Kevin Phan (TAC Hybrid) ? 
IS40116: Power Supply Connector Damaged: pending updated notes",,Juan,Delgado,,2147138099,,juan.delgado@kelsey-seybold.com,,,9110 KATY FWY,,HOUSTON,,77055,,,TX,United States,,No,USA,KS MANAGEMENT SERVICES LLC,9110 KATY FWY HOUSTON Texas 77055 United States,Juan,,2147138099,juan.delgado@kelsey-seybold.com,Delgado,,,Other Healthcare Professional,Y,Health Professional,,,NA,NA,NA,None,NA,During set up / Inspection for use (during set up in room / before patient in room),"<a href=""/a0o68000003Z2sN"" target=""_blank"">IS40116</a>",U00000014480,GI Imaging Others,IS40116,IS40116,USA,No Reference,"125 MIDDLESEX TURNPIKE, BEDFORD, <a href=""/a1S68000005mGDb"" target=""_blank"">Massachusetts</a>, 01730",8.18089E+11,,,"<a href=""/a46aa00000027No"" target=""_blank"">NDS SURGICAL IMAGING, LLC</a>",NDS SURGICAL IMAGING,"NDS SURGICAL IMAGING, LLC",,,,,,,,,1,,0,Unknown,1,No,No,No,Re-Use,Other,No,,No,,,,,No,NA,No,No,0,,INQ-1131793,,,,,,"This complaint has been notified to the Third-Party Manufacturer. Per the Quality Assurance Agreement, Olympus is not responsible for the Complaint Investigation. Third-Party Manufacturer [NDS SURGICAL IMAGING] will conduct the complaint investigation.",A26 |  | C20 | D16;,A26 |;,1,Not applicable.,DeviPriya Mudige,San Jose,Not applicable.,Not applicable.,Not applicable.,Not applicable.,Not applicable.,"This complaint has been notified to the Third-Party Manufacturer. Per the Quality Assurance Agreement, Olympus is not responsible for the Complaint Investigation. Third-Party Manufacturer [NDS SURGICAL IMAGING] will conduct the complaint investigation.",,INV-948920,"E2403 - No Clinical Signs, Symptoms or Conditions;F2601 - Problem identified before clinical use/exposure;",;D16 - Conclusion Not Yet Available;B16 - Device Not Manufactured by Reporting Manufacturer;,A26 - Insufficient Device Problem Information;;,"A26 - Insufficient Device Problem Information;;C20 - No Findings Available;D16 - Conclusion Not Yet Available;E2403 - No Clinical Signs, Symptoms or Conditions;F2601 - Problem identified before clinical use/exposure;B16 - Device Not Manufactured by Reporting Manufacturer;"
CN-989984,,Pathway 2,1,CDS: OER-ELITE |  N5789340 (ENDOSCOPE REPROCESSOR),Nisaar Syed,,No,No,,0,0,,,,,7/27/2026,,7/27/2026,,7/27/2026,0,English,United States,OCA-SAP-SFDC,OCA-SAP-SFDC,OCA-SAP-SFDCRef20260727-3354142,20260727-3354142,OER-ELITE,N5789340,Americas,,Not Reportable,"27 July 2026 Kimberly McShane(TAC)Sample port is empty on OER-ELITE. 
Technician Rene called to report the sample port on the OER-ELITE is empty. She ran the mix lcg. The port still has no fluid in it. She requests an FSE to be dispatched. Urgency is requested.
27 JUL 2026 Timothy Aupperle (FSE): FSE worked with customer over the phone and found that parts were needed to complete the case. FSE ordered parts.
28 JUL 2026 Timothy Aupperle (FSE): FSE repaired OER Elite by replacing the sample port on way valve.","27 July 2026 Kimberly McShane(TAC)Sample port is empty on OER-ELITE. 
Technician Rene called to report the sample port on the OER-ELITE is empty. She ran the mix lcg. The port still has no fluid in it. She requests an FSE to be dispatched. Urgency is requested.
27 JUL 2026 Timothy Aupperle (FSE): FSE worked with customer over the phone and found that parts were needed to complete the case. FSE ordered parts.
28 JUL 2026 Timothy Aupperle (FSE): FSE repaired OER Elite by replacing the sample port on way valve.","Attention: Rene McKinley
Address/Email/Phone verified via SF
Entitlement-Confirmed
Dispatch to FS

 27 JUL 2026 Melissa Tabala (FS) Dispatched FSE Timothy Aupperle, Software Version: 1.10, Patch Number: N/A, Operating System: N/A, Firmware Version: null",Rene,McKinley,,478-955-9169,,srmckinley11@icloud.com,Y,Other Healthcare Professional,610 3RD ST,,MACON,,31201,3293,,GA,United States,,No,USA,ENDOSCOPY CENTER OF MIDDLE GEORGIA,610 3RD ST MACON Georgia 31201-3293 United States,Rene,,478-955-9169,srmckinley11@icloud.com,McKinley,,,Other Healthcare Professional,Y,NA,,,NA,NA,NA,None,NA,Reprocessing,"<a href=""/a0o68000003Z2vs"" target=""_blank"">OER-ELITE</a>",N5789340,CDS,OER-ELITE,OER-ELITE,JPN,RPSR013,"3-1-1 Niiderakita, AIZUWAKAMATSU-SHI, Fukushima, <a href=""/"" target=""_blank""> </a>",4.95317E+12,,,"<a href=""/a4668000000AidX"" target=""_blank"">AIZU OLYMPUS CO., LTD.</a>",Aizu,Olympus Medical Systems Corp.,,,,,,,2302058,,0,2302058,0,Unknown,0,No,NA,No,Re-Use,Reprocessor,Yes,,No,,,,,No,NA,No,No,0,,INQ-1131810,,,,,,"The product was not returned to Olympus for inspection; however, a field service engineer (FSE) was dispatched to customer site and FSE repaired OER Elite by replacing the sample port on way valve.

No indication of potential user error or complaint against the IFU/label has been received. Therefore, labeling review for this complaint is not required.

This complaint is not associated with a packaging issue, an incorrect labeling issue, a breach of sterile barrier packaging issue or traced to prior repair activities. Therefore, [DHR] review is not required.


A risk review was performed, and no unanticipated failures or harms were identified.
A historical review of the last 12 months of complaints was performed and no trends were identified. 
A CAPA History Review was performed and no related CAPAs were found.

The complaint was confirmed; the device has replacing the sample port on way valve. The most probable cause of the complaint is D02 - Cause Traced to Component Failure Expected or random component failure without any design or manufacturing issue.

No further escalation is required.",A0405 | G04001 | C0601 | D02;,A0405 | G04001;,1,"The product was not returned to Olympus for inspection; however, a field service engineer (FSE) was dispatched to customer site and FSE repaired OER Elite by replacing the sample port on way valve.

The complaint was confirmed.

The investigation will be performed based on the available information.",Fabian Mancipe,San Jose,"No indication of potential user error or complaint against the IFU/label has been received. Therefore, labeling review for this complaint is not required.","This complaint is not associated with a packaging issue, an incorrect labeling issue, a breach of sterile barrier packaging issue or traced to prior repair activities. Therefore, [DHR] review is not required.","A risk review was performed for FSE repaired OER Elite by replacing the sample port on way valve based on historical data of the last 12 months 8/4/2025 to 8/3/2026 and no unanticipated risks, new failures, and/or new harms were identified.","A complaint history review of the last 12 months of complaints  8/4/2025 to 8/3/2026 was performed for FSE repaired OER Elite by replacing the sample port on way valve and no trends were identified. 

A CAPA History Review was performed for FSE repaired OER Elite by replacing the sample port on way valve and no related CAPAs were found.","The investigation did not identify any nonconformances or issues related to this complaint that require further action; therefore, no escalation is necessary.","The product was not returned to Olympus for inspection; however, a field service engineer (FSE) was dispatched to customer site and FSE repaired OER Elite by replacing the sample port on way valve.

No indication of potential user error or complaint against the IFU/label has been received. Therefore, labeling review for this complaint is not required.

This complaint is not associated with a packaging issue, an incorrect labeling issue, a breach of sterile barrier packaging issue or traced to prior repair activities. Therefore, [DHR] review is not required.


A risk review was performed, and no unanticipated failures or harms were identified.
A historical review of the last 12 months of complaints was performed and no trends were identified. 
A CAPA History Review was performed and no related CAPAs were found.

The complaint was confirmed; the device has replacing the sample port on way valve. The most probable cause of the complaint is D02 - Cause Traced to Component Failure Expected or random component failure without any design or manufacturing issue.

No further escalation is required.",,INV-948927,"E2403 - No Clinical Signs, Symptoms or Conditions;F27 - Problem identified during non-clinical procedure.;",;D02 - Cause Traced to Component Failure;B15 - Analysis of Information Provided by User/Third Party;B11 - Historical Data Analysis;B01 - Testing of Actual/Suspected Device;B17 - Device Not Returned;,A0405 - Degraded;G04001 - Access Port;,"A0405 - Degraded;G04001 - Access Port;C0601 - Degradation Problem Identified;D02 - Cause Traced to Component Failure;E2403 - No Clinical Signs, Symptoms or Conditions;F27 - Problem identified during non-clinical procedure.;B15 - Analysis of Information Provided by User/Third Party;B11 - Historical Data Analysis;B01 - Testing of Actual/Suspected Device;B17 - Device Not Returned;"
CN-990013,,Pathway 2,1,Ultrasonic Processor: EU-ME3 |  N6022040 (EVIS EUS ENDOSCOPIC ULTRASOUND CENTER),Gajalakshmi K,,No,No,,0,0,,,Health Professional; User Facility,,7/27/2026,,7/27/2026,Phone,7/27/2026,0,English,United States,OCA-SAP-SFDC,OCA-SAP-SFDC,OCA-SAP-SFDC Ref 20260727-3354192,20260727-3354192,EU-ME3,N6022040,Americas,,Not Reportable,"27 JUL 2026 Doug Whitaker (TAC):
Quinn Eggeberaaten (Biomed) contacted TAC regarding an EUME3 (S/N: 7612887).
When connecting a radial probe, only a faint circular image is displayed and no ultrasound image is generated. 
The issue is consistent and reproducible, not intermittent.
Troubleshooting performed:
Four different radial probes were tested with the same result.
No error messages were reported.
Quinn provided an image, attached, showing the circular display.
The EUME3 is newly purchased.
Based on troubleshooting, the MAJ-682 probe driving unit/cable (S/N: 1110833) was suspected, case 20260727-3354370 created. 
TAC contacted Repairs, who verified with Mary and Lisa that the MAJ-682 is no longer repairable.
No additional documentation regarding end-of-life status was identified.
Quinn does not have another MAJ-682 available for comparison testing. He inquired about alternative equipment configurations for procedures but was advised that TAC cannot provide procedural equipment recommendations. 
Quinn was instead directed to contact his Sales Representative to discuss replacement or upgrade options and determine the most appropriate solution for the facility's needs.
Based on further information after the call ending, a follow-up call was made to Quinn and a voicemail message was left.
The EUME3 IFU was reviewed; however, no information regarding the MAJ-682 probe driving unit was found. 
Only references to the MAJ-1720 were identified.
If Quinn calls back, please contact Doug Whitaker.","27 JUL 2026 Doug Whitaker (TAC):
Quinn Eggeberaaten (Biomed) contacted TAC regarding an EUME3 (S/N: 7612887).
When connecting a radial probe, only a faint circular image is displayed and no ultrasound image is generated. 
The issue is consistent and reproducible, not intermittent.
Troubleshooting performed:
Four different radial probes were tested with the same result.
No error messages were reported.
Quinn provided an image, attached, showing the circular display.
The EUME3 is newly purchased.
Based on troubleshooting, the MAJ-682 probe driving unit/cable (S/N: 1110833) was suspected, case 20260727-3354370 created. 
TAC contacted Repairs, who verified with Mary and Lisa that the MAJ-682 is no longer repairable.
No additional documentation regarding end-of-life status was identified.
Quinn does not have another MAJ-682 available for comparison testing. He inquired about alternative equipment configurations for procedures but was advised that TAC cannot provide procedural equipment recommendations. 
Quinn was instead directed to contact his Sales Representative to discuss replacement or upgrade options and determine the most appropriate solution for the facility's needs.
Based on further information after the call ending, a follow-up call was made to Quinn and a voicemail message was left.
The EUME3 IFU was reviewed; however, no information regarding the MAJ-682 probe driving unit was found. 
Only references to the MAJ-1720 were identified.
If Quinn calls back, please contact Doug Whitaker.","27 JUL 2026 Doug Whitaker (TAC):
326p
Quinn Eggebraatem
Biomed,
Phone: 7017399275
The ""Service Report provided to Customer"" box checked to close the case. No Field Service Report was sent to customer.

28-JUL-2026-DougWhitaker-TAC-808a-No follow up/update from Quinn.

29-JUL-2026-DougWhitaker-TAC-334p-No response/update from Quinn.

30-JUL-2026-DougWhitaker-TAC-900-No response/update from Quinn.

31-JUL-2026-DougWhitaker-TAC-No response/update from Quinn., Software Version: null, Patch Number: null, Operating System: null, Firmware Version: null",Quinn,Eggebraaten,,+1(701)780-1428,,qeggebraaten@altru.org,Y,Biomedical Engineer,1200 S COLUMBIA RD,,GRAND FORKS,,58201,4044,,ND,United States,,No,USA,ALTRU HEALTH SYSTEM,1200 S COLUMBIA RD GRAND FORKS North Dakota 58201-4044 United States,Quinn,,+1(701)780-1428,qeggebraaten@altru.org,Eggebraaten,,,Biomedical Engineer,Y,Health Professional,,,NA,NA,NA,None,NA,During set up / Inspection for use (during set up in room / before patient in room),"<a href=""/a0o68000003Z2G2"" target=""_blank"">EU-ME3</a>",N6022040,Ultrasonic Processor,EU-ME3,EU-ME3,JPN,CVCL063,"3-1 Okamiyama, Odakura,  Nishigo-Mura,, Nishishirakawa-Gun, Fukushima, <a href=""/"" target=""_blank""> </a>",4.95317E+12,,,"<a href=""/a4668000000AidZ"" target=""_blank"">SHIRAKAWA OLYMPUS CO., LTD.</a>",Shirakawa,Olympus Medical Systems Corp.,,,,,,,7612887,,0,7612887,0,Unknown,1,No,No,No,Re-Use,CV and CLV,No,,No,,,,,No,NA,No,No,0,,INQ-1131835,,,,,,"The product was not returned to Olympus for inspection; however, technical assistance center (TAC) provided remote troubleshooting and
they reported that 
EUME3 Serial number: 7612887
Radial probe connected @ multiple but just a circle is seen not the US image
@ 4 radial probes probes tried but to no success
No errors when requested
Requested image, attached, of the circle
Issue is not NOT intermittent but consistent

Troubleshooting [was not ] able to resolve the reported allegation.

The investigation will be performed based on the available information

This complaint is not associated with a packaging issue, an incorrect labeling issue, a breach of sterile barrier packaging issue or traced to prior repair activities. Therefore, DHR review is not required.

No indication of potential user error or complaint against the IFU/label has been received. Therefore, labeling review for this complaint is not required


Historical complaints for the Radial probe connected @ multiple but just a circle is seen not the US image have been previously reported and investigated. This indicates that no unanticipated risks, new failure modes, or additional harms have been identified

A complaint history review of the last 12 months of complaints 31 July 2025 to 30 July 2026 was performed for  Radial probe connected @ multiple but just a circle is seen not the US image
and no trends were identified.

A CAPA History Review was performed for  Radial probe connected @ multiple but just a circle is seen not the US image
and no related CAPAs were found.

The complaint [was confirmed], Radial probe connected @ multiple but just a circle is seen not the US image
The most probable cause of the complaint is D02 - Cause Traced to Component Failure. Expected or random component failure without any design or manufacturing issue

No further escalation is required.",A090206 | G04102 | C0201 | D02;,A090206 | G04102;,1,"The product was not returned to Olympus for inspection; however, technical assistance center (TAC) provided remote troubleshooting and
they reported that 
EUME3 Serial number: 7612887
Radial probe connected @ multiple but just a circle is seen not the US image
@ 4 radial probes probes tried but to no success
No errors when requested
Requested image, attached, of the circle
Issue is not NOT intermittent but consistent

Troubleshooting [was not ] able to resolve the reported allegation.

The investigation will be performed based on the available information",Gajalakshmi K,San Jose,"No indication of potential user error or complaint against the IFU/label has been received. Therefore, labeling review for this complaint is not required","This complaint is not associated with a packaging issue, an incorrect labeling issue, a breach of sterile barrier packaging issue or traced to prior repair activities. Therefore, DHR review is not required.","Historical complaints for the Radial probe connected @ multiple but just a circle is seen not the US image have been previously reported and investigated. This indicates that no unanticipated risks, new failure modes, or additional harms have been identified","A complaint history review of the last 12 months of complaints 31 July 2025 to 30 July 2026 was performed for  Radial probe connected @ multiple but just a circle is seen not the US image
and no trends were identified.

A CAPA History Review was performed for  Radial probe connected @ multiple but just a circle is seen not the US image
and no related CAPAs were found.","The investigation did not identify any nonconformances or issues related to this complaint that require further action; therefore, no escalation is necessary.","The product was not returned to Olympus for inspection; however, technical assistance center (TAC) provided remote troubleshooting and
they reported that 
EUME3 Serial number: 7612887
Radial probe connected @ multiple but just a circle is seen not the US image
@ 4 radial probes probes tried but to no success
No errors when requested
Requested image, attached, of the circle
Issue is not NOT intermittent but consistent

Troubleshooting [was not ] able to resolve the reported allegation.

The investigation will be performed based on the available information

This complaint is not associated with a packaging issue, an incorrect labeling issue, a breach of sterile barrier packaging issue or traced to prior repair activities. Therefore, DHR review is not required.

No indication of potential user error or complaint against the IFU/label has been received. Therefore, labeling review for this complaint is not required


Historical complaints for the Radial probe connected @ multiple but just a circle is seen not the US image have been previously reported and investigated. This indicates that no unanticipated risks, new failure modes, or additional harms have been identified

A complaint history review of the last 12 months of complaints 31 July 2025 to 30 July 2026 was performed for  Radial probe connected @ multiple but just a circle is seen not the US image
and no trends were identified.

A CAPA History Review was performed for  Radial probe connected @ multiple but just a circle is seen not the US image
and no related CAPAs were found.

The complaint [was confirmed], Radial probe connected @ multiple but just a circle is seen not the US image
The most probable cause of the complaint is D02 - Cause Traced to Component Failure. Expected or random component failure without any design or manufacturing issue

No further escalation is required.",,INV-948953,"F2601 - Problem identified before clinical use/exposure;E2403 - No Clinical Signs, Symptoms or Conditions;",;D02 - Cause Traced to Component Failure;B11 - Historical Data Analysis;B15 - Analysis of Information Provided by User/Third Party;B17 - Device Not Returned;,A090206 - No Display/Image;G04102 - Probe;,"A090206 - No Display/Image;G04102 - Probe;C0201 - Electrical/Electronic Component Problem Identified;D02 - Cause Traced to Component Failure;F2601 - Problem identified before clinical use/exposure;E2403 - No Clinical Signs, Symptoms or Conditions;B11 - Historical Data Analysis;B15 - Analysis of Information Provided by User/Third Party;B17 - Device Not Returned;"
CN-990214,,Pathway 2,1,CDS: OER-Pro |  N3058140 (ENDOSCOPE REPROCESSOR),DeviPriya Mudige,,No,No,,0,0,,,Health Professional; User Facility,,7/27/2026,,7/28/2026,,7/27/2026,0,English,United States,OCA-SAP-SFDC,OCA-SAP-SFDC,OCA-SAP-SFDCRef20260728-3354633,20260728-3354633,OER-PRO,N3058140,Americas,,Not Reportable,"27 JUL 2026 glenn synoga (FSE): Customer Zahra Ilahi reported the OEr-pro will not complete a cycle and reports error e16.

27 JUL 2026 glenn synoga (FSE): Completed test cycle successfully with no errors.  Performed repair per OER-Pro Technical Guide. Equipment passed the electrical safety test with results attached. Replaced dc pump and disinfectant pickup tube.","27 JUL 2026 glenn synoga (FSE): Customer Zahra Ilahi reported the OEr-pro will not complete a cycle and reports error e16.

27 JUL 2026 glenn synoga (FSE): Completed test cycle successfully with no errors.  Performed repair per OER-Pro Technical Guide. Equipment passed the electrical safety test with results attached. Replaced dc pump and disinfectant pickup tube.","Updated Software Version: 3.06, Patch Number: N/A, Operating System: N/A",Zahra,Ilahi,,(847) 471-4655,,zahrailahi90@gmail.com,Y,Administrator/Supervisor,22285 N PEPPER RD,,BARRINGTON,,60010,2541,,IL,United States,,No,USA,SHAHID BUKSH ILAHI MD,22285 N PEPPER RD BARRINGTON Illinois 60010-2541 United States,Zahra,,(847) 471-4655,zahrailahi90@gmail.com,Ilahi,,,Administrator/Supervisor,Y,Health Professional,,,NA,NA,NA,None,,Reprocessing,"<a href=""/a0o68000003YzcG"" target=""_blank"">OER-Pro</a>",N3058140,CDS,OER-Pro,OER-Pro,JPN,RPSR011,"3-1-1 Niiderakita, AIZUWAKAMATSU-SHI, Fukushima, <a href=""/"" target=""_blank""> </a>",4.95317E+12,,,"<a href=""/a4668000000AidX"" target=""_blank"">AIZU OLYMPUS CO., LTD.</a>",Aizu,Olympus Medical Systems Corp.,,,,,,,2532391,,0,2532391,0,Unknown,1,No,No,No,Re-Use,Reprocessor,No,,No,,,,,No,NA,No,No,0,,INQ-1132136,,,,,,"The product was not returned to Olympus for inspection; however, a field service engineer (FSE) was dispatched to customer site and the OEr-pro will not complete a cycle and reports error e16. Completed test cycle successfully with no errors.
The complaint was not confirmed.

The investigation will be performed based on the available information.

A Device History Review was not completed, and no issues were identified
A labeling review was not conducted, and no anomalies were found.
A risk review was performed, and no unanticipated failures or harms were identified
A historical review of the last 12 months of complaints was performed and no trends were identified.
A CAPA History Review was performed and no related CAPAs were found.
The complaint was not confirmed; The most probable cause of the complaint is D14 - No Problem Detected,Either it was not confirmed that there was a problem with the device, or it was confirmed that there was no problem with the device.

No further escalation is required.",A13 | G04002 | C19 | D14;A050703 | G04002 | C19 | D14;A0405 | G04134 | C0601 | D02;,A13 |;A050703 |;,1,"The product was not returned to Olympus for inspection; however, a field service engineer (FSE) was dispatched to customer site and the OEr-pro will not complete a cycle and reports error e16. Completed test cycle successfully with no errors.
The complaint was not confirmed.

The investigation will be performed based on the available information.",Nicole Rojas,San Jose,"No indication of potential user error or complaint against the IFU/label has been received. Therefore, labeling review for this complaint is not required.","This complaint is not associated with a packaging issue, an incorrect labeling issue, a breach of sterile barrier packaging issue or traced to prior repair activities. Therefore, DHR review is not required.","A risk review was performed for OEr-pro will not complete a cycle and reports error e16 based on historical data of the last 12 months 7/31/2025 to 7/30/2026 and no unanticipated risks, new failures, and/or new harms were identified.","A complaint history review of the last 12 months of complaints 7/31/2025 to 7/30/2026 was performed for OEr-pro will not complete a cycle and reports error e16and no trends were identified. 

A CAPA History Review was performed for OEr-pro will not complete a cycle and reports error e16 and no related CAPAs were found.","The investigation did not identify any nonconformances or issues related to this complaint that require further action; therefore, no escalation is necessary.","The product was not returned to Olympus for inspection; however, a field service engineer (FSE) was dispatched to customer site and the OEr-pro will not complete a cycle and reports error e16. Completed test cycle successfully with no errors.
The complaint was not confirmed.

The investigation will be performed based on the available information.

A Device History Review was not completed, and no issues were identified
A labeling review was not conducted, and no anomalies were found.
A risk review was performed, and no unanticipated failures or harms were identified
A historical review of the last 12 months of complaints was performed and no trends were identified.
A CAPA History Review was performed and no related CAPAs were found.
The complaint was not confirmed; The most probable cause of the complaint is D14 - No Problem Detected,Either it was not confirmed that there was a problem with the device, or it was confirmed that there was no problem with the device.

No further escalation is required.",,INV-949168,"E2403 - No Clinical Signs, Symptoms or Conditions;F27 - Problem identified during non-clinical procedure.;",;D02 - Cause Traced to Component Failure;B01 - Testing of Actual/Suspected Device;B11 - Historical Data Analysis;B17 - Device Not Returned;,A13 - Communication or Transmission Problem;A050703 - Failure to Cycle;G04002 - Actuator;A0405 - Degraded;G04134 - Tube;,"A13 - Communication or Transmission Problem;A050703 - Failure to Cycle;G04002 - Actuator;C19 - No Device Problem Found;D14 - No Problem Detected;A0405 - Degraded;G04134 - Tube;C0601 - Degradation Problem Identified;D02 - Cause Traced to Component Failure;E2403 - No Clinical Signs, Symptoms or Conditions;F27 - Problem identified during non-clinical procedure.;B01 - Testing of Actual/Suspected Device;B11 - Historical Data Analysis;B17 - Device Not Returned;"
